#options: 1920x1080 fps=30/1 timebase=1/30 bitdepth=10 cabac=1 ref=1 deblock=1:0:0 analyse=0x1:0 me=dia subme=2 psy=1 psy_rd=1.00:0.00 mixed_ref=0 me_range=16 chroma_me=1 trellis=0 8x8dct=0 cqm=0 deadzone=21,11 fast_pskip=1 chroma_qp_offset=0 threads=24 lookahead_threads=8 sliced_threads=0 nr=0 decimate=1 interlaced=0 bluray_compat=0 constrained_intra=0 bframes=3 b_pyramid=2 b_adapt=1 b_bias=0 direct=1 weightb=1 open_gop=0 weightp=2 keyint=250 keyint_min=25 scenecut=40 intra_refresh=0 rc_lookahead=40 rc=abr mbtree=1 bitrate=900 ratetol=1.0 qcomp=0.60 qpmin=0 qpmax=81 qpstep=4 ip_ratio=1.40 aq=1:1.00
in:0 out:0 type:I dur:2 cpbdur:2 q:52.42 aq:42.70 tex:123290 mv:54898 misc:6268 imb:8160 pmb:0 smb:0 d:- ref:;
in:4 out:1 type:P dur:2 cpbdur:2 q:53.21 aq:46.01 tex:15248 mv:13332 misc:3260 imb:531 pmb:862 smb:6767 d:- ref:0 ;
in:2 out:2 type:B dur:2 cpbdur:2 q:53.21 aq:49.28 tex:1775 mv:7418 misc:2375 imb:46 pmb:715 smb:7399 d:- ref:0 ;
in:1 out:3 type:b dur:2 cpbdur:2 q:53.21 aq:52.20 tex:433 mv:4049 misc:1622 imb:8 pmb:406 smb:7746 d:- ref:0 ;
in:3 out:4 type:b dur:2 cpbdur:2 q:53.21 aq:55.59 tex:582 mv:5012 misc:1814 imb:10 pmb:519 smb:7631 d:- ref:0 ;
in:5 out:5 type:P dur:2 cpbdur:2 q:53.15 aq:46.18 tex:12201 mv:12239 misc:3488 imb:372 pmb:1009 smb:6779 d:- ref:0 ;
in:7 out:6 type:P dur:2 cpbdur:2 q:53.25 aq:44.73 tex:10257 mv:13349 misc:4170 imb:541 pmb:902 smb:6717 d:- ref:0 ;
in:6 out:7 type:b dur:2 cpbdur:2 q:53.20 aq:50.06 tex:1153 mv:5646 misc:1977 imb:28 pmb:523 smb:7609 d:- ref:0 ;
in:10 out:8 type:P dur:2 cpbdur:2 q:53.35 aq:45.20 tex:13403 mv:15026 misc:4403 imb:1134 pmb:899 smb:6127 d:- ref:0 ;
in:8 out:9 type:B dur:2 cpbdur:2 q:53.28 aq:48.61 tex:1317 mv:6552 misc:2435 imb:75 pmb:622 smb:7463 d:- ref:0 ;
in:9 out:10 type:b dur:2 cpbdur:2 q:53.31 aq:49.40 tex:1227 mv:5348 misc:2097 imb:51 pmb:533 smb:7576 d:- ref:0 ;
in:13 out:11 type:P dur:2 cpbdur:2 q:53.54 aq:45.87 tex:35862 mv:16193 misc:4385 imb:798 pmb:1197 smb:6165 d:- ref:0 ;
in:11 out:12 type:B dur:2 cpbdur:2 q:53.41 aq:45.59 tex:1171 mv:6271 misc:2430 imb:54 pmb:604 smb:7502 d:- ref:0 ;
in:12 out:13 type:b dur:2 cpbdur:2 q:53.47 aq:50.27 tex:734 mv:4700 misc:1838 imb:25 pmb:463 smb:7672 d:- ref:0 ;
in:16 out:14 type:P dur:2 cpbdur:2 q:53.83 aq:45.71 tex:10389 mv:12019 misc:4408 imb:554 pmb:844 smb:6762 d:- ref:0 ;
in:14 out:15 type:B dur:2 cpbdur:2 q:53.63 aq:48.46 tex:1104 mv:5666 misc:2262 imb:33 pmb:598 smb:7529 d:- ref:0 ;
in:15 out:16 type:b dur:2 cpbdur:2 q:53.73 aq:52.76 tex:12309 mv:5232 misc:2123 imb:274 pmb:371 smb:7515 d:- ref:0 ;
in:18 out:17 type:P dur:2 cpbdur:2 q:53.90 aq:46.53 tex:11419 mv:12677 misc:4168 imb:710 pmb:831 smb:6619 d:- ref:0 ;
in:17 out:18 type:b dur:2 cpbdur:2 q:53.86 aq:52.93 tex:7954 mv:6398 misc:2160 imb:142 pmb:547 smb:7471 d:- ref:0 ;
in:19 out:19 type:P dur:2 cpbdur:2 q:53.95 aq:46.75 tex:9370 mv:12633 misc:4429 imb:688 pmb:817 smb:6655 d:- ref:0 ;
in:20 out:20 type:P dur:2 cpbdur:2 q:54.00 aq:46.51 tex:9635 mv:13367 misc:4694 imb:669 pmb:895 smb:6596 d:- ref:0 ;
in:22 out:21 type:P dur:2 cpbdur:2 q:54.06 aq:46.11 tex:9061 mv:12392 misc:4451 imb:672 pmb:819 smb:6669 d:- ref:0 ;
in:21 out:22 type:b dur:2 cpbdur:2 q:54.03 aq:46.56 tex:1649 mv:6734 misc:2481 imb:109 pmb:575 smb:7476 d:- ref:0 ;
in:25 out:23 type:P dur:2 cpbdur:2 q:54.11 aq:47.03 tex:68949 mv:22428 misc:4887 imb:3133 pmb:613 smb:4414 d:- ref:0 ;
in:23 out:24 type:B dur:2 cpbdur:2 q:54.08 aq:48.88 tex:4194 mv:12017 misc:3597 imb:283 pmb:874 smb:7003 d:- ref:0 ;
in:24 out:25 type:b dur:2 cpbdur:2 q:54.10 aq:49.60 tex:2424 mv:10338 misc:2982 imb:163 pmb:821 smb:7176 d:- ref:0 ;
in:27 out:26 type:P dur:2 cpbdur:2 q:60.84 aq:55.13 tex:15713 mv:9517 misc:2842 imb:1412 pmb:231 smb:6517 d:- ref:0 ;
in:26 out:27 type:b dur:2 cpbdur:2 q:57.48 aq:52.85 tex:1933 mv:8610 misc:2785 imb:155 pmb:692 smb:7313 d:- ref:0 ;
in:28 out:28 type:P dur:2 cpbdur:2 q:57.67 aq:52.06 tex:12329 mv:10960 misc:4303 imb:1090 pmb:529 smb:6541 d:- ref:0 ;
in:29 out:29 type:P dur:2 cpbdur:2 q:57.11 aq:50.57 tex:16031 mv:12454 misc:5195 imb:1501 pmb:511 smb:6148 d:- ref:0 ;
in:33 out:30 type:P dur:2 cpbdur:2 q:56.62 aq:48.80 tex:31638 mv:21799 misc:3723 imb:5201 pmb:234 smb:2725 d:- ref:0 ;
in:31 out:31 type:B dur:2 cpbdur:2 q:56.87 aq:51.66 tex:11670 mv:16538 misc:4720 imb:794 pmb:1012 smb:6354 d:- ref:0 ;
in:30 out:32 type:b dur:2 cpbdur:2 q:56.99 aq:52.56 tex:6959 mv:11923 misc:3606 imb:500 pmb:872 smb:6788 d:- ref:0 ;
in:32 out:33 type:b dur:2 cpbdur:2 q:56.74 aq:54.44 tex:2605 mv:6708 misc:2823 imb:181 pmb:615 smb:7364 d:- ref:0 ;
in:35 out:34 type:P dur:2 cpbdur:2 q:53.85 aq:47.00 tex:19495 mv:16591 misc:5570 imb:2281 pmb:546 smb:5333 d:- ref:0 ;
in:34 out:35 type:b dur:2 cpbdur:2 q:55.24 aq:51.12 tex:2504 mv:6108 misc:2748 imb:166 pmb:577 smb:7417 d:- ref:0 ;
in:37 out:36 type:P dur:2 cpbdur:2 q:53.62 aq:45.34 tex:20379 mv:19106 misc:5843 imb:2498 pmb:658 smb:5004 d:- ref:0 ;
in:36 out:37 type:b dur:2 cpbdur:2 q:53.73 aq:47.50 tex:5699 mv:11851 misc:3746 imb:464 pmb:780 smb:6916 d:- ref:0 ;
in:39 out:38 type:P dur:2 cpbdur:2 q:52.78 aq:45.32 tex:23600 mv:21887 misc:6065 imb:2943 pmb:729 smb:4488 d:- ref:0 ;
in:38 out:39 type:b dur:2 cpbdur:2 q:53.20 aq:49.09 tex:3226 mv:10227 misc:3387 imb:301 pmb:740 smb:7119 d:- ref:0 ;
in:43 out:40 type:P dur:2 cpbdur:2 q:52.10 aq:43.50 tex:38601 mv:30792 misc:3647 imb:5968 pmb:657 smb:1535 d:- ref:0 ;
in:41 out:41 type:B dur:2 cpbdur:2 q:52.44 aq:43.96 tex:7592 mv:16269 misc:4763 imb:640 pmb:959 smb:6561 d:- ref:0 ;
in:40 out:42 type:b dur:2 cpbdur:2 q:52.61 aq:46.33 tex:2735 mv:9275 misc:3350 imb:245 pmb:722 smb:7193 d:- ref:0 ;
in:42 out:43 type:b dur:2 cpbdur:2 q:52.27 aq:47.21 tex:2639 mv:9354 misc:3239 imb:189 pmb:790 smb:7181 d:- ref:0 ;
in:45 out:44 type:P dur:2 cpbdur:2 q:51.64 aq:42.21 tex:24310 mv:24016 misc:6122 imb:2674 pmb:933 smb:4553 d:- ref:0 ;
in:44 out:45 type:b dur:2 cpbdur:2 q:51.87 aq:48.31 tex:3267 mv:9324 misc:3025 imb:234 pmb:742 smb:7184 d:- ref:0 ;
in:48 out:46 type:P dur:2 cpbdur:2 q:51.23 aq:42.78 tex:36954 mv:25886 misc:4352 imb:4791 pmb:540 smb:2829 d:- ref:0 ;
in:46 out:47 type:B dur:2 cpbdur:2 q:51.50 aq:44.76 tex:6642 mv:13183 misc:4191 imb:357 pmb:1005 smb:6798 d:- ref:0 ;
in:47 out:48 type:b dur:2 cpbdur:2 q:51.37 aq:45.64 tex:6094 mv:11024 misc:3386 imb:295 pmb:841 smb:7024 d:- ref:0 ;
in:49 out:49 type:I dur:2 cpbdur:2 q:50.68 aq:41.11 tex:56340 mv:32666 misc:674 imb:8160 pmb:0 smb:0 d:- ref:;
in:53 out:50 type:P dur:2 cpbdur:2 q:52.52 aq:43.58 tex:53578 mv:25999 misc:2623 imb:5889 pmb:409 smb:1862 d:- ref:0 ;
in:51 out:51 type:B dur:2 cpbdur:2 q:52.52 aq:46.12 tex:10142 mv:16832 misc:4626 imb:765 pmb:944 smb:6451 d:- ref:0 ;
in:50 out:52 type:b dur:2 cpbdur:2 q:52.52 aq:45.28 tex:2830 mv:8104 misc:2938 imb:247 pmb:654 smb:7259 d:- ref:0 ;
in:52 out:53 type:b dur:2 cpbdur:2 q:52.52 aq:46.34 tex:3290 mv:8763 misc:3219 imb:195 pmb:776 smb:7189 d:- ref:0 ;
in:55 out:54 type:P dur:2 cpbdur:2 q:53.38 aq:46.52 tex:27375 mv:17893 misc:4900 imb:2405 pmb:678 smb:5077 d:- ref:0 ;
in:54 out:55 type:b dur:2 cpbdur:2 q:52.95 aq:46.69 tex:2226 mv:7833 misc:3037 imb:179 pmb:629 smb:7352 d:- ref:0 ;
in:56 out:56 type:P dur:2 cpbdur:2 q:53.80 aq:46.32 tex:11598 mv:12744 misc:4594 imb:979 pmb:726 smb:6455 d:- ref:0 ;
in:57 out:57 type:P dur:2 cpbdur:2 q:53.81 aq:45.53 tex:19269 mv:16530 misc:5481 imb:1470 pmb:953 smb:5737 d:- ref:0 ;
in:58 out:58 type:P dur:2 cpbdur:2 q:54.08 aq:47.15 tex:10672 mv:13248 misc:5104 imb:1121 pmb:767 smb:6272 d:- ref:0 ;
in:59 out:59 type:P dur:2 cpbdur:2 q:54.02 aq:47.21 tex:15903 mv:15509 misc:5396 imb:1411 pmb:881 smb:5868 d:- ref:0 ;
in:60 out:60 type:P dur:2 cpbdur:2 q:54.25 aq:48.40 tex:23032 mv:16453 misc:4851 imb:1844 pmb:835 smb:5481 d:- ref:0 ;
in:61 out:61 type:P dur:2 cpbdur:2 q:54.28 aq:48.17 tex:40892 mv:18046 misc:4550 imb:2266 pmb:804 smb:5090 d:- ref:0 ;
in:62 out:62 type:P dur:2 cpbdur:2 q:54.55 aq:48.87 tex:37854 mv:19089 misc:4169 imb:2442 pmb:855 smb:4863 d:- ref:0 ;
in:63 out:63 type:P dur:2 cpbdur:2 q:54.54 aq:48.05 tex:40093 mv:21120 misc:4395 imb:2721 pmb:926 smb:4513 d:- ref:0 ;
in:64 out:64 type:P dur:2 cpbdur:2 q:54.93 aq:50.00 tex:31104 mv:20416 misc:4232 imb:2748 pmb:925 smb:4487 d:- ref:0 ;
in:65 out:65 type:P dur:2 cpbdur:2 q:55.00 aq:49.86 tex:35459 mv:22300 misc:4193 imb:3069 pmb:991 smb:4100 d:- ref:0 ;
in:66 out:66 type:P dur:2 cpbdur:2 q:54.94 aq:49.16 tex:42073 mv:24605 misc:4234 imb:3591 pmb:1026 smb:3543 d:- ref:0 ;
in:67 out:67 type:P dur:2 cpbdur:2 q:54.91 aq:48.90 tex:35996 mv:25061 misc:4391 imb:3361 pmb:1220 smb:3579 d:- ref:0 ;
in:69 out:68 type:P dur:2 cpbdur:2 q:55.13 aq:48.06 tex:45959 mv:28762 misc:4343 imb:4309 pmb:1068 smb:2783 d:- ref:0 ;
in:68 out:69 type:b dur:2 cpbdur:2 q:55.02 aq:52.99 tex:10646 mv:20372 misc:4838 imb:964 pmb:1231 smb:5965 d:- ref:0 ;
in:71 out:70 type:P dur:2 cpbdur:2 q:55.29 aq:47.60 tex:45323 mv:28062 misc:4239 imb:3738 pmb:1095 smb:3327 d:- ref:0 ;
in:70 out:71 type:b dur:2 cpbdur:2 q:55.21 aq:52.79 tex:8110 mv:18346 misc:4776 imb:570 pmb:1315 smb:6275 d:- ref:0 ;
in:72 out:72 type:P dur:2 cpbdur:2 q:55.24 aq:48.20 tex:32260 mv:21196 misc:4680 imb:1975 pmb:1257 smb:4928 d:- ref:0 ;
in:74 out:73 type:P dur:2 cpbdur:2 q:55.49 aq:48.40 tex:49501 mv:27247 misc:5500 imb:2787 pmb:1370 smb:4003 d:- ref:0 ;
in:73 out:74 type:b dur:2 cpbdur:2 q:55.36 aq:49.78 tex:5927 mv:13242 misc:4639 imb:266 pmb:1168 smb:6726 d:- ref:0 ;
in:75 out:75 type:P dur:2 cpbdur:2 q:55.81 aq:49.02 tex:31401 mv:19963 misc:5740 imb:1764 pmb:1207 smb:5189 d:- ref:0 ;
in:76 out:76 type:P dur:2 cpbdur:2 q:55.82 aq:49.30 tex:31189 mv:20133 misc:5830 imb:1705 pmb:1216 smb:5239 d:- ref:0 ;
in:78 out:77 type:P dur:2 cpbdur:2 q:55.79 aq:48.36 tex:43484 mv:31082 misc:5762 imb:3270 pmb:1556 smb:3334 d:- ref:0 ;
in:77 out:78 type:b dur:2 cpbdur:2 q:55.81 aq:53.64 tex:5027 mv:12522 misc:4467 imb:237 pmb:1159 smb:6764 d:- ref:0 ;
in:79 out:79 type:P dur:2 cpbdur:2 q:55.82 aq:48.92 tex:17334 mv:18068 misc:5846 imb:937 pmb:1489 smb:5734 d:- ref:0 ;
in:80 out:80 type:P dur:2 cpbdur:2 q:55.78 aq:49.42 tex:26383 mv:20741 misc:5572 imb:1072 pmb:1728 smb:5360 d:- ref:0 ;
in:81 out:81 type:P dur:2 cpbdur:2 q:55.82 aq:48.66 tex:21207 mv:20230 misc:6011 imb:994 pmb:1696 smb:5470 d:- ref:0 ;
in:82 out:82 type:P dur:2 cpbdur:2 q:55.79 aq:51.02 tex:17544 mv:16572 misc:5484 imb:693 pmb:1568 smb:5899 d:- ref:0 ;
in:83 out:83 type:P dur:2 cpbdur:2 q:55.79 aq:48.78 tex:12777 mv:14984 misc:5847 imb:654 pmb:1354 smb:6152 d:- ref:0 ;
in:84 out:84 type:P dur:2 cpbdur:2 q:55.85 aq:49.23 tex:19482 mv:16037 misc:5737 imb:690 pmb:1592 smb:5878 d:- ref:0 ;
in:85 out:85 type:P dur:2 cpbdur:2 q:56.05 aq:51.00 tex:16789 mv:15329 misc:5354 imb:804 pmb:1311 smb:6045 d:- ref:0 ;
in:86 out:86 type:P dur:2 cpbdur:2 q:56.26 aq:49.71 tex:18378 mv:15469 misc:5649 imb:870 pmb:1309 smb:5981 d:- ref:0 w:0,1,-1,7,125,3,125,3 ;
in:87 out:87 type:P dur:2 cpbdur:2 q:56.51 aq:47.85 tex:12219 mv:13216 misc:5309 imb:743 pmb:1032 smb:6385 d:- ref:0 ;
in:88 out:88 type:P dur:2 cpbdur:2 q:56.68 aq:51.50 tex:7260 mv:10884 misc:4720 imb:492 pmb:936 smb:6732 d:- ref:0 ;
in:89 out:89 type:P dur:2 cpbdur:2 q:56.85 aq:50.89 tex:13643 mv:12872 misc:4981 imb:559 pmb:1118 smb:6483 d:- ref:0 ;
in:90 out:90 type:P dur:2 cpbdur:2 q:57.10 aq:50.92 tex:12848 mv:11931 misc:4957 imb:481 pmb:1125 smb:6554 d:- ref:0 ;
in:91 out:91 type:P dur:2 cpbdur:2 q:57.33 aq:52.97 tex:24505 mv:14840 misc:4791 imb:781 pmb:1415 smb:5964 d:- ref:0 ;
in:92 out:92 type:P dur:2 cpbdur:2 q:57.64 aq:49.74 tex:34719 mv:19308 misc:4773 imb:1719 pmb:1102 smb:5339 d:- ref:0 ;
in:93 out:93 type:P dur:2 cpbdur:2 q:57.72 aq:51.56 tex:41565 mv:22702 misc:4789 imb:1191 pmb:1680 smb:5289 d:- ref:0 ;
in:96 out:94 type:P dur:2 cpbdur:2 q:58.03 aq:51.96 tex:34402 mv:23502 misc:4928 imb:1166 pmb:1929 smb:5065 d:- ref:0 ;
in:94 out:95 type:B dur:2 cpbdur:2 q:57.83 aq:56.28 tex:3130 mv:9311 misc:3991 imb:152 pmb:1017 smb:6991 d:- ref:0 ;
in:95 out:96 type:b dur:2 cpbdur:2 q:57.93 aq:57.32 tex:1887 mv:7337 misc:3568 imb:97 pmb:899 smb:7164 d:- ref:0 ;
in:98 out:97 type:P dur:2 cpbdur:2 q:58.41 aq:55.18 tex:10539 mv:13071 misc:4974 imb:538 pmb:1212 smb:6410 d:- ref:0 w:0,1,-1,5,31,4,32,0 ;
in:97 out:98 type:b dur:2 cpbdur:2 q:58.22 aq:55.43 tex:1764 mv:7832 misc:3628 imb:159 pmb:838 smb:7163 d:- ref:0 ;
in:99 out:99 type:P dur:2 cpbdur:2 q:58.45 aq:54.17 tex:9321 mv:9460 misc:4315 imb:460 pmb:902 smb:6798 d:- ref:0 ;
in:100 out:100 type:P dur:2 cpbdur:2 q:58.57 aq:53.59 tex:9896 mv:9893 misc:4099 imb:514 pmb:756 smb:6890 d:- ref:0 ;
in:102 out:101 type:P dur:2 cpbdur:2 q:58.77 aq:53.46 tex:13169 mv:11776 misc:4415 imb:603 pmb:948 smb:6609 d:- ref:0 ;
in:101 out:102 type:b dur:2 cpbdur:2 q:58.67 aq:56.58 tex:1468 mv:4958 misc:2878 imb:65 pmb:597 smb:7498 d:- ref:0 ;
in:103 out:103 type:P dur:2 cpbdur:2 q:58.77 aq:53.31 tex:6700 mv:6310 misc:3454 imb:340 pmb:544 smb:7276 d:- ref:0 ;
in:104 out:104 type:P dur:2 cpbdur:2 q:58.85 aq:52.59 tex:12629 mv:10561 misc:4234 imb:492 pmb:962 smb:6706 d:- ref:0 ;
in:105 out:105 type:P dur:2 cpbdur:2 q:58.94 aq:53.39 tex:11520 mv:10651 misc:4181 imb:496 pmb:876 smb:6788 d:- ref:0 w:0,1,-1,7,125,3,124,4 ;
in:106 out:106 type:P dur:2 cpbdur:2 q:58.98 aq:53.70 tex:13609 mv:12268 misc:4163 imb:596 pmb:1056 smb:6508 d:- ref:0 ;
in:108 out:107 type:P dur:2 cpbdur:2 q:58.99 aq:51.87 tex:13301 mv:11785 misc:4114 imb:633 pmb:853 smb:6674 d:- ref:0 ;
in:107 out:108 type:b dur:2 cpbdur:2 q:58.98 aq:57.81 tex:1053 mv:3987 misc:2400 imb:46 pmb:535 smb:7579 d:- ref:0 ;
in:111 out:109 type:P dur:2 cpbdur:2 q:58.96 aq:51.68 tex:72565 mv:24299 misc:3848 imb:1978 pmb:1342 smb:4840 d:- ref:0 ;
in:109 out:110 type:B dur:2 cpbdur:2 q:58.98 aq:56.26 tex:2137 mv:6962 misc:3109 imb:173 pmb:663 smb:7324 d:- ref:0 ;
in:110 out:111 type:b dur:2 cpbdur:2 q:58.97 aq:55.11 tex:1411 mv:5470 misc:3047 imb:94 pmb:706 smb:7360 d:- ref:0 ;
in:115 out:112 type:P dur:2 cpbdur:2 q:58.83 aq:48.68 tex:12259 mv:12525 misc:5184 imb:1152 pmb:837 smb:6171 d:- ref:0 ;
in:113 out:113 type:B dur:2 cpbdur:2 q:58.90 aq:52.86 tex:2502 mv:4974 misc:2772 imb:122 pmb:504 smb:7534 d:- ref:0 ;
in:112 out:114 type:b dur:2 cpbdur:2 q:58.93 aq:53.20 tex:763 mv:4609 misc:2748 imb:55 pmb:532 smb:7573 d:- ref:0 ;
in:114 out:115 type:b dur:2 cpbdur:2 q:58.86 aq:55.17 tex:573 mv:2669 misc:1646 imb:32 pmb:298 smb:7830 d:- ref:0 ;
in:117 out:116 type:P dur:2 cpbdur:2 q:58.71 aq:50.23 tex:5172 mv:7246 misc:3646 imb:311 pmb:564 smb:7285 d:- ref:0 ;
in:116 out:117 type:b dur:2 cpbdur:2 q:58.77 aq:56.58 tex:716 mv:3752 misc:2316 imb:58 pmb:466 smb:7636 d:- ref:0 ;
in:121 out:118 type:P dur:2 cpbdur:2 q:58.89 aq:51.11 tex:100871 mv:23353 misc:2896 imb:2868 pmb:1000 smb:4292 d:- ref:0 ;
in:119 out:119 type:B dur:2 cpbdur:2 q:58.80 aq:48.86 tex:1535 mv:7384 misc:3465 imb:115 pmb:721 smb:7324 d:- ref:0 ;
in:118 out:120 type:b dur:2 cpbdur:2 q:58.75 aq:60.70 tex:3018 mv:6831 misc:3511 imb:40 pmb:950 smb:7170 d:- ref:0 ;
in:120 out:121 type:b dur:2 cpbdur:2 q:58.84 aq:60.25 tex:648 mv:3586 misc:2014 imb:18 pmb:373 smb:7769 d:- ref:0 ;
in:125 out:122 type:P dur:2 cpbdur:2 q:58.77 aq:49.44 tex:12243 mv:12497 misc:4836 imb:573 pmb:1012 smb:6575 d:- ref:0 ;
in:123 out:123 type:B dur:2 cpbdur:2 q:58.83 aq:51.86 tex:1647 mv:5476 misc:2773 imb:61 pmb:567 smb:7532 d:- ref:0 ;
in:122 out:124 type:b dur:2 cpbdur:2 q:58.86 aq:53.79 tex:270 mv:2423 misc:1691 imb:11 pmb:274 smb:7875 d:- ref:0 ;
in:124 out:125 type:b dur:2 cpbdur:2 q:58.80 aq:55.86 tex:532 mv:3342 misc:2126 imb:58 pmb:419 smb:7683 d:- ref:0 ;
in:129 out:126 type:P dur:2 cpbdur:2 q:58.42 aq:50.72 tex:8470 mv:11426 misc:4416 imb:412 pmb:1038 smb:6710 d:- ref:0 ;
in:127 out:127 type:B dur:2 cpbdur:2 q:58.60 aq:50.24 tex:1880 mv:6144 misc:3168 imb:71 pmb:655 smb:7434 d:- ref:0 ;
in:126 out:128 type:b dur:2 cpbdur:2 q:58.68 aq:58.36 tex:654 mv:2922 misc:1832 imb:19 pmb:311 smb:7830 d:- ref:0 ;
in:128 out:129 type:b dur:2 cpbdur:2 q:58.51 aq:56.64 tex:536 mv:3666 misc:2142 imb:20 pmb:405 smb:7735 d:- ref:0 ;
in:131 out:130 type:P dur:2 cpbdur:2 q:58.16 aq:49.51 tex:7278 mv:11489 misc:4529 imb:492 pmb:1039 smb:6629 d:- ref:0 ;
in:130 out:131 type:b dur:2 cpbdur:2 q:58.29 aq:58.05 tex:595 mv:4160 misc:2397 imb:19 pmb:480 smb:7661 d:- ref:0 ;
in:132 out:132 type:P dur:2 cpbdur:2 q:58.04 aq:49.47 tex:6107 mv:7243 misc:3634 imb:316 pmb:624 smb:7220 d:- ref:0 ;
in:133 out:133 type:P dur:2 cpbdur:2 q:58.36 aq:49.99 tex:6530 mv:6871 misc:3559 imb:284 pmb:626 smb:7250 d:- ref:0 ;
in:134 out:134 type:P dur:2 cpbdur:2 q:58.31 aq:51.05 tex:6248 mv:7447 misc:3577 imb:322 pmb:652 smb:7186 d:- ref:0 ;
in:135 out:135 type:P dur:2 cpbdur:2 q:58.24 aq:50.72 tex:5466 mv:7283 misc:3395 imb:262 pmb:698 smb:7200 d:- ref:0 ;
in:137 out:136 type:P dur:2 cpbdur:2 q:58.27 aq:49.87 tex:5511 mv:9607 misc:3986 imb:359 pmb:840 smb:6961 d:- ref:0 ;
in:136 out:137 type:b dur:2 cpbdur:2 q:58.26 aq:53.40 tex:487 mv:3570 misc:2015 imb:32 pmb:377 smb:7751 d:- ref:0 ;
in:138 out:138 type:P dur:2 cpbdur:2 q:58.12 aq:50.49 tex:4310 mv:7335 misc:3563 imb:276 pmb:666 smb:7218 d:- ref:0 ;
in:139 out:139 type:P dur:2 cpbdur:2 q:58.05 aq:48.97 tex:4658 mv:6474 misc:3628 imb:343 pmb:531 smb:7286 d:- ref:0 ;
in:141 out:140 type:P dur:2 cpbdur:2 q:57.99 aq:48.97 tex:4282 mv:7269 misc:3497 imb:295 pmb:609 smb:7256 d:- ref:0 ;
in:140 out:141 type:b dur:2 cpbdur:2 q:58.02 aq:52.71 tex:423 mv:3626 misc:2223 imb:35 pmb:446 smb:7679 d:- ref:0 ;
in:142 out:142 type:P dur:2 cpbdur:2 q:58.24 aq:49.42 tex:3146 mv:4439 misc:2775 imb:193 pmb:421 smb:7546 d:- ref:0 ;
in:143 out:143 type:P dur:2 cpbdur:2 q:58.17 aq:46.64 tex:3042 mv:4331 misc:2651 imb:247 pmb:336 smb:7577 d:- ref:0 ;
in:144 out:144 type:P dur:2 cpbdur:2 q:58.15 aq:51.01 tex:3588 mv:5182 misc:2790 imb:202 pmb:504 smb:7454 d:- ref:0 ;
in:145 out:145 type:P dur:2 cpbdur:2 q:58.06 aq:49.80 tex:3354 mv:5451 misc:3067 imb:225 pmb:515 smb:7420 d:- ref:0 ;
in:146 out:146 type:P dur:2 cpbdur:2 q:58.08 aq:48.80 tex:3948 mv:6716 misc:3480 imb:373 pmb:525 smb:7262 d:- ref:0 ;
in:148 out:147 type:P dur:2 cpbdur:2 q:58.04 aq:48.50 tex:3538 mv:6055 misc:3071 imb:379 pmb:410 smb:7371 d:- ref:0 ;
in:147 out:148 type:b dur:2 cpbdur:2 q:58.06 aq:50.33 tex:458 mv:1929 misc:1213 imb:44 pmb:203 smb:7913 d:- ref:0 ;
in:151 out:149 type:P dur:2 cpbdur:2 q:57.85 aq:54.17 tex:12668 mv:12109 misc:3623 imb:912 pmb:803 smb:6445 d:- ref:0 ;
in:149 out:150 type:B dur:2 cpbdur:2 q:57.97 aq:52.42 tex:1406 mv:7765 misc:3357 imb:180 pmb:740 smb:7240 d:- ref:0 ;
in:150 out:151 type:b dur:2 cpbdur:2 q:57.91 aq:56.05 tex:2013 mv:8228 misc:3127 imb:123 pmb:790 smb:7247 d:- ref:0 ;
in:152 out:152 type:P dur:2 cpbdur:2 q:57.71 aq:54.46 tex:24448 mv:11066 misc:3502 imb:1577 pmb:500 smb:6083 d:- ref:0 ;
in:153 out:153 type:I dur:2 cpbdur:2 q:55.21 aq:47.21 tex:76989 mv:29873 misc:578 imb:8160 pmb:0 smb:0 d:- ref:;
in:154 out:154 type:P dur:2 cpbdur:2 q:57.88 aq:53.06 tex:6432 mv:6470 misc:2538 imb:791 pmb:335 smb:7034 d:- ref:0 w:6,65,-4 ;
in:155 out:155 type:P dur:2 cpbdur:2 q:57.83 aq:53.27 tex:7069 mv:8053 misc:3246 imb:782 pmb:504 smb:6874 d:- ref:0 ;
in:156 out:156 type:P dur:2 cpbdur:2 q:57.81 aq:54.53 tex:9244 mv:10375 misc:3749 imb:635 pmb:718 smb:6807 d:- ref:0 w:6,65,-3 ;
in:157 out:157 type:P dur:2 cpbdur:2 q:57.75 aq:51.93 tex:36224 mv:22104 misc:3672 imb:1396 pmb:1398 smb:5366 d:- ref:0 ;
in:160 out:158 type:P dur:2 cpbdur:2 q:57.72 aq:51.57 tex:57604 mv:20388 misc:2968 imb:1165 pmb:1529 smb:5466 d:- ref:0 ;
in:158 out:159 type:B dur:2 cpbdur:2 q:57.74 aq:54.46 tex:7009 mv:12048 misc:3991 imb:360 pmb:1109 smb:6691 d:- ref:0 ;
in:159 out:160 type:b dur:2 cpbdur:2 q:57.73 aq:54.28 tex:1863 mv:6607 misc:3114 imb:99 pmb:762 smb:7299 d:- ref:0 ;
in:161 out:161 type:P dur:2 cpbdur:2 q:57.54 aq:53.24 tex:19618 mv:9554 misc:3836 imb:593 pmb:1016 smb:6551 d:- ref:0 ;
in:162 out:162 type:P dur:2 cpbdur:2 q:57.46 aq:52.18 tex:16861 mv:10369 misc:4226 imb:547 pmb:1017 smb:6596 d:- ref:0 ;
in:163 out:163 type:P dur:2 cpbdur:2 q:57.40 aq:52.80 tex:9804 mv:9595 misc:4361 imb:403 pmb:950 smb:6807 d:- ref:0 ;
in:164 out:164 type:P dur:2 cpbdur:2 q:57.33 aq:52.31 tex:8061 mv:8847 misc:4172 imb:347 pmb:892 smb:6921 d:- ref:0 ;
in:165 out:165 type:P dur:2 cpbdur:2 q:57.26 aq:51.66 tex:9096 mv:8784 misc:4136 imb:369 pmb:892 smb:6899 d:- ref:0 ;
in:166 out:166 type:P dur:2 cpbdur:2 q:57.15 aq:52.32 tex:14961 mv:9512 misc:4159 imb:605 pmb:1010 smb:6545 d:- ref:0 ;
in:167 out:167 type:P dur:2 cpbdur:2 q:57.06 aq:49.53 tex:18916 mv:12034 misc:4562 imb:817 pmb:1023 smb:6320 d:- ref:0 ;
in:171 out:168 type:P dur:2 cpbdur:2 q:56.96 aq:52.09 tex:91802 mv:23119 misc:3343 imb:2416 pmb:1118 smb:4626 d:- ref:0 ;
in:169 out:169 type:B dur:2 cpbdur:2 q:57.01 aq:53.68 tex:6425 mv:13166 misc:4145 imb:366 pmb:1033 smb:6761 d:- ref:0 ;
in:168 out:170 type:b dur:2 cpbdur:2 q:57.03 aq:54.24 tex:1097 mv:6100 misc:2763 imb:67 pmb:687 smb:7406 d:- ref:0 ;
in:170 out:171 type:b dur:2 cpbdur:2 q:56.99 aq:54.32 tex:960 mv:5995 misc:2805 imb:71 pmb:771 smb:7318 d:- ref:0 ;
in:172 out:172 type:P dur:2 cpbdur:2 q:56.64 aq:51.78 tex:23624 mv:11076 misc:4444 imb:604 pmb:1131 smb:6425 d:- ref:0 ;
in:173 out:173 type:P dur:2 cpbdur:2 q:56.60 aq:51.42 tex:18738 mv:12752 misc:4302 imb:448 pmb:1396 smb:6316 d:- ref:0 ;
in:176 out:174 type:P dur:2 cpbdur:2 q:56.57 aq:50.42 tex:19819 mv:13138 misc:4763 imb:646 pmb:1178 smb:6336 d:- ref:0 ;
in:174 out:175 type:B dur:2 cpbdur:2 q:56.59 aq:54.21 tex:2430 mv:6248 misc:3138 imb:102 pmb:631 smb:7427 d:- ref:0 ;
in:175 out:176 type:b dur:2 cpbdur:2 q:56.58 aq:54.44 tex:1030 mv:3393 misc:2201 imb:50 pmb:376 smb:7734 d:- ref:0 ;
in:177 out:177 type:P dur:2 cpbdur:2 q:56.57 aq:50.16 tex:11277 mv:7532 misc:4135 imb:458 pmb:770 smb:6932 d:- ref:0 ;
in:178 out:178 type:P dur:2 cpbdur:2 q:56.50 aq:50.27 tex:13029 mv:9147 misc:4432 imb:484 pmb:908 smb:6768 d:- ref:0 ;
in:180 out:179 type:P dur:2 cpbdur:2 q:56.44 aq:47.82 tex:10687 mv:11271 misc:5082 imb:767 pmb:834 smb:6559 d:- ref:0 ;
in:179 out:180 type:b dur:2 cpbdur:2 q:56.47 aq:50.93 tex:729 mv:3155 misc:1668 imb:51 pmb:294 smb:7815 d:- ref:0 ;
in:182 out:181 type:P dur:2 cpbdur:2 q:56.50 aq:47.46 tex:10173 mv:13159 misc:5396 imb:981 pmb:909 smb:6270 d:- ref:0 ;
in:181 out:182 type:b dur:2 cpbdur:2 q:56.47 aq:50.88 tex:547 mv:3455 misc:1758 imb:51 pmb:279 smb:7830 d:- ref:0 ;
in:183 out:183 type:P dur:2 cpbdur:2 q:56.66 aq:53.02 tex:6462 mv:7718 misc:3852 imb:238 pmb:918 smb:7004 d:- ref:0 w:7,127,2 ;
in:184 out:184 type:P dur:2 cpbdur:2 q:56.64 aq:53.20 tex:7962 mv:8416 misc:4030 imb:266 pmb:1003 smb:6891 d:- ref:0 w:0,1,1 ;
in:185 out:185 type:P dur:2 cpbdur:2 q:56.70 aq:52.82 tex:34883 mv:12259 misc:3378 imb:1169 pmb:853 smb:6138 d:- ref:0 ;
in:186 out:186 type:P dur:2 cpbdur:2 q:56.73 aq:54.45 tex:62684 mv:17246 misc:3150 imb:1473 pmb:1020 smb:5667 d:- ref:0 w:7,127,2 ;
in:187 out:187 type:P dur:2 cpbdur:2 q:56.76 aq:53.77 tex:88860 mv:22532 misc:2736 imb:2618 pmb:953 smb:4589 d:- ref:0 w:0,1,1 ;
in:188 out:188 type:P dur:2 cpbdur:2 q:56.77 aq:52.38 tex:92484 mv:25236 misc:2888 imb:2331 pmb:1191 smb:4638 d:- ref:0 ;
in:189 out:189 type:P dur:2 cpbdur:2 q:56.79 aq:51.18 tex:54051 mv:20772 misc:3889 imb:1004 pmb:1845 smb:5311 d:- ref:0 ;
in:193 out:190 type:P dur:2 cpbdur:2 q:56.82 aq:49.78 tex:40463 mv:20316 misc:4325 imb:716 pmb:1980 smb:5464 d:- ref:0 ;
in:191 out:191 type:B dur:2 cpbdur:2 q:56.81 aq:51.61 tex:2246 mv:6692 misc:3558 imb:86 pmb:845 smb:7229 d:- ref:0 ;
in:190 out:192 type:b dur:2 cpbdur:2 q:56.80 aq:54.33 tex:1016 mv:5204 misc:2756 imb:62 pmb:588 smb:7510 d:- ref:0 ;
in:192 out:193 type:b dur:2 cpbdur:2 q:56.82 aq:53.98 tex:665 mv:2968 misc:1719 imb:46 pmb:295 smb:7819 d:- ref:0 ;
in:195 out:194 type:P dur:2 cpbdur:2 q:57.07 aq:51.41 tex:14692 mv:8647 misc:4229 imb:336 pmb:984 smb:6840 d:- ref:0 ;
in:194 out:195 type:b dur:2 cpbdur:2 q:56.95 aq:53.24 tex:447 mv:2562 misc:1791 imb:33 pmb:277 smb:7850 d:- ref:0 ;
in:196 out:196 type:P dur:2 cpbdur:2 q:57.08 aq:48.69 tex:10662 mv:8223 misc:4411 imb:342 pmb:987 smb:6831 d:- ref:0 ;
in:200 out:197 type:P dur:2 cpbdur:2 q:57.13 aq:48.43 tex:16726 mv:13336 misc:5178 imb:891 pmb:991 smb:6278 d:- ref:0 ;
in:198 out:198 type:B dur:2 cpbdur:2 q:57.11 aq:50.21 tex:1169 mv:4864 misc:2391 imb:100 pmb:434 smb:7626 d:- ref:0 ;
in:197 out:199 type:b dur:2 cpbdur:2 q:57.10 aq:52.28 tex:845 mv:3537 misc:1914 imb:56 pmb:360 smb:7744 d:- ref:0 ;
in:199 out:200 type:b dur:2 cpbdur:2 q:57.12 aq:56.78 tex:392 mv:3168 misc:2216 imb:20 pmb:415 smb:7725 d:- ref:0 ;
in:204 out:201 type:P dur:2 cpbdur:2 q:57.01 aq:47.76 tex:6790 mv:10557 misc:4525 imb:516 pmb:890 smb:6754 d:- ref:0 w:0,1,1 ;
in:202 out:202 type:B dur:2 cpbdur:2 q:57.07 aq:48.74 tex:842 mv:4466 misc:2940 imb:62 pmb:590 smb:7508 d:- ref:0 ;
in:201 out:203 type:b dur:2 cpbdur:2 q:57.10 aq:54.85 tex:583 mv:3346 misc:2119 imb:18 pmb:412 smb:7730 d:- ref:0 ;
in:203 out:204 type:b dur:2 cpbdur:2 q:57.04 aq:52.94 tex:290 mv:1985 misc:1565 imb:16 pmb:241 smb:7903 d:- ref:0 ;
in:208 out:205 type:P dur:2 cpbdur:2 q:56.85 aq:46.29 tex:5019 mv:9369 misc:4156 imb:399 pmb:772 smb:6989 d:- ref:0 ;
in:206 out:206 type:B dur:2 cpbdur:2 q:56.93 aq:46.95 tex:1703 mv:6680 misc:3121 imb:110 pmb:617 smb:7433 d:- ref:0 ;
in:205 out:207 type:b dur:2 cpbdur:2 q:56.97 aq:50.66 tex:492 mv:2924 misc:1672 imb:29 pmb:293 smb:7838 d:- ref:0 ;
in:207 out:208 type:b dur:2 cpbdur:2 q:56.89 aq:51.43 tex:348 mv:2518 misc:1782 imb:19 pmb:336 smb:7805 d:- ref:0 ;
in:212 out:209 type:P dur:2 cpbdur:2 q:56.64 aq:49.37 tex:99556 mv:25055 misc:3661 imb:2913 pmb:1021 smb:4226 d:- ref:0 ;
in:210 out:210 type:B dur:2 cpbdur:2 q:56.74 aq:50.76 tex:6954 mv:12948 misc:4290 imb:468 pmb:1120 smb:6572 d:- ref:0 ;
in:209 out:211 type:b dur:2 cpbdur:2 q:56.80 aq:51.50 tex:1107 mv:7169 misc:3196 imb:224 pmb:688 smb:7248 d:- ref:0 ;
in:211 out:212 type:b dur:2 cpbdur:2 q:56.69 aq:58.65 tex:7044 mv:10263 misc:4061 imb:166 pmb:1183 smb:6811 d:- ref:0 ;
in:213 out:213 type:P dur:2 cpbdur:2 q:57.53 aq:53.39 tex:7466 mv:9106 misc:3788 imb:298 pmb:863 smb:6999 d:- ref:0 ;
in:214 out:214 type:P dur:2 cpbdur:2 q:57.67 aq:52.32 tex:5952 mv:7737 misc:3663 imb:252 pmb:805 smb:7103 d:- ref:0 ;
in:215 out:215 type:P dur:2 cpbdur:2 q:57.65 aq:53.80 tex:6199 mv:7587 misc:3494 imb:218 pmb:781 smb:7161 d:- ref:0 ;
in:216 out:216 type:P dur:2 cpbdur:2 q:57.64 aq:53.71 tex:8834 mv:9809 misc:3981 imb:308 pmb:957 smb:6895 d:- ref:0 ;
in:217 out:217 type:P dur:2 cpbdur:2 q:57.62 aq:53.41 tex:8394 mv:11409 misc:4269 imb:348 pmb:1060 smb:6752 d:- ref:0 ;
in:218 out:218 type:P dur:2 cpbdur:2 q:57.59 aq:51.37 tex:9014 mv:11417 misc:4473 imb:488 pmb:1006 smb:6666 d:- ref:0 w:0,1,-1 ;
in:219 out:219 type:P dur:2 cpbdur:2 q:57.56 aq:51.18 tex:9858 mv:11695 misc:4487 imb:469 pmb:1082 smb:6609 d:- ref:0 ;
in:220 out:220 type:P dur:2 cpbdur:2 q:57.53 aq:51.96 tex:8342 mv:9703 misc:4211 imb:355 pmb:932 smb:6873 d:- ref:0 ;
in:221 out:221 type:P dur:2 cpbdur:2 q:57.51 aq:52.26 tex:6893 mv:9942 misc:4173 imb:341 pmb:986 smb:6833 d:- ref:0 ;
in:222 out:222 type:P dur:2 cpbdur:2 q:57.45 aq:51.80 tex:8027 mv:12093 misc:4776 imb:423 pmb:1156 smb:6581 d:- ref:0 ;
in:223 out:223 type:P dur:2 cpbdur:2 q:57.39 aq:52.86 tex:7519 mv:12611 misc:4654 imb:426 pmb:1153 smb:6581 d:- ref:0 ;
in:224 out:224 type:P dur:2 cpbdur:2 q:57.33 aq:52.40 tex:8281 mv:12998 misc:4713 imb:422 pmb:1237 smb:6501 d:- ref:0 ;
in:225 out:225 type:P dur:2 cpbdur:2 q:57.30 aq:51.92 tex:9727 mv:13179 misc:4758 imb:511 pmb:1247 smb:6402 d:- ref:0 ;
in:226 out:226 type:P dur:2 cpbdur:2 q:57.26 aq:51.66 tex:10014 mv:13015 misc:4675 imb:435 pmb:1244 smb:6481 d:- ref:0 ;
in:227 out:227 type:P dur:2 cpbdur:2 q:57.20 aq:50.64 tex:10555 mv:12251 misc:4738 imb:445 pmb:1199 smb:6516 d:- ref:0 ;
in:228 out:228 type:P dur:2 cpbdur:2 q:57.14 aq:50.34 tex:17668 mv:15557 misc:4751 imb:569 pmb:1501 smb:6090 d:- ref:0 ;
in:229 out:229 type:P dur:2 cpbdur:2 q:57.12 aq:52.04 tex:14191 mv:12352 misc:4577 imb:382 pmb:1305 smb:6473 d:- ref:0 ;
in:231 out:230 type:P dur:2 cpbdur:2 q:57.08 aq:51.40 tex:23397 mv:17124 misc:4687 imb:552 pmb:1710 smb:5898 d:- ref:0 ;
in:230 out:231 type:b dur:2 cpbdur:2 q:57.10 aq:54.17 tex:1187 mv:6344 misc:2717 imb:70 pmb:616 smb:7474 d:- ref:0 ;
in:235 out:232 type:P dur:2 cpbdur:2 q:56.97 aq:49.59 tex:40977 mv:25189 misc:4122 imb:1075 pmb:2178 smb:4907 d:- ref:0 ;
in:233 out:233 type:B dur:2 cpbdur:2 q:57.02 aq:50.62 tex:1405 mv:9687 misc:3964 imb:98 pmb:1074 smb:6988 d:- ref:0 ;
in:232 out:234 type:b dur:2 cpbdur:2 q:57.05 aq:52.86 tex:969 mv:7358 misc:2993 imb:71 pmb:735 smb:7354 d:- ref:0 ;
in:234 out:235 type:b dur:2 cpbdur:2 q:56.99 aq:53.87 tex:494 mv:4626 misc:2896 imb:9 pmb:681 smb:7470 d:- ref:0 ;
in:237 out:236 type:P dur:2 cpbdur:2 q:57.07 aq:49.68 tex:18441 mv:13012 misc:5035 imb:434 pmb:1492 smb:6234 d:- ref:0 ;
in:236 out:237 type:b dur:2 cpbdur:2 q:57.02 aq:56.62 tex:412 mv:3342 misc:2174 imb:8 pmb:390 smb:7762 d:- ref:0 ;
in:241 out:238 type:P dur:2 cpbdur:2 q:56.93 aq:50.19 tex:20779 mv:13333 misc:4840 imb:518 pmb:1462 smb:6180 d:- ref:0 ;
in:239 out:239 type:B dur:2 cpbdur:2 q:57.00 aq:50.23 tex:1096 mv:6628 misc:3548 imb:47 pmb:950 smb:7163 d:- ref:0 ;
in:238 out:240 type:b dur:2 cpbdur:2 q:57.04 aq:54.51 tex:715 mv:4726 misc:2607 imb:19 pmb:540 smb:7601 d:- ref:0 ;
in:240 out:241 type:b dur:2 cpbdur:2 q:56.97 aq:51.92 tex:530 mv:2376 misc:1294 imb:17 pmb:248 smb:7895 d:- ref:0 ;
in:245 out:242 type:P dur:2 cpbdur:2 q:56.73 aq:50.60 tex:18103 mv:13306 misc:4703 imb:353 pmb:1506 smb:6301 d:- ref:0 ;
in:243 out:243 type:B dur:2 cpbdur:2 q:56.83 aq:53.24 tex:818 mv:6004 misc:3338 imb:33 pmb:844 smb:7283 d:- ref:0 ;
in:242 out:244 type:b dur:2 cpbdur:2 q:56.88 aq:53.81 tex:440 mv:3412 misc:1996 imb:10 pmb:387 smb:7763 d:- ref:0 ;
in:244 out:245 type:b dur:2 cpbdur:2 q:56.78 aq:57.02 tex:239 mv:2844 misc:2189 imb:8 pmb:460 smb:7692 d:- ref:0 ;
in:249 out:246 type:P dur:2 cpbdur:2 q:56.60 aq:49.82 tex:18476 mv:9501 misc:4527 imb:349 pmb:1170 smb:6641 d:- ref:0 ;
in:247 out:247 type:B dur:2 cpbdur:2 q:56.66 aq:50.42 tex:969 mv:3905 misc:2238 imb:64 pmb:442 smb:7654 d:- ref:0 ;
in:246 out:248 type:b dur:2 cpbdur:2 q:56.69 aq:52.83 tex:365 mv:2229 misc:1294 imb:12 pmb:243 smb:7905 d:- ref:0 ;
in:248 out:249 type:b dur:2 cpbdur:2 q:56.63 aq:51.87 tex:297 mv:1829 misc:1354 imb:8 pmb:244 smb:7908 d:- ref:0 ;
in:253 out:250 type:P dur:2 cpbdur:2 q:56.55 aq:48.73 tex:19062 mv:10523 misc:4999 imb:354 pmb:1342 smb:6464 d:- ref:0 w:0,1,-1 ;
in:251 out:251 type:B dur:2 cpbdur:2 q:56.57 aq:50.74 tex:868 mv:2861 misc:1791 imb:26 pmb:307 smb:7827 d:- ref:0 ;
in:250 out:252 type:b dur:2 cpbdur:2 q:56.58 aq:51.90 tex:320 mv:2157 misc:1795 imb:18 pmb:313 smb:7829 d:- ref:0 ;
in:252 out:253 type:b dur:2 cpbdur:2 q:56.56 aq:53.43 tex:142 mv:1972 misc:1510 imb:7 pmb:255 smb:7898 d:- ref:0 ;
in:257 out:254 type:P dur:2 cpbdur:2 q:56.59 aq:49.25 tex:18726 mv:11494 misc:4956 imb:314 pmb:1465 smb:6381 d:- ref:0 ;
in:255 out:255 type:B dur:2 cpbdur:2 q:56.57 aq:49.16 tex:754 mv:4010 misc:2572 imb:43 pmb:538 smb:7579 d:- ref:0 ;
in:254 out:256 type:b dur:2 cpbdur:2 q:56.56 aq:53.93 tex:213 mv:2562 misc:1801 imb:8 pmb:339 smb:7813 d:- ref:0 ;
in:256 out:257 type:b dur:2 cpbdur:2 q:56.58 aq:49.74 tex:146 mv:2551 misc:1767 imb:10 pmb:291 smb:7859 d:- ref:0 ;
in:261 out:258 type:P dur:2 cpbdur:2 q:56.54 aq:48.40 tex:12982 mv:9737 misc:4649 imb:315 pmb:1115 smb:6730 d:- ref:0 ;
in:259 out:259 type:B dur:2 cpbdur:2 q:56.57 aq:51.88 tex:666 mv:3999 misc:2367 imb:38 pmb:521 smb:7601 d:- ref:0 ;
in:258 out:260 type:b dur:2 cpbdur:2 q:56.58 aq:47.06 tex:89 mv:1304 misc:1287 imb:1 pmb:171 smb:7988 d:- ref:0 ;
in:260 out:261 type:b dur:2 cpbdur:2 q:56.55 aq:49.75 tex:428 mv:2134 misc:1326 imb:16 pmb:247 smb:7897 d:- ref:0 ;
in:265 out:262 type:P dur:2 cpbdur:2 q:56.42 aq:47.31 tex:14437 mv:14921 misc:5298 imb:556 pmb:1518 smb:6086 d:- ref:0 ;
in:263 out:263 type:B dur:2 cpbdur:2 q:56.48 aq:47.80 tex:643 mv:5947 misc:2866 imb:44 pmb:665 smb:7451 d:- ref:0 ;
in:262 out:264 type:b dur:2 cpbdur:2 q:56.51 aq:52.34 tex:161 mv:2407 misc:1688 imb:8 pmb:278 smb:7874 d:- ref:0 ;
in:264 out:265 type:b dur:2 cpbdur:2 q:56.45 aq:50.80 tex:345 mv:3185 misc:1934 imb:21 pmb:369 smb:7770 d:- ref:0 ;
in:269 out:266 type:P dur:2 cpbdur:2 q:56.24 aq:47.15 tex:11343 mv:9548 misc:4701 imb:406 pmb:975 smb:6779 d:- ref:0 ;
in:267 out:267 type:B dur:2 cpbdur:2 q:56.33 aq:52.45 tex:391 mv:3345 misc:2064 imb:9 pmb:412 smb:7739 d:- ref:0 ;
in:266 out:268 type:b dur:2 cpbdur:2 q:56.37 aq:48.44 tex:155 mv:2152 misc:1669 imb:8 pmb:287 smb:7865 d:- ref:0 ;
in:268 out:269 type:b dur:2 cpbdur:2 q:56.28 aq:52.55 tex:263 mv:2419 misc:2174 imb:7 pmb:459 smb:7694 d:- ref:0 ;
in:273 out:270 type:P dur:2 cpbdur:2 q:56.09 aq:47.29 tex:11114 mv:9414 misc:4728 imb:426 pmb:951 smb:6783 d:- ref:0 ;
in:271 out:271 type:B dur:2 cpbdur:2 q:56.16 aq:50.07 tex:906 mv:3513 misc:1829 imb:35 pmb:415 smb:7710 d:- ref:0 ;
in:270 out:272 type:b dur:2 cpbdur:2 q:56.20 aq:50.50 tex:273 mv:2200 misc:1583 imb:12 pmb:302 smb:7846 d:- ref:0 ;
in:272 out:273 type:b dur:2 cpbdur:2 q:56.13 aq:53.17 tex:366 mv:2597 misc:1821 imb:11 pmb:347 smb:7802 d:- ref:0 ;
in:277 out:274 type:P dur:2 cpbdur:2 q:55.88 aq:46.91 tex:9033 mv:9367 misc:4864 imb:463 pmb:979 smb:6718 d:- ref:0 ;
in:275 out:275 type:B dur:2 cpbdur:2 q:55.98 aq:47.94 tex:536 mv:2574 misc:1562 imb:32 pmb:288 smb:7840 d:- ref:0 ;
in:274 out:276 type:b dur:2 cpbdur:2 q:56.04 aq:53.18 tex:323 mv:2113 misc:1452 imb:13 pmb:236 smb:7911 d:- ref:0 ;
in:276 out:277 type:b dur:2 cpbdur:2 q:55.93 aq:46.05 tex:77 mv:1079 misc:1132 imb:2 pmb:192 smb:7966 d:- ref:0 ;
in:281 out:278 type:P dur:2 cpbdur:2 q:55.66 aq:46.11 tex:9842 mv:10210 misc:4788 imb:402 pmb:1013 smb:6745 d:- ref:0 ;
in:279 out:279 type:B dur:2 cpbdur:2 q:55.77 aq:49.37 tex:1007 mv:4248 misc:1953 imb:61 pmb:411 smb:7688 d:- ref:0 ;
in:278 out:280 type:b dur:2 cpbdur:2 q:55.83 aq:52.08 tex:379 mv:2658 misc:1491 imb:21 pmb:330 smb:7809 d:- ref:0 ;
in:280 out:281 type:b dur:2 cpbdur:2 q:55.72 aq:49.24 tex:492 mv:1999 misc:1341 imb:13 pmb:299 smb:7848 d:- ref:0 ;
in:285 out:282 type:P dur:2 cpbdur:2 q:55.43 aq:50.07 tex:7060 mv:8210 misc:4010 imb:165 pmb:1036 smb:6959 d:- ref:0 ;
in:283 out:283 type:B dur:2 cpbdur:2 q:55.55 aq:46.45 tex:1603 mv:8217 misc:3484 imb:123 pmb:821 smb:7216 d:- ref:0 ;
in:282 out:284 type:b dur:2 cpbdur:2 q:55.61 aq:53.84 tex:491 mv:4237 misc:2296 imb:16 pmb:487 smb:7657 d:- ref:0 ;
in:284 out:285 type:b dur:2 cpbdur:2 q:55.49 aq:50.30 tex:429 mv:3872 misc:2251 imb:11 pmb:501 smb:7648 d:- ref:0 ;
in:288 out:286 type:P dur:2 cpbdur:2 q:55.22 aq:47.86 tex:12020 mv:10492 misc:4512 imb:372 pmb:1141 smb:6647 d:- ref:0 ;
in:286 out:287 type:B dur:2 cpbdur:2 q:55.36 aq:47.71 tex:1026 mv:5111 misc:2631 imb:57 pmb:587 smb:7516 d:- ref:0 ;
in:287 out:288 type:b dur:2 cpbdur:2 q:55.29 aq:46.79 tex:462 mv:3492 misc:1902 imb:30 pmb:407 smb:7723 d:- ref:0 ;
in:290 out:289 type:P dur:2 cpbdur:2 q:55.09 aq:48.44 tex:11746 mv:8530 misc:4356 imb:242 pmb:1101 smb:6817 d:- ref:0 ;
in:289 out:290 type:b dur:2 cpbdur:2 q:55.15 aq:49.99 tex:455 mv:2381 misc:1316 imb:14 pmb:254 smb:7892 d:- ref:0 ;
in:293 out:291 type:P dur:2 cpbdur:2 q:55.01 aq:46.70 tex:14002 mv:13461 misc:5641 imb:732 pmb:1239 smb:6189 d:- ref:0 w:0,1,-1 ;
in:291 out:292 type:B dur:2 cpbdur:2 q:55.06 aq:44.13 tex:637 mv:3649 misc:1746 imb:36 pmb:369 smb:7755 d:- ref:0 ;
in:292 out:293 type:b dur:2 cpbdur:2 q:55.04 aq:48.40 tex:498 mv:2143 misc:1151 imb:17 pmb:208 smb:7935 d:- ref:0 ;
in:297 out:294 type:P dur:2 cpbdur:2 q:54.85 aq:46.73 tex:12812 mv:12091 misc:4937 imb:376 pmb:1314 smb:6470 d:- ref:0 ;
in:295 out:295 type:B dur:2 cpbdur:2 q:54.93 aq:45.03 tex:2569 mv:7544 misc:3231 imb:157 pmb:638 smb:7365 d:- ref:0 ;
in:294 out:296 type:b dur:2 cpbdur:2 q:54.97 aq:47.78 tex:530 mv:3205 misc:1745 imb:46 pmb:365 smb:7749 d:- ref:0 ;
in:296 out:297 type:b dur:2 cpbdur:2 q:54.89 aq:49.05 tex:606 mv:2885 misc:2349 imb:20 pmb:510 smb:7630 d:- ref:0 ;
in:301 out:298 type:P dur:2 cpbdur:2 q:54.70 aq:45.23 tex:13087 mv:11682 misc:5679 imb:535 pmb:1292 smb:6333 d:- ref:0 ;
in:299 out:299 type:B dur:2 cpbdur:2 q:54.78 aq:40.61 tex:1540 mv:5149 misc:2903 imb:99 pmb:571 smb:7490 d:- ref:0 ;
in:298 out:300 type:b dur:2 cpbdur:2 q:54.81 aq:48.32 tex:493 mv:2337 misc:1546 imb:19 pmb:303 smb:7838 d:- ref:0 ;
in:300 out:301 type:b dur:2 cpbdur:2 q:54.74 aq:47.79 tex:325 mv:2920 misc:1851 imb:14 pmb:411 smb:7735 d:- ref:0 ;
in:305 out:302 type:P dur:2 cpbdur:2 q:54.49 aq:46.77 tex:9260 mv:9220 misc:4424 imb:278 pmb:1007 smb:6875 d:- ref:0 ;
in:303 out:303 type:B dur:2 cpbdur:2 q:54.59 aq:48.71 tex:1504 mv:5788 misc:2420 imb:66 pmb:529 smb:7565 d:- ref:0 ;
in:302 out:304 type:b dur:2 cpbdur:2 q:54.65 aq:47.01 tex:243 mv:2003 misc:1858 imb:3 pmb:444 smb:7713 d:- ref:0 ;
in:304 out:305 type:b dur:2 cpbdur:2 q:54.54 aq:46.73 tex:519 mv:3841 misc:1952 imb:37 pmb:425 smb:7698 d:- ref:0 ;
in:309 out:306 type:P dur:2 cpbdur:2 q:54.27 aq:46.29 tex:7129 mv:8937 misc:4358 imb:360 pmb:918 smb:6882 d:- ref:0 ;
in:307 out:307 type:B dur:2 cpbdur:2 q:54.38 aq:46.91 tex:1494 mv:5404 misc:2534 imb:68 pmb:527 smb:7565 d:- ref:0 ;
in:306 out:308 type:b dur:2 cpbdur:2 q:54.44 aq:54.90 tex:430 mv:2417 misc:1537 imb:5 pmb:309 smb:7846 d:- ref:0 ;
in:308 out:309 type:b dur:2 cpbdur:2 q:54.33 aq:48.94 tex:471 mv:2980 misc:1693 imb:29 pmb:339 smb:7792 d:- ref:0 ;
in:311 out:310 type:P dur:2 cpbdur:2 q:54.08 aq:45.31 tex:5050 mv:6874 misc:3684 imb:223 pmb:737 smb:7200 d:- ref:0 ;
in:310 out:311 type:b dur:2 cpbdur:2 q:54.18 aq:50.27 tex:428 mv:2385 misc:1371 imb:13 pmb:255 smb:7892 d:- ref:0 ;
in:312 out:312 type:P dur:2 cpbdur:2 q:53.96 aq:47.28 tex:6875 mv:8148 misc:3929 imb:248 pmb:886 smb:7026 d:- ref:0 ;
in:313 out:313 type:P dur:2 cpbdur:2 q:53.95 aq:47.13 tex:10006 mv:10127 misc:4427 imb:398 pmb:1115 smb:6647 d:- ref:0 ;
in:315 out:314 type:P dur:2 cpbdur:2 q:53.90 aq:47.98 tex:33351 mv:14874 misc:4071 imb:603 pmb:1616 smb:5941 d:- ref:0 ;
in:314 out:315 type:b dur:2 cpbdur:2 q:53.92 aq:50.15 tex:575 mv:4612 misc:2005 imb:34 pmb:456 smb:7670 d:- ref:0 ;
in:316 out:316 type:P dur:2 cpbdur:2 q:53.85 aq:48.95 tex:16407 mv:9823 misc:4082 imb:398 pmb:1144 smb:6618 d:- ref:0 ;
in:317 out:317 type:P dur:2 cpbdur:2 q:53.80 aq:47.28 tex:13928 mv:10850 misc:4438 imb:519 pmb:1083 smb:6558 d:- ref:0 ;
in:318 out:318 type:P dur:2 cpbdur:2 q:53.78 aq:46.37 tex:16344 mv:12773 misc:5339 imb:809 pmb:1233 smb:6118 d:- ref:0 w:0,1,-1 ;
in:319 out:319 type:P dur:2 cpbdur:2 q:53.77 aq:47.00 tex:12462 mv:10020 misc:4534 imb:571 pmb:945 smb:6644 d:- ref:0 ;
in:320 out:320 type:P dur:2 cpbdur:2 q:53.68 aq:47.00 tex:13135 mv:10241 misc:4576 imb:561 pmb:980 smb:6619 d:- ref:0 ;
in:321 out:321 type:P dur:2 cpbdur:2 q:53.64 aq:45.78 tex:11005 mv:10870 misc:4821 imb:634 pmb:975 smb:6551 d:- ref:0 ;
in:322 out:322 type:P dur:2 cpbdur:2 q:53.63 aq:45.46 tex:17243 mv:13340 misc:5257 imb:835 pmb:1214 smb:6111 d:- ref:0 ;
in:323 out:323 type:P dur:2 cpbdur:2 q:53.60 aq:46.24 tex:29133 mv:17937 misc:4802 imb:926 pmb:1655 smb:5579 d:- ref:0 ;
in:324 out:324 type:P dur:2 cpbdur:2 q:53.58 aq:46.39 tex:40783 mv:16392 misc:4769 imb:823 pmb:1694 smb:5643 d:- ref:0 ;
in:326 out:325 type:P dur:2 cpbdur:2 q:53.55 aq:45.55 tex:46774 mv:17680 misc:5202 imb:995 pmb:1828 smb:5337 d:- ref:0 ;
in:325 out:326 type:b dur:2 cpbdur:2 q:53.56 aq:49.32 tex:687 mv:4622 misc:2107 imb:54 pmb:493 smb:7613 d:- ref:0 ;
in:330 out:327 type:P dur:2 cpbdur:2 q:53.52 aq:45.84 tex:38871 mv:15989 misc:5228 imb:1103 pmb:1627 smb:5430 d:- ref:0 ;
in:328 out:328 type:B dur:2 cpbdur:2 q:53.53 aq:48.00 tex:2951 mv:8787 misc:3182 imb:290 pmb:707 smb:7163 d:- ref:0 ;
in:327 out:329 type:b dur:2 cpbdur:2 q:53.54 aq:47.63 tex:564 mv:4885 misc:2031 imb:91 pmb:500 smb:7569 d:- ref:0 ;
in:329 out:330 type:b dur:2 cpbdur:2 q:53.53 aq:46.22 tex:707 mv:5762 misc:2747 imb:76 pmb:657 smb:7427 d:- ref:0 ;
in:334 out:331 type:P dur:2 cpbdur:2 q:53.36 aq:45.04 tex:34726 mv:17564 misc:4982 imb:1250 pmb:1752 smb:5158 d:- ref:0 ;
in:332 out:332 type:B dur:2 cpbdur:2 q:53.44 aq:47.78 tex:1272 mv:7190 misc:3314 imb:144 pmb:759 smb:7257 d:- ref:0 ;
in:331 out:333 type:b dur:2 cpbdur:2 q:53.48 aq:49.36 tex:442 mv:4126 misc:2104 imb:56 pmb:415 smb:7689 d:- ref:0 ;
in:333 out:334 type:b dur:2 cpbdur:2 q:53.40 aq:47.17 tex:230 mv:2784 misc:1834 imb:27 pmb:361 smb:7772 d:- ref:0 ;
in:338 out:335 type:P dur:2 cpbdur:2 q:53.19 aq:44.07 tex:26619 mv:14016 misc:5501 imb:702 pmb:1559 smb:5899 d:- ref:0 ;
in:336 out:336 type:B dur:2 cpbdur:2 q:53.28 aq:46.79 tex:1122 mv:6537 misc:2717 imb:104 pmb:634 smb:7422 d:- ref:0 ;
in:335 out:337 type:b dur:2 cpbdur:2 q:53.32 aq:52.71 tex:555 mv:4007 misc:2190 imb:24 pmb:476 smb:7660 d:- ref:0 ;
in:337 out:338 type:b dur:2 cpbdur:2 q:53.24 aq:49.65 tex:247 mv:3248 misc:2017 imb:8 pmb:458 smb:7694 d:- ref:0 ;
in:342 out:339 type:P dur:2 cpbdur:2 q:53.14 aq:45.08 tex:19162 mv:11344 misc:5150 imb:718 pmb:1226 smb:6216 d:- ref:0 ;
in:340 out:340 type:B dur:2 cpbdur:2 q:53.17 aq:47.38 tex:1012 mv:5650 misc:2842 imb:55 pmb:684 smb:7421 d:- ref:0 ;
in:339 out:341 type:b dur:2 cpbdur:2 q:53.18 aq:46.42 tex:389 mv:2606 misc:1693 imb:30 pmb:301 smb:7829 d:- ref:0 ;
in:341 out:342 type:b dur:2 cpbdur:2 q:53.15 aq:48.74 tex:430 mv:3718 misc:2276 imb:41 pmb:447 smb:7672 d:- ref:0 ;
in:346 out:343 type:P dur:2 cpbdur:2 q:53.11 aq:45.07 tex:13698 mv:11413 misc:4945 imb:667 pmb:1144 smb:6349 d:- ref:0 ;
in:344 out:344 type:B dur:2 cpbdur:2 q:53.12 aq:47.63 tex:800 mv:6351 misc:3033 imb:72 pmb:702 smb:7386 d:- ref:0 ;
in:343 out:345 type:b dur:2 cpbdur:2 q:53.13 aq:50.39 tex:223 mv:2139 misc:1638 imb:11 pmb:267 smb:7882 d:- ref:0 ;
in:345 out:346 type:b dur:2 cpbdur:2 q:53.12 aq:45.72 tex:382 mv:4507 misc:2207 imb:58 pmb:527 smb:7575 d:- ref:0 ;
in:350 out:347 type:P dur:2 cpbdur:2 q:53.10 aq:44.19 tex:15947 mv:14031 misc:5598 imb:863 pmb:1246 smb:6051 d:- ref:0 ;
in:348 out:348 type:B dur:2 cpbdur:2 q:53.10 aq:44.55 tex:854 mv:4544 misc:2218 imb:51 pmb:444 smb:7665 d:- ref:0 ;
in:347 out:349 type:b dur:2 cpbdur:2 q:53.11 aq:47.84 tex:431 mv:3943 misc:2186 imb:68 pmb:469 smb:7623 d:- ref:0 ;
in:349 out:350 type:b dur:2 cpbdur:2 q:53.10 aq:48.44 tex:254 mv:2491 misc:1639 imb:21 pmb:329 smb:7810 d:- ref:0 ;
in:354 out:351 type:P dur:2 cpbdur:2 q:53.20 aq:45.96 tex:9348 mv:9314 misc:4378 imb:376 pmb:997 smb:6787 d:- ref:0 ;
in:352 out:352 type:B dur:2 cpbdur:2 q:53.15 aq:44.85 tex:927 mv:6067 misc:2662 imb:119 pmb:602 smb:7439 d:- ref:0 ;
in:351 out:353 type:b dur:2 cpbdur:2 q:53.12 aq:48.30 tex:310 mv:3818 misc:1920 imb:56 pmb:422 smb:7682 d:- ref:0 ;
in:353 out:354 type:b dur:2 cpbdur:2 q:53.18 aq:45.28 tex:549 mv:3752 misc:1915 imb:81 pmb:406 smb:7673 d:- ref:0 ;
in:358 out:355 type:P dur:2 cpbdur:2 q:53.11 aq:43.75 tex:21297 mv:17976 misc:5311 imb:2745 pmb:1121 smb:4294 d:- ref:0 w:6,65,-1 ;
in:356 out:356 type:B dur:2 cpbdur:2 q:53.16 aq:46.13 tex:1142 mv:6790 misc:2484 imb:155 pmb:599 smb:7406 d:- ref:0 ;
in:355 out:357 type:b dur:2 cpbdur:2 q:53.18 aq:46.66 tex:739 mv:4415 misc:2014 imb:114 pmb:396 smb:7650 d:- ref:0 ;
in:357 out:358 type:b dur:2 cpbdur:2 q:53.13 aq:45.57 tex:463 mv:3967 misc:1906 imb:61 pmb:424 smb:7675 d:- ref:0 ;
in:362 out:359 type:P dur:2 cpbdur:2 q:52.98 aq:44.76 tex:14586 mv:11675 misc:4747 imb:735 pmb:915 smb:6510 d:- ref:0 ;
in:360 out:360 type:B dur:2 cpbdur:2 q:53.04 aq:45.55 tex:2354 mv:6733 misc:2785 imb:197 pmb:589 smb:7374 d:- ref:0 ;
in:359 out:361 type:b dur:2 cpbdur:2 q:53.08 aq:46.51 tex:754 mv:4444 misc:2042 imb:86 pmb:409 smb:7665 d:- ref:0 ;
in:361 out:362 type:b dur:2 cpbdur:2 q:53.01 aq:46.67 tex:568 mv:3538 misc:1702 imb:60 pmb:362 smb:7738 d:- ref:0 ;
in:366 out:363 type:P dur:2 cpbdur:2 q:52.84 aq:45.72 tex:18525 mv:14505 misc:4970 imb:682 pmb:1396 smb:6082 d:- ref:0 ;
in:364 out:364 type:B dur:2 cpbdur:2 q:52.91 aq:47.86 tex:2907 mv:6874 misc:3059 imb:169 pmb:631 smb:7360 d:- ref:0 ;
in:363 out:365 type:b dur:2 cpbdur:2 q:52.94 aq:52.13 tex:924 mv:3305 misc:1811 imb:44 pmb:370 smb:7746 d:- ref:0 ;
in:365 out:366 type:b dur:2 cpbdur:2 q:52.87 aq:47.73 tex:780 mv:3767 misc:1757 imb:95 pmb:356 smb:7709 d:- ref:0 ;
in:370 out:367 type:P dur:2 cpbdur:2 q:52.69 aq:46.40 tex:56810 mv:20396 misc:4026 imb:955 pmb:1779 smb:5426 d:- ref:0 ;
in:368 out:368 type:B dur:2 cpbdur:2 q:52.76 aq:48.57 tex:4506 mv:13745 misc:4093 imb:204 pmb:1104 smb:6852 d:- ref:0 ;
in:367 out:369 type:b dur:2 cpbdur:2 q:52.80 aq:52.12 tex:689 mv:4061 misc:1714 imb:77 pmb:332 smb:7751 d:- ref:0 ;
in:369 out:370 type:b dur:2 cpbdur:2 q:52.73 aq:53.36 tex:2261 mv:8494 misc:3157 imb:63 pmb:821 smb:7276 d:- ref:0 ;
in:371 out:371 type:P dur:2 cpbdur:2 q:52.58 aq:47.44 tex:17964 mv:15418 misc:4722 imb:598 pmb:1563 smb:5999 d:- ref:0 ;
in:372 out:372 type:P dur:2 cpbdur:2 q:52.56 aq:46.18 tex:20924 mv:17732 misc:5288 imb:872 pmb:1617 smb:5671 d:- ref:0 ;
in:373 out:373 type:P dur:2 cpbdur:2 q:52.54 aq:46.59 tex:27966 mv:17454 misc:4796 imb:744 pmb:1720 smb:5696 d:- ref:0 ;
in:374 out:374 type:P dur:2 cpbdur:2 q:52.50 aq:46.82 tex:76967 mv:21049 misc:4080 imb:915 pmb:2062 smb:5183 d:- ref:0 ;
in:378 out:375 type:P dur:2 cpbdur:2 q:52.49 aq:45.52 tex:231606 mv:26739 misc:2799 imb:3878 pmb:802 smb:3480 d:- ref:0 ;
in:376 out:376 type:B dur:2 cpbdur:2 q:52.50 aq:49.75 tex:13432 mv:15451 misc:4317 imb:269 pmb:1486 smb:6405 d:- ref:0 ;
in:375 out:377 type:b dur:2 cpbdur:2 q:52.50 aq:51.92 tex:1550 mv:6429 misc:2461 imb:59 pmb:622 smb:7479 d:- ref:0 ;
in:377 out:378 type:b dur:2 cpbdur:2 q:52.50 aq:46.20 tex:762 mv:4995 misc:2339 imb:68 pmb:496 smb:7596 d:- ref:0 ;
in:380 out:379 type:P dur:2 cpbdur:2 q:52.47 aq:45.12 tex:46552 mv:14633 misc:4719 imb:559 pmb:1724 smb:5877 d:- ref:0 ;
in:379 out:380 type:b dur:2 cpbdur:2 q:52.48 aq:49.33 tex:791 mv:4106 misc:1911 imb:73 pmb:410 smb:7677 d:- ref:0 ;
in:383 out:381 type:P dur:2 cpbdur:2 q:52.42 aq:44.17 tex:62977 mv:20834 misc:5229 imb:1193 pmb:2014 smb:4953 d:- ref:0 w:0,1,-1 ;
in:381 out:382 type:B dur:2 cpbdur:2 q:52.46 aq:49.09 tex:2127 mv:6190 misc:2699 imb:93 pmb:576 smb:7491 d:- ref:0 ;
in:382 out:383 type:b dur:2 cpbdur:2 q:52.44 aq:49.40 tex:985 mv:4268 misc:2371 imb:45 pmb:534 smb:7581 d:- ref:0 ;
in:387 out:384 type:P dur:2 cpbdur:2 q:52.40 aq:44.22 tex:68919 mv:19267 misc:5318 imb:1087 pmb:2104 smb:4969 d:- ref:0 w:0,1,-1 ;
in:385 out:385 type:B dur:2 cpbdur:2 q:52.41 aq:45.63 tex:1674 mv:5376 misc:3022 imb:55 pmb:678 smb:7427 d:- ref:0 ;
in:384 out:386 type:b dur:2 cpbdur:2 q:52.42 aq:44.16 tex:777 mv:4421 misc:2058 imb:57 pmb:454 smb:7649 d:- ref:0 ;
in:386 out:387 type:b dur:2 cpbdur:2 q:52.40 aq:46.58 tex:953 mv:2892 misc:1643 imb:49 pmb:316 smb:7795 d:- ref:0 ;
in:391 out:388 type:P dur:2 cpbdur:2 q:52.29 aq:45.30 tex:34932 mv:12880 misc:5372 imb:560 pmb:1682 smb:5918 d:- ref:0 ;
in:389 out:389 type:B dur:2 cpbdur:2 q:52.34 aq:46.10 tex:1235 mv:5140 misc:2761 imb:65 pmb:562 smb:7533 d:- ref:0 ;
in:388 out:390 type:b dur:2 cpbdur:2 q:52.37 aq:48.35 tex:537 mv:3786 misc:2437 imb:17 pmb:584 smb:7559 d:- ref:0 ;
in:390 out:391 type:b dur:2 cpbdur:2 q:52.32 aq:52.26 tex:556 mv:2117 misc:1655 imb:13 pmb:281 smb:7866 d:- ref:0 ;
in:395 out:392 type:P dur:2 cpbdur:2 q:52.23 aq:44.86 tex:30094 mv:12575 misc:4979 imb:651 pmb:1457 smb:6052 d:- ref:0 ;
in:393 out:393 type:B dur:2 cpbdur:2 q:52.26 aq:44.13 tex:1180 mv:3880 misc:2012 imb:98 pmb:388 smb:7674 d:- ref:0 ;
in:392 out:394 type:b dur:2 cpbdur:2 q:52.27 aq:47.03 tex:518 mv:2060 misc:1350 imb:30 pmb:226 smb:7904 d:- ref:0 ;
in:394 out:395 type:b dur:2 cpbdur:2 q:52.24 aq:48.33 tex:809 mv:2184 misc:1799 imb:30 pmb:345 smb:7785 d:- ref:0 ;
in:399 out:396 type:P dur:2 cpbdur:2 q:52.19 aq:44.23 tex:25623 mv:12902 misc:4603 imb:630 pmb:1400 smb:6130 d:- ref:0 w:0,1,1 ;
in:397 out:397 type:B dur:2 cpbdur:2 q:52.21 aq:48.14 tex:1796 mv:5629 misc:2623 imb:139 pmb:534 smb:7487 d:- ref:0 ;
in:396 out:398 type:b dur:2 cpbdur:2 q:52.22 aq:49.33 tex:687 mv:3126 misc:1931 imb:30 pmb:380 smb:7750 d:- ref:0 ;
in:398 out:399 type:b dur:2 cpbdur:2 q:52.20 aq:47.48 tex:928 mv:3146 misc:1486 imb:44 pmb:384 smb:7732 d:- ref:0 ;
in:402 out:400 type:P dur:2 cpbdur:2 q:52.83 aq:43.32 tex:2096 mv:5829 misc:2491 imb:327 pmb:407 smb:7426 d:- ref:0 ;
in:400 out:401 type:B dur:2 cpbdur:2 q:52.40 aq:48.76 tex:750 mv:3774 misc:1820 imb:91 pmb:371 smb:7698 d:- ref:0 ;
in:401 out:402 type:b dur:2 cpbdur:2 q:52.61 aq:45.75 tex:690 mv:3133 misc:1585 imb:38 pmb:320 smb:7802 d:- ref:0 ;
in:403 out:403 type:I dur:2 cpbdur:2 q:49.62 aq:40.65 tex:318619 mv:90960 misc:709 imb:8160 pmb:0 smb:0 d:- ref:;
in:407 out:404 type:P dur:2 cpbdur:2 q:53.60 aq:44.36 tex:7793 mv:9760 misc:4255 imb:459 pmb:955 smb:6746 d:- ref:0 ;
in:405 out:405 type:B dur:2 cpbdur:2 q:53.60 aq:45.52 tex:697 mv:4939 misc:2468 imb:48 pmb:625 smb:7487 d:- ref:0 ;
in:404 out:406 type:b dur:2 cpbdur:2 q:53.60 aq:48.24 tex:401 mv:3490 misc:1637 imb:52 pmb:370 smb:7738 d:- ref:0 ;
in:406 out:407 type:b dur:2 cpbdur:2 q:53.60 aq:46.71 tex:513 mv:2154 misc:1605 imb:6 pmb:313 smb:7841 d:- ref:0 ;
in:411 out:408 type:P dur:2 cpbdur:2 q:53.69 aq:46.47 tex:9878 mv:8911 misc:4075 imb:328 pmb:1054 smb:6778 d:- ref:0 ;
in:409 out:409 type:B dur:2 cpbdur:2 q:53.65 aq:46.43 tex:757 mv:3519 misc:1828 imb:21 pmb:435 smb:7704 d:- ref:0 ;
in:408 out:410 type:b dur:2 cpbdur:2 q:53.62 aq:51.46 tex:297 mv:2472 misc:1591 imb:6 pmb:326 smb:7828 d:- ref:0 ;
in:410 out:411 type:b dur:2 cpbdur:2 q:53.67 aq:50.54 tex:324 mv:1603 misc:1409 imb:6 pmb:209 smb:7945 d:- ref:0 ;
in:415 out:412 type:P dur:2 cpbdur:2 q:53.60 aq:45.82 tex:8724 mv:9541 misc:4159 imb:265 pmb:1211 smb:6684 d:- ref:0 ;
in:413 out:413 type:B dur:2 cpbdur:2 q:53.64 aq:44.06 tex:405 mv:3957 misc:2006 imb:39 pmb:419 smb:7702 d:- ref:0 ;
in:412 out:414 type:b dur:2 cpbdur:2 q:53.67 aq:52.89 tex:222 mv:2187 misc:1327 imb:9 pmb:248 smb:7903 d:- ref:0 ;
in:414 out:415 type:b dur:2 cpbdur:2 q:53.62 aq:48.01 tex:380 mv:1861 misc:1831 imb:9 pmb:386 smb:7765 d:- ref:0 ;
in:419 out:416 type:P dur:2 cpbdur:2 q:53.46 aq:44.43 tex:11436 mv:10217 misc:4419 imb:374 pmb:1177 smb:6609 d:- ref:0 w:0,1,1 ;
in:417 out:417 type:B dur:2 cpbdur:2 q:53.53 aq:44.86 tex:849 mv:4573 misc:2042 imb:104 pmb:424 smb:7632 d:- ref:0 ;
in:416 out:418 type:b dur:2 cpbdur:2 q:53.56 aq:47.11 tex:145 mv:1825 misc:1246 imb:8 pmb:258 smb:7894 d:- ref:0 ;
in:418 out:419 type:b dur:2 cpbdur:2 q:53.49 aq:46.32 tex:524 mv:3252 misc:1520 imb:55 pmb:351 smb:7754 d:- ref:0 ;
in:423 out:420 type:P dur:2 cpbdur:2 q:53.31 aq:44.84 tex:13118 mv:10129 misc:4361 imb:578 pmb:1010 smb:6572 d:- ref:0 ;
in:421 out:421 type:B dur:2 cpbdur:2 q:53.38 aq:44.64 tex:1829 mv:4619 misc:2264 imb:119 pmb:485 smb:7556 d:- ref:0 ;
in:420 out:422 type:b dur:2 cpbdur:2 q:53.42 aq:44.87 tex:516 mv:3120 misc:1532 imb:51 pmb:326 smb:7783 d:- ref:0 ;
in:422 out:423 type:b dur:2 cpbdur:2 q:53.34 aq:47.82 tex:893 mv:3178 misc:1865 imb:14 pmb:416 smb:7730 d:- ref:0 ;
in:427 out:424 type:P dur:2 cpbdur:2 q:53.00 aq:44.94 tex:12479 mv:11781 misc:4724 imb:538 pmb:1245 smb:6377 d:- ref:0 ;
in:425 out:425 type:B dur:2 cpbdur:2 q:53.16 aq:47.21 tex:1210 mv:4761 misc:2701 imb:75 pmb:541 smb:7544 d:- ref:0 ;
in:424 out:426 type:b dur:2 cpbdur:2 q:53.23 aq:48.72 tex:404 mv:3859 misc:2057 imb:31 pmb:459 smb:7670 d:- ref:0 ;
in:426 out:427 type:b dur:2 cpbdur:2 q:53.08 aq:47.28 tex:594 mv:2446 misc:1824 imb:17 pmb:294 smb:7849 d:- ref:0 ;
in:430 out:428 type:P dur:2 cpbdur:2 q:52.74 aq:43.96 tex:17318 mv:13910 misc:5212 imb:679 pmb:1467 smb:6014 d:- ref:0 ;
in:428 out:429 type:B dur:2 cpbdur:2 q:52.92 aq:48.58 tex:1161 mv:4844 misc:2371 imb:52 pmb:526 smb:7582 d:- ref:0 ;
in:429 out:430 type:b dur:2 cpbdur:2 q:52.83 aq:49.05 tex:275 mv:3394 misc:1931 imb:26 pmb:385 smb:7749 d:- ref:0 ;
in:434 out:431 type:P dur:2 cpbdur:2 q:52.64 aq:44.84 tex:21543 mv:13719 misc:4994 imb:761 pmb:1390 smb:6009 d:- ref:0 ;
in:432 out:432 type:B dur:2 cpbdur:2 q:52.69 aq:44.91 tex:2131 mv:7189 misc:3264 imb:102 pmb:787 smb:7271 d:- ref:0 ;
in:431 out:433 type:b dur:2 cpbdur:2 q:52.72 aq:46.39 tex:632 mv:4512 misc:2312 imb:65 pmb:480 smb:7615 d:- ref:0 ;
in:433 out:434 type:b dur:2 cpbdur:2 q:52.67 aq:43.46 tex:495 mv:3361 misc:1768 imb:13 pmb:379 smb:7768 d:- ref:0 ;
in:436 out:435 type:P dur:2 cpbdur:2 q:52.46 aq:43.97 tex:22331 mv:15875 misc:5194 imb:785 pmb:1523 smb:5852 d:- ref:0 ;
in:435 out:436 type:b dur:2 cpbdur:2 q:52.55 aq:43.09 tex:588 mv:5020 misc:2016 imb:89 pmb:449 smb:7622 d:- ref:0 ;
in:440 out:437 type:P dur:2 cpbdur:2 q:52.40 aq:42.85 tex:21547 mv:15570 misc:6019 imb:958 pmb:1421 smb:5781 d:- ref:0 ;
in:438 out:438 type:B dur:2 cpbdur:2 q:52.43 aq:43.93 tex:826 mv:5110 misc:2792 imb:54 pmb:599 smb:7507 d:- ref:0 ;
in:437 out:439 type:b dur:2 cpbdur:2 q:52.44 aq:48.36 tex:361 mv:3709 misc:2066 imb:26 pmb:478 smb:7656 d:- ref:0 ;
in:439 out:440 type:b dur:2 cpbdur:2 q:52.41 aq:48.30 tex:364 mv:898 misc:1106 imb:4 pmb:147 smb:8009 d:- ref:0 ;
in:444 out:441 type:P dur:2 cpbdur:2 q:52.23 aq:42.71 tex:18396 mv:14193 misc:6067 imb:908 pmb:1264 smb:5988 d:- ref:0 ;
in:442 out:442 type:B dur:2 cpbdur:2 q:52.31 aq:43.49 tex:644 mv:2853 misc:1847 imb:34 pmb:386 smb:7740 d:- ref:0 ;
in:441 out:443 type:b dur:2 cpbdur:2 q:52.35 aq:49.74 tex:321 mv:1928 misc:1519 imb:9 pmb:233 smb:7918 d:- ref:0 ;
in:443 out:444 type:b dur:2 cpbdur:2 q:52.27 aq:48.60 tex:630 mv:2975 misc:1547 imb:40 pmb:350 smb:7770 d:- ref:0 ;
in:448 out:445 type:P dur:2 cpbdur:2 q:52.07 aq:43.01 tex:13000 mv:13109 misc:5731 imb:592 pmb:1396 smb:6172 d:- ref:0 ;
in:446 out:446 type:B dur:2 cpbdur:2 q:52.15 aq:44.05 tex:917 mv:3814 misc:2165 imb:46 pmb:417 smb:7697 d:- ref:0 ;
in:445 out:447 type:b dur:2 cpbdur:2 q:52.19 aq:49.18 tex:296 mv:1975 misc:1561 imb:6 pmb:262 smb:7892 d:- ref:0 ;
in:447 out:448 type:b dur:2 cpbdur:2 q:52.11 aq:44.31 tex:338 mv:2649 misc:1917 imb:13 pmb:443 smb:7704 d:- ref:0 ;
in:452 out:449 type:P dur:2 cpbdur:2 q:51.91 aq:44.08 tex:7473 mv:6275 misc:3732 imb:228 pmb:745 smb:7187 d:- ref:0 ;
in:450 out:450 type:B dur:2 cpbdur:2 q:51.99 aq:45.57 tex:988 mv:5449 misc:2787 imb:51 pmb:613 smb:7496 d:- ref:0 ;
in:449 out:451 type:b dur:2 cpbdur:2 q:52.03 aq:47.11 tex:337 mv:3330 misc:1965 imb:9 pmb:432 smb:7719 d:- ref:0 ;
in:451 out:452 type:b dur:2 cpbdur:2 q:51.95 aq:50.03 tex:290 mv:2692 misc:1850 imb:8 pmb:342 smb:7810 d:- ref:0 ;
in:456 out:453 type:P dur:2 cpbdur:2 q:51.73 aq:42.18 tex:243825 mv:25110 misc:4137 imb:2080 pmb:1421 smb:4659 d:- ref:0 ;
in:454 out:454 type:B dur:2 cpbdur:2 q:51.82 aq:48.52 tex:10823 mv:10229 misc:4076 imb:79 pmb:1220 smb:6861 d:- ref:0 ;
in:453 out:455 type:b dur:2 cpbdur:2 q:51.87 aq:48.71 tex:803 mv:4058 misc:2491 imb:41 pmb:521 smb:7598 d:- ref:0 ;
in:455 out:456 type:b dur:2 cpbdur:2 q:51.78 aq:47.71 tex:931 mv:5230 misc:2919 imb:91 pmb:739 smb:7330 d:- ref:0 ;
in:460 out:457 type:P dur:2 cpbdur:2 q:51.92 aq:42.51 tex:31023 mv:15852 misc:5077 imb:626 pmb:1665 smb:5869 d:- ref:0 ;
in:458 out:458 type:B dur:2 cpbdur:2 q:51.83 aq:46.27 tex:1082 mv:6159 misc:2775 imb:62 pmb:610 smb:7488 d:- ref:0 ;
in:457 out:459 type:b dur:2 cpbdur:2 q:51.78 aq:46.52 tex:379 mv:2671 misc:1326 imb:14 pmb:339 smb:7807 d:- ref:0 ;
in:459 out:460 type:b dur:2 cpbdur:2 q:51.87 aq:46.33 tex:306 mv:3412 misc:1786 imb:37 pmb:388 smb:7735 d:- ref:0 ;
in:464 out:461 type:P dur:2 cpbdur:2 q:51.82 aq:43.30 tex:27924 mv:13814 misc:4966 imb:526 pmb:1648 smb:5986 d:- ref:0 ;
in:462 out:462 type:B dur:2 cpbdur:2 q:51.87 aq:44.42 tex:1109 mv:5147 misc:2568 imb:54 pmb:599 smb:7507 d:- ref:0 ;
in:461 out:463 type:b dur:2 cpbdur:2 q:51.89 aq:47.75 tex:320 mv:3553 misc:1671 imb:32 pmb:351 smb:7777 d:- ref:0 ;
in:463 out:464 type:b dur:2 cpbdur:2 q:51.85 aq:48.10 tex:503 mv:2880 misc:2169 imb:13 pmb:450 smb:7697 d:- ref:0 ;
in:468 out:465 type:P dur:2 cpbdur:2 q:51.71 aq:43.60 tex:21693 mv:12438 misc:4813 imb:423 pmb:1551 smb:6186 d:- ref:0 ;
in:466 out:466 type:B dur:2 cpbdur:2 q:51.77 aq:43.26 tex:1410 mv:6017 misc:3085 imb:45 pmb:782 smb:7333 d:- ref:0 ;
in:465 out:467 type:b dur:2 cpbdur:2 q:51.80 aq:51.57 tex:400 mv:3532 misc:2100 imb:8 pmb:443 smb:7709 d:- ref:0 ;
in:467 out:468 type:b dur:2 cpbdur:2 q:51.74 aq:45.33 tex:375 mv:1977 misc:1216 imb:16 pmb:223 smb:7921 d:- ref:0 ;
in:472 out:469 type:P dur:2 cpbdur:2 q:51.57 aq:43.60 tex:18409 mv:11424 misc:4847 imb:434 pmb:1365 smb:6361 d:- ref:0 ;
in:470 out:470 type:B dur:2 cpbdur:2 q:51.64 aq:47.91 tex:1177 mv:4656 misc:2599 imb:16 pmb:575 smb:7569 d:- ref:0 ;
in:469 out:471 type:b dur:2 cpbdur:2 q:51.67 aq:43.05 tex:586 mv:2801 misc:1685 imb:25 pmb:342 smb:7793 d:- ref:0 ;
in:471 out:472 type:b dur:2 cpbdur:2 q:51.60 aq:41.95 tex:267 mv:1896 misc:1509 imb:1 pmb:255 smb:7904 d:- ref:0 ;
in:476 out:473 type:P dur:2 cpbdur:2 q:51.41 aq:43.31 tex:10561 mv:11242 misc:4701 imb:328 pmb:1295 smb:6537 d:- ref:0 ;
in:474 out:474 type:B dur:2 cpbdur:2 q:51.49 aq:44.05 tex:1305 mv:5224 misc:2383 imb:40 pmb:560 smb:7560 d:- ref:0 ;
in:473 out:475 type:b dur:2 cpbdur:2 q:51.53 aq:46.87 tex:317 mv:2255 misc:1604 imb:1 pmb:264 smb:7895 d:- ref:0 ;
in:475 out:476 type:b dur:2 cpbdur:2 q:51.45 aq:46.89 tex:439 mv:3670 misc:1755 imb:10 pmb:409 smb:7741 d:- ref:0 ;
in:480 out:477 type:P dur:2 cpbdur:2 q:51.60 aq:44.18 tex:5551 mv:7224 misc:3825 imb:267 pmb:779 smb:7114 d:- ref:0 ;
in:478 out:478 type:B dur:2 cpbdur:2 q:51.51 aq:44.48 tex:1598 mv:5948 misc:2710 imb:138 pmb:613 smb:7409 d:- ref:0 ;
in:477 out:479 type:b dur:2 cpbdur:2 q:51.46 aq:42.02 tex:200 mv:2629 misc:1603 imb:22 pmb:310 smb:7828 d:- ref:0 ;
in:479 out:480 type:b dur:2 cpbdur:2 q:51.56 aq:41.67 tex:249 mv:2465 misc:1550 imb:20 pmb:308 smb:7832 d:- ref:0 ;
in:484 out:481 type:P dur:2 cpbdur:2 q:51.44 aq:44.28 tex:4965 mv:10495 misc:4340 imb:346 pmb:1146 smb:6668 d:- ref:0 ;
in:482 out:482 type:B dur:2 cpbdur:2 q:51.52 aq:44.97 tex:1426 mv:7456 misc:3070 imb:57 pmb:816 smb:7287 d:- ref:0 ;
in:481 out:483 type:b dur:2 cpbdur:2 q:51.56 aq:42.49 tex:621 mv:4173 misc:2502 imb:13 pmb:610 smb:7537 d:- ref:0 ;
in:483 out:484 type:b dur:2 cpbdur:2 q:51.48 aq:45.75 tex:1140 mv:5023 misc:2669 imb:27 pmb:636 smb:7497 d:- ref:0 ;
in:485 out:485 type:P dur:2 cpbdur:2 q:51.30 aq:45.69 tex:11880 mv:9298 misc:4110 imb:489 pmb:1148 smb:6523 d:- ref:0 ;
in:486 out:486 type:P dur:2 cpbdur:2 q:51.29 aq:46.20 tex:25299 mv:12208 misc:4077 imb:420 pmb:1524 smb:6216 d:- ref:0 ;
in:487 out:487 type:P dur:2 cpbdur:2 q:51.28 aq:47.68 tex:21682 mv:10641 misc:4141 imb:451 pmb:1291 smb:6418 d:- ref:0 ;
in:488 out:488 type:P dur:2 cpbdur:2 q:51.26 aq:46.52 tex:43517 mv:15984 misc:4083 imb:711 pmb:1677 smb:5772 d:- ref:0 ;
in:489 out:489 type:P dur:2 cpbdur:2 q:51.28 aq:46.84 tex:28603 mv:17453 misc:4736 imb:625 pmb:1768 smb:5767 d:- ref:0 ;
in:490 out:490 type:P dur:2 cpbdur:2 q:51.28 aq:47.31 tex:51970 mv:21792 misc:4262 imb:878 pmb:2013 smb:5269 d:- ref:0 ;
in:491 out:491 type:P dur:2 cpbdur:2 q:51.27 aq:46.59 tex:33961 mv:22437 misc:5098 imb:939 pmb:1993 smb:5228 d:- ref:0 ;
in:492 out:492 type:P dur:2 cpbdur:2 q:51.25 aq:46.44 tex:51425 mv:26445 misc:4962 imb:1269 pmb:2149 smb:4742 d:- ref:0 ;
in:493 out:493 type:P dur:2 cpbdur:2 q:51.27 aq:47.15 tex:45831 mv:24756 misc:4997 imb:1276 pmb:2065 smb:4819 d:- ref:0 ;
in:494 out:494 type:P dur:2 cpbdur:2 q:51.26 aq:46.29 tex:35122 mv:23953 misc:5645 imb:1297 pmb:1980 smb:4883 d:- ref:0 ;
in:495 out:495 type:P dur:2 cpbdur:2 q:51.24 aq:45.71 tex:31575 mv:23920 misc:6017 imb:1268 pmb:1958 smb:4934 d:- ref:0 ;
in:496 out:496 type:P dur:2 cpbdur:2 q:51.23 aq:45.23 tex:32700 mv:25276 misc:6296 imb:1410 pmb:2057 smb:4693 d:- ref:0 ;
in:497 out:497 type:P dur:2 cpbdur:2 q:51.24 aq:45.53 tex:30948 mv:24635 misc:6169 imb:1024 pmb:2190 smb:4946 d:- ref:0 ;
in:498 out:498 type:P dur:2 cpbdur:2 q:51.23 aq:46.31 tex:32133 mv:23562 misc:5849 imb:1062 pmb:2105 smb:4993 d:- ref:0 ;
in:499 out:499 type:P dur:2 cpbdur:2 q:51.21 aq:45.90 tex:101680 mv:34942 misc:4994 imb:1717 pmb:2518 smb:3925 d:- ref:0 ;
in:501 out:500 type:P dur:2 cpbdur:2 q:51.24 aq:47.34 tex:101280 mv:28867 misc:4685 imb:1707 pmb:2459 smb:3994 d:- ref:0 ;
in:500 out:501 type:b dur:2 cpbdur:2 q:51.23 aq:51.96 tex:13283 mv:14916 misc:4913 imb:195 pmb:1638 smb:6327 d:- ref:0 ;
in:502 out:502 type:P dur:2 cpbdur:2 q:51.19 aq:47.64 tex:101354 mv:24928 misc:4342 imb:2097 pmb:1882 smb:4181 d:- ref:0 w:0,1,1 ;
in:503 out:503 type:P dur:2 cpbdur:2 q:51.19 aq:47.33 tex:79585 mv:23453 misc:4842 imb:1981 pmb:1610 smb:4569 d:- ref:0 ;
in:504 out:504 type:P dur:2 cpbdur:2 q:51.17 aq:46.73 tex:128726 mv:31059 misc:4071 imb:3344 pmb:1727 smb:3089 d:- ref:0 w:0,1,2 ;
in:505 out:505 type:P dur:2 cpbdur:2 q:51.17 aq:45.69 tex:203863 mv:35521 misc:3640 imb:4643 pmb:1292 smb:2225 d:- ref:0 w:0,1,1 ;
in:506 out:506 type:P dur:2 cpbdur:2 q:51.21 aq:47.18 tex:196171 mv:34657 misc:3540 imb:2996 pmb:1562 smb:3602 d:- ref:0 ;
in:507 out:507 type:P dur:2 cpbdur:2 q:51.24 aq:47.46 tex:55052 mv:20436 misc:4808 imb:966 pmb:2035 smb:5159 d:- ref:0 ;
in:508 out:508 type:P dur:2 cpbdur:2 q:51.25 aq:45.68 tex:23038 mv:14957 misc:5813 imb:713 pmb:1681 smb:5766 d:- ref:0 w:7,127,2 ;
in:509 out:509 type:P dur:2 cpbdur:2 q:51.24 aq:46.93 tex:81003 mv:22380 misc:5017 imb:1479 pmb:1798 smb:4883 d:- ref:0 ;
in:510 out:510 type:P dur:2 cpbdur:2 q:51.25 aq:46.79 tex:138306 mv:30235 misc:4491 imb:2234 pmb:1947 smb:3979 d:- ref:0 ;
in:511 out:511 type:P dur:2 cpbdur:2 q:51.32 aq:45.76 tex:31126 mv:18987 misc:6087 imb:927 pmb:1837 smb:5396 d:- ref:0 ;
in:512 out:512 type:P dur:2 cpbdur:2 q:51.37 aq:45.72 tex:44367 mv:24187 misc:5502 imb:1036 pmb:2433 smb:4691 d:- ref:0 ;
in:513 out:513 type:P dur:2 cpbdur:2 q:51.43 aq:46.05 tex:50503 mv:22917 misc:5060 imb:900 pmb:2398 smb:4862 d:- ref:0 ;
in:514 out:514 type:P dur:2 cpbdur:2 q:51.54 aq:45.30 tex:41163 mv:20993 misc:5660 imb:979 pmb:2090 smb:5091 d:- ref:0 ;
in:515 out:515 type:P dur:2 cpbdur:2 q:51.63 aq:44.54 tex:57562 mv:25024 misc:5270 imb:1155 pmb:2440 smb:4565 d:- ref:0 ;
in:517 out:516 type:P dur:2 cpbdur:2 q:51.76 aq:46.90 tex:77341 mv:23710 misc:4445 imb:628 pmb:2594 smb:4938 d:- ref:0 ;
in:516 out:517 type:b dur:2 cpbdur:2 q:51.70 aq:51.67 tex:2052 mv:6838 misc:2934 imb:60 pmb:675 smb:7425 d:- ref:0 ;
in:518 out:518 type:P dur:2 cpbdur:2 q:51.99 aq:46.82 tex:22454 mv:12202 misc:5168 imb:340 pmb:1666 smb:6154 d:- ref:0 ;
in:519 out:519 type:P dur:2 cpbdur:2 q:52.07 aq:46.16 tex:32911 mv:15833 misc:5384 imb:525 pmb:1977 smb:5658 d:- ref:0 ;
in:522 out:520 type:P dur:2 cpbdur:2 q:52.15 aq:46.29 tex:31987 mv:19680 misc:4821 imb:565 pmb:2214 smb:5381 d:- ref:0 ;
in:520 out:521 type:B dur:2 cpbdur:2 q:52.09 aq:50.20 tex:3561 mv:9524 misc:3595 imb:136 pmb:894 smb:7130 d:- ref:0 ;
in:521 out:522 type:b dur:2 cpbdur:2 q:52.12 aq:50.01 tex:714 mv:4985 misc:2469 imb:31 pmb:599 smb:7530 d:- ref:0 ;
in:523 out:523 type:P dur:2 cpbdur:2 q:52.41 aq:44.53 tex:24596 mv:18681 misc:5891 imb:1217 pmb:1878 smb:5065 d:- ref:0 w:0,1,1 ;
in:524 out:524 type:P dur:2 cpbdur:2 q:52.60 aq:45.72 tex:15480 mv:13492 misc:5476 imb:422 pmb:1515 smb:6223 d:- ref:0 ;
in:525 out:525 type:P dur:2 cpbdur:2 q:52.65 aq:45.29 tex:20063 mv:13892 misc:5757 imb:552 pmb:1512 smb:6096 d:- ref:0 ;
in:529 out:526 type:P dur:2 cpbdur:2 q:52.84 aq:45.71 tex:25140 mv:19244 misc:5904 imb:725 pmb:2017 smb:5418 d:- ref:0 ;
in:527 out:527 type:B dur:2 cpbdur:2 q:52.75 aq:48.49 tex:2459 mv:6751 misc:3254 imb:67 pmb:792 smb:7301 d:- ref:0 ;
in:526 out:528 type:b dur:2 cpbdur:2 q:52.70 aq:48.04 tex:679 mv:4611 misc:2422 imb:39 pmb:563 smb:7558 d:- ref:0 ;
in:528 out:529 type:b dur:2 cpbdur:2 q:52.80 aq:46.76 tex:373 mv:2828 misc:1831 imb:11 pmb:360 smb:7789 d:- ref:0 ;
in:533 out:530 type:P dur:2 cpbdur:2 q:53.76 aq:48.07 tex:111455 mv:22580 misc:4533 imb:2361 pmb:1138 smb:4661 d:- ref:0 ;
in:531 out:531 type:B dur:2 cpbdur:2 q:53.30 aq:46.87 tex:2017 mv:8819 misc:3364 imb:161 pmb:789 smb:7210 d:- ref:0 ;
in:530 out:532 type:b dur:2 cpbdur:2 q:53.07 aq:48.49 tex:874 mv:4984 misc:2406 imb:56 pmb:609 smb:7495 d:- ref:0 ;
in:532 out:533 type:b dur:2 cpbdur:2 q:53.53 aq:46.73 tex:1356 mv:5911 misc:2445 imb:64 pmb:645 smb:7451 d:- ref:0 ;
in:535 out:534 type:P dur:2 cpbdur:2 q:54.13 aq:45.31 tex:6114 mv:9123 misc:4147 imb:495 pmb:670 smb:6995 d:- ref:0 ;
in:534 out:535 type:b dur:2 cpbdur:2 q:53.94 aq:53.78 tex:1133 mv:3521 misc:1850 imb:81 pmb:338 smb:7741 d:- ref:0 ;
in:538 out:536 type:P dur:2 cpbdur:2 q:54.18 aq:49.62 tex:97051 mv:24157 misc:4120 imb:2919 pmb:1136 smb:4105 d:- ref:0 ;
in:536 out:537 type:B dur:2 cpbdur:2 q:54.15 aq:52.73 tex:64577 mv:29626 misc:4229 imb:1064 pmb:2039 smb:5057 d:- ref:0 ;
in:537 out:538 type:b dur:2 cpbdur:2 q:54.16 aq:53.83 tex:14687 mv:12754 misc:4543 imb:137 pmb:1616 smb:6407 d:- ref:0 ;
in:539 out:539 type:I dur:2 cpbdur:2 q:49.71 aq:43.99 tex:222502 mv:94635 misc:647 imb:8160 pmb:0 smb:0 d:- ref:;
in:541 out:540 type:P dur:2 cpbdur:2 q:54.73 aq:47.76 tex:122462 mv:23378 misc:3056 imb:2590 pmb:1014 smb:4556 d:- ref:0 ;
in:540 out:541 type:b dur:2 cpbdur:2 q:54.73 aq:54.51 tex:14072 mv:14204 misc:4124 imb:262 pmb:1415 smb:6483 d:- ref:0 ;
in:543 out:542 type:P dur:2 cpbdur:2 q:54.77 aq:49.68 tex:12675 mv:14066 misc:4443 imb:528 pmb:1378 smb:6254 d:- ref:0 ;
in:542 out:543 type:b dur:2 cpbdur:2 q:54.75 aq:51.55 tex:648 mv:6762 misc:2950 imb:46 pmb:765 smb:7349 d:- ref:0 ;
in:544 out:544 type:P dur:2 cpbdur:2 q:54.74 aq:49.01 tex:12125 mv:12493 misc:4278 imb:574 pmb:1284 smb:6302 d:- ref:0 w:7,127,2 ;
in:545 out:545 type:P dur:2 cpbdur:2 q:54.72 aq:48.20 tex:11766 mv:10301 misc:4357 imb:448 pmb:1062 smb:6650 d:- ref:0 ;
in:546 out:546 type:P dur:2 cpbdur:2 q:54.69 aq:47.49 tex:11102 mv:10408 misc:4546 imb:616 pmb:970 smb:6574 d:- ref:0 ;
in:548 out:547 type:P dur:2 cpbdur:2 q:54.65 aq:48.42 tex:19346 mv:18188 misc:5202 imb:902 pmb:1508 smb:5750 d:- ref:0 ;
in:547 out:548 type:b dur:2 cpbdur:2 q:54.67 aq:52.34 tex:978 mv:7778 misc:2852 imb:140 pmb:627 smb:7393 d:- ref:0 ;
in:549 out:549 type:P dur:2 cpbdur:2 q:54.56 aq:48.10 tex:19763 mv:14092 misc:5049 imb:690 pmb:1304 smb:6166 d:- ref:0 ;
in:550 out:550 type:P dur:2 cpbdur:2 q:54.51 aq:48.62 tex:11912 mv:11438 misc:4786 imb:615 pmb:1015 smb:6530 d:- ref:0 ;
in:551 out:551 type:P dur:2 cpbdur:2 q:54.48 aq:47.85 tex:12285 mv:12033 misc:4874 imb:487 pmb:1088 smb:6585 d:- ref:0 ;
in:552 out:552 type:P dur:2 cpbdur:2 q:54.45 aq:47.94 tex:13342 mv:14168 misc:5066 imb:593 pmb:1266 smb:6301 d:- ref:0 ;
in:553 out:553 type:P dur:2 cpbdur:2 q:54.42 aq:46.64 tex:18637 mv:14777 misc:5426 imb:822 pmb:1324 smb:6014 d:- ref:0 ;
in:555 out:554 type:P dur:2 cpbdur:2 q:54.50 aq:47.32 tex:46776 mv:19672 misc:5216 imb:967 pmb:1834 smb:5359 d:- ref:0 ;
in:554 out:555 type:b dur:2 cpbdur:2 q:54.46 aq:49.97 tex:970 mv:4481 misc:2229 imb:45 pmb:452 smb:7663 d:- ref:0 ;
in:556 out:556 type:P dur:2 cpbdur:2 q:54.52 aq:48.73 tex:39109 mv:15005 misc:4326 imb:665 pmb:1755 smb:5740 d:- ref:0 ;
in:557 out:557 type:P dur:2 cpbdur:2 q:54.56 aq:46.68 tex:22325 mv:14688 misc:5827 imb:929 pmb:1456 smb:5775 d:- ref:0 ;
in:561 out:558 type:P dur:2 cpbdur:2 q:54.56 aq:46.85 tex:25255 mv:22973 misc:5844 imb:1355 pmb:1771 smb:5034 d:- ref:0 ;
in:559 out:559 type:B dur:2 cpbdur:2 q:54.56 aq:48.38 tex:4411 mv:11662 misc:3935 imb:174 pmb:1132 smb:6854 d:- ref:0 ;
in:558 out:560 type:b dur:2 cpbdur:2 q:54.56 aq:50.79 tex:1337 mv:6489 misc:2790 imb:78 pmb:699 smb:7383 d:- ref:0 ;
in:560 out:561 type:b dur:2 cpbdur:2 q:54.56 aq:48.90 tex:1077 mv:6427 misc:2584 imb:88 pmb:643 smb:7429 d:- ref:0 ;
in:563 out:562 type:P dur:2 cpbdur:2 q:54.71 aq:47.80 tex:13142 mv:16466 misc:5312 imb:853 pmb:1367 smb:5940 d:- ref:0 ;
in:562 out:563 type:b dur:2 cpbdur:2 q:54.64 aq:47.67 tex:1193 mv:6594 misc:2605 imb:69 pmb:701 smb:7390 d:- ref:0 ;
in:564 out:564 type:P dur:2 cpbdur:2 q:54.89 aq:47.90 tex:8242 mv:12269 misc:4697 imb:503 pmb:1057 smb:6600 d:- ref:0 ;
in:566 out:565 type:P dur:2 cpbdur:2 q:54.91 aq:46.35 tex:12996 mv:18377 misc:5643 imb:957 pmb:1379 smb:5824 d:- ref:0 ;
in:565 out:566 type:b dur:2 cpbdur:2 q:54.90 aq:49.07 tex:1112 mv:7575 misc:3121 imb:87 pmb:765 smb:7308 d:- ref:0 ;
in:567 out:567 type:P dur:2 cpbdur:2 q:54.91 aq:46.84 tex:13513 mv:15242 misc:4973 imb:716 pmb:1215 smb:6229 d:- ref:0 ;
in:568 out:568 type:P dur:2 cpbdur:2 q:54.91 aq:49.00 tex:10976 mv:14959 misc:4561 imb:586 pmb:1232 smb:6342 d:- ref:0 ;
in:570 out:569 type:P dur:2 cpbdur:2 q:54.91 aq:47.29 tex:27515 mv:23814 misc:4375 imb:1808 pmb:1511 smb:4841 d:- ref:0 ;
in:569 out:570 type:b dur:2 cpbdur:2 q:54.91 aq:50.07 tex:3759 mv:12078 misc:3723 imb:236 pmb:975 smb:6949 d:- ref:0 ;
in:571 out:571 type:P dur:2 cpbdur:2 q:54.92 aq:47.69 tex:16582 mv:17461 misc:4981 imb:1176 pmb:1219 smb:5765 d:- ref:0 ;
in:572 out:572 type:P dur:2 cpbdur:2 q:54.91 aq:48.85 tex:12976 mv:17001 misc:5087 imb:1085 pmb:1220 smb:5855 d:- ref:0 ;
in:573 out:573 type:P dur:2 cpbdur:2 q:54.92 aq:48.54 tex:12309 mv:18366 misc:5373 imb:1321 pmb:1239 smb:5600 d:- ref:0 ;
in:574 out:574 type:P dur:2 cpbdur:2 q:54.92 aq:49.90 tex:17105 mv:19461 misc:5034 imb:1446 pmb:1278 smb:5436 d:- ref:0 ;
in:575 out:575 type:P dur:2 cpbdur:2 q:54.93 aq:48.79 tex:17740 mv:20459 misc:5505 imb:1665 pmb:1239 smb:5256 d:- ref:0 ;
in:576 out:576 type:P dur:2 cpbdur:2 q:54.93 aq:50.22 tex:18241 mv:20430 misc:5289 imb:1693 pmb:1240 smb:5227 d:- ref:0 ;
in:577 out:577 type:P dur:2 cpbdur:2 q:54.94 aq:49.09 tex:19784 mv:21720 misc:5536 imb:1861 pmb:1301 smb:4998 d:- ref:0 ;
in:578 out:578 type:P dur:2 cpbdur:2 q:54.94 aq:49.46 tex:13049 mv:18532 misc:5427 imb:1377 pmb:1159 smb:5624 d:- ref:0 ;
in:579 out:579 type:P dur:2 cpbdur:2 q:54.91 aq:49.38 tex:11551 mv:17265 misc:5576 imb:1438 pmb:1043 smb:5679 d:- ref:0 ;
in:581 out:580 type:P dur:2 cpbdur:2 q:54.90 aq:49.08 tex:35604 mv:24642 misc:4266 imb:3983 pmb:840 smb:3337 d:- ref:0 ;
in:580 out:581 type:b dur:2 cpbdur:2 q:54.91 aq:51.64 tex:6978 mv:17453 misc:4849 imb:563 pmb:1328 smb:6269 d:- ref:0 ;
in:583 out:582 type:P dur:2 cpbdur:2 q:54.89 aq:47.89 tex:21046 mv:22607 misc:4939 imb:2717 pmb:1037 smb:4406 d:- ref:0 ;
in:582 out:583 type:b dur:2 cpbdur:2 q:54.89 aq:51.16 tex:3885 mv:13896 misc:4211 imb:396 pmb:1210 smb:6554 d:- ref:0 ;
in:584 out:584 type:P dur:2 cpbdur:2 q:54.85 aq:48.85 tex:9567 mv:15276 misc:4909 imb:1250 pmb:964 smb:5946 d:- ref:0 ;
in:585 out:585 type:P dur:2 cpbdur:2 q:54.83 aq:46.79 tex:11135 mv:16029 misc:5252 imb:1591 pmb:910 smb:5659 d:- ref:0 ;
in:587 out:586 type:P dur:2 cpbdur:2 q:54.80 aq:47.53 tex:21432 mv:22115 misc:4869 imb:3217 pmb:935 smb:4008 d:- ref:0 ;
in:586 out:587 type:b dur:2 cpbdur:2 q:54.82 aq:48.52 tex:2430 mv:10752 misc:3490 imb:311 pmb:884 smb:6965 d:- ref:0 ;
in:589 out:588 type:P dur:2 cpbdur:2 q:54.73 aq:46.74 tex:27076 mv:21143 misc:5085 imb:2857 pmb:885 smb:4418 d:- ref:0 ;
in:588 out:589 type:b dur:2 cpbdur:2 q:54.77 aq:47.87 tex:1972 mv:9491 misc:3321 imb:241 pmb:841 smb:7078 d:- ref:0 ;
in:591 out:590 type:P dur:2 cpbdur:2 q:54.67 aq:46.93 tex:21187 mv:21493 misc:5368 imb:3104 pmb:955 smb:4101 d:- ref:0 ;
in:590 out:591 type:b dur:2 cpbdur:2 q:54.70 aq:48.05 tex:1876 mv:7496 misc:3060 imb:182 pmb:689 smb:7289 d:- ref:0 ;
in:593 out:592 type:P dur:2 cpbdur:2 q:54.64 aq:46.53 tex:24721 mv:21378 misc:5813 imb:3001 pmb:940 smb:4219 d:- ref:0 ;
in:592 out:593 type:b dur:2 cpbdur:2 q:54.65 aq:48.69 tex:1656 mv:8843 misc:3125 imb:198 pmb:756 smb:7206 d:- ref:0 ;
in:596 out:594 type:P dur:2 cpbdur:2 q:54.64 aq:47.05 tex:54107 mv:24257 misc:4412 imb:4374 pmb:676 smb:3110 d:- ref:0 ;
in:594 out:595 type:B dur:2 cpbdur:2 q:54.64 aq:47.52 tex:2331 mv:10563 misc:3786 imb:249 pmb:872 smb:7039 d:- ref:0 ;
in:595 out:596 type:b dur:2 cpbdur:2 q:54.64 aq:50.73 tex:3855 mv:8776 misc:2945 imb:235 pmb:692 smb:7233 d:- ref:0 ;
in:598 out:597 type:P dur:2 cpbdur:2 q:54.67 aq:47.32 tex:29674 mv:18592 misc:5158 imb:2233 pmb:855 smb:5072 d:- ref:0 ;
in:597 out:598 type:b dur:2 cpbdur:2 q:54.65 aq:47.39 tex:2190 mv:8446 misc:3292 imb:207 pmb:689 smb:7264 d:- ref:0 ;
in:602 out:599 type:P dur:2 cpbdur:2 q:54.70 aq:46.93 tex:60793 mv:23549 misc:2970 imb:5477 pmb:432 smb:2251 d:- ref:0 ;
in:600 out:600 type:B dur:2 cpbdur:2 q:54.68 aq:46.99 tex:4142 mv:12639 misc:3859 imb:333 pmb:972 smb:6855 d:- ref:0 ;
in:599 out:601 type:b dur:2 cpbdur:2 q:54.67 aq:50.53 tex:1872 mv:8725 misc:3075 imb:211 pmb:697 smb:7252 d:- ref:0 ;
in:601 out:602 type:b dur:2 cpbdur:2 q:54.69 aq:49.60 tex:2122 mv:7565 misc:2993 imb:207 pmb:656 smb:7297 d:- ref:0 ;
in:603 out:603 type:P dur:2 cpbdur:2 q:54.75 aq:47.51 tex:8458 mv:10272 misc:4094 imb:645 pmb:766 smb:6749 d:- ref:0 ;
in:606 out:604 type:P dur:2 cpbdur:2 q:54.78 aq:48.85 tex:45688 mv:16501 misc:3379 imb:2586 pmb:544 smb:5030 d:- ref:0 ;
in:604 out:605 type:B dur:2 cpbdur:2 q:54.76 aq:49.60 tex:3031 mv:10499 misc:3398 imb:268 pmb:841 smb:7051 d:- ref:0 ;
in:605 out:606 type:b dur:2 cpbdur:2 q:54.77 aq:49.47 tex:2528 mv:8051 misc:2917 imb:191 pmb:678 smb:7291 d:- ref:0 ;
in:607 out:607 type:P dur:2 cpbdur:2 q:54.83 aq:47.62 tex:8504 mv:11308 misc:4412 imb:851 pmb:719 smb:6590 d:- ref:0 ;
in:611 out:608 type:P dur:2 cpbdur:2 q:54.84 aq:47.48 tex:60871 mv:19595 misc:3102 imb:3933 pmb:363 smb:3864 d:- ref:0 ;
in:609 out:609 type:B dur:2 cpbdur:2 q:54.83 aq:49.14 tex:5192 mv:11271 misc:3873 imb:336 pmb:938 smb:6886 d:- ref:0 ;
in:608 out:610 type:b dur:2 cpbdur:2 q:54.83 aq:48.41 tex:1136 mv:7577 misc:2879 imb:173 pmb:643 smb:7344 d:- ref:0 ;
in:610 out:611 type:b dur:2 cpbdur:2 q:54.84 aq:55.18 tex:2019 mv:4779 misc:2058 imb:125 pmb:421 smb:7614 d:- ref:0 ;
in:613 out:612 type:P dur:2 cpbdur:2 q:54.91 aq:47.03 tex:12679 mv:12015 misc:4610 imb:764 pmb:825 smb:6571 d:- ref:0 ;
in:612 out:613 type:b dur:2 cpbdur:2 q:54.87 aq:52.65 tex:542 mv:3902 misc:1932 imb:75 pmb:372 smb:7713 d:- ref:0 ;
in:615 out:614 type:P dur:2 cpbdur:2 q:54.94 aq:47.72 tex:8577 mv:10902 misc:4473 imb:651 pmb:741 smb:6768 d:- ref:0 ;
in:614 out:615 type:b dur:2 cpbdur:2 q:54.92 aq:51.95 tex:632 mv:2649 misc:1519 imb:60 pmb:250 smb:7850 d:- ref:0 ;
in:619 out:616 type:P dur:2 cpbdur:2 q:54.97 aq:46.84 tex:16342 mv:16020 misc:5422 imb:1582 pmb:917 smb:5661 d:- ref:0 ;
in:617 out:617 type:B dur:2 cpbdur:2 q:54.95 aq:49.33 tex:2233 mv:5669 misc:2794 imb:119 pmb:568 smb:7473 d:- ref:0 ;
in:616 out:618 type:b dur:2 cpbdur:2 q:54.94 aq:53.08 tex:728 mv:3500 misc:1748 imb:56 pmb:305 smb:7799 d:- ref:0 ;
in:618 out:619 type:b dur:2 cpbdur:2 q:54.96 aq:54.96 tex:303 mv:1857 misc:1328 imb:10 pmb:207 smb:7943 d:- ref:0 ;
in:623 out:620 type:P dur:2 cpbdur:2 q:55.00 aq:49.12 tex:7444 mv:7865 misc:3923 imb:757 pmb:499 smb:6904 d:- ref:0 ;
in:621 out:621 type:B dur:2 cpbdur:2 q:54.98 aq:46.66 tex:1429 mv:4081 misc:2114 imb:128 pmb:359 smb:7673 d:- ref:0 ;
in:620 out:622 type:b dur:2 cpbdur:2 q:54.97 aq:49.53 tex:267 mv:1429 misc:1080 imb:10 pmb:150 smb:8000 d:- ref:0 ;
in:622 out:623 type:b dur:2 cpbdur:2 q:54.99 aq:51.82 tex:1390 mv:3125 misc:1533 imb:109 pmb:283 smb:7768 d:- ref:0 ;
in:625 out:624 type:P dur:2 cpbdur:2 q:55.05 aq:48.13 tex:6181 mv:6824 misc:3875 imb:774 pmb:408 smb:6978 d:- ref:0 ;
in:624 out:625 type:b dur:2 cpbdur:2 q:55.02 aq:51.18 tex:406 mv:2101 misc:1061 imb:66 pmb:220 smb:7874 d:- ref:0 ;
in:627 out:626 type:P dur:2 cpbdur:2 q:55.03 aq:47.52 tex:8712 mv:8574 misc:4322 imb:777 pmb:579 smb:6804 d:- ref:0 ;
in:626 out:627 type:b dur:2 cpbdur:2 q:55.04 aq:54.12 tex:1104 mv:3036 misc:1500 imb:73 pmb:313 smb:7774 d:- ref:0 ;
in:629 out:628 type:P dur:2 cpbdur:2 q:55.06 aq:47.75 tex:7563 mv:9262 misc:4655 imb:994 pmb:504 smb:6662 d:- ref:0 ;
in:628 out:629 type:b dur:2 cpbdur:2 q:55.04 aq:48.28 tex:471 mv:3502 misc:1763 imb:107 pmb:318 smb:7735 d:- ref:0 ;
in:630 out:630 type:P dur:2 cpbdur:2 q:55.03 aq:46.91 tex:7554 mv:8008 misc:4734 imb:1003 pmb:417 smb:6740 d:- ref:0 ;
in:633 out:631 type:P dur:2 cpbdur:2 q:55.02 aq:46.21 tex:23812 mv:22186 misc:6178 imb:3775 pmb:950 smb:3435 d:- ref:0 ;
in:631 out:632 type:B dur:2 cpbdur:2 q:55.02 aq:50.42 tex:2177 mv:4936 misc:2527 imb:128 pmb:549 smb:7483 d:- ref:0 ;
in:632 out:633 type:b dur:2 cpbdur:2 q:55.02 aq:50.59 tex:791 mv:4234 misc:1919 imb:96 pmb:413 smb:7651 d:- ref:0 ;
in:637 out:634 type:P dur:2 cpbdur:2 q:55.03 aq:47.00 tex:14156 mv:15264 misc:5860 imb:1959 pmb:763 smb:5438 d:- ref:0 ;
in:635 out:635 type:B dur:2 cpbdur:2 q:55.02 aq:47.24 tex:3940 mv:8313 misc:3571 imb:252 pmb:837 smb:7071 d:- ref:0 ;
in:634 out:636 type:b dur:2 cpbdur:2 q:55.02 aq:49.87 tex:1363 mv:4561 misc:1964 imb:115 pmb:440 smb:7605 d:- ref:0 ;
in:636 out:637 type:b dur:2 cpbdur:2 q:55.02 aq:48.54 tex:1334 mv:4480 misc:2098 imb:110 pmb:439 smb:7611 d:- ref:0 ;
in:639 out:638 type:P dur:2 cpbdur:2 q:54.92 aq:47.29 tex:9396 mv:10582 misc:4966 imb:1088 pmb:567 smb:6505 d:- ref:0 ;
in:638 out:639 type:b dur:2 cpbdur:2 q:54.97 aq:49.97 tex:1444 mv:4754 misc:2266 imb:125 pmb:521 smb:7514 d:- ref:0 ;
in:640 out:640 type:P dur:2 cpbdur:2 q:54.86 aq:46.87 tex:5653 mv:7866 misc:4401 imb:821 pmb:401 smb:6938 d:- ref:0 ;
in:641 out:641 type:P dur:2 cpbdur:2 q:54.84 aq:46.92 tex:5109 mv:7189 misc:4062 imb:714 pmb:360 smb:7086 d:- ref:0 ;
in:642 out:642 type:P dur:2 cpbdur:2 q:54.81 aq:48.32 tex:8010 mv:8890 misc:4468 imb:1014 pmb:402 smb:6744 d:- ref:0 ;
in:645 out:643 type:P dur:2 cpbdur:2 q:54.78 aq:46.99 tex:25885 mv:18248 misc:4259 imb:4330 pmb:297 smb:3533 d:- ref:0 ;
in:643 out:644 type:B dur:2 cpbdur:2 q:54.80 aq:48.54 tex:4719 mv:8924 misc:3685 imb:370 pmb:685 smb:7105 d:- ref:0 ;
in:644 out:645 type:b dur:2 cpbdur:2 q:54.79 aq:48.64 tex:4541 mv:8089 misc:2906 imb:307 pmb:618 smb:7235 d:- ref:0 ;
in:646 out:646 type:P dur:2 cpbdur:2 q:54.66 aq:48.24 tex:12043 mv:10464 misc:4325 imb:1497 pmb:338 smb:6325 d:- ref:0 ;
in:647 out:647 type:P dur:2 cpbdur:2 q:54.63 aq:47.50 tex:10363 mv:10769 misc:4404 imb:1512 pmb:364 smb:6284 d:- ref:0 ;
in:648 out:648 type:P dur:2 cpbdur:2 q:54.58 aq:47.51 tex:14137 mv:11859 misc:4644 imb:1900 pmb:364 smb:5896 d:- ref:0 ;
in:649 out:649 type:P dur:2 cpbdur:2 q:54.55 aq:47.60 tex:15279 mv:12620 misc:4941 imb:1640 pmb:481 smb:6039 d:- ref:0 ;
in:650 out:650 type:I dur:2 cpbdur:2 q:51.93 aq:43.23 tex:57754 mv:35269 misc:625 imb:8160 pmb:0 smb:0 d:- ref:;
in:651 out:651 type:P dur:2 cpbdur:2 q:54.53 aq:48.06 tex:9203 mv:8893 misc:3352 imb:972 pmb:348 smb:6840 d:- ref:0 ;
in:654 out:652 type:P dur:2 cpbdur:2 q:54.49 aq:46.80 tex:27316 mv:22331 misc:5169 imb:2943 pmb:675 smb:4542 d:- ref:0 ;
in:652 out:653 type:B dur:2 cpbdur:2 q:54.51 aq:47.80 tex:6917 mv:13304 misc:4187 imb:532 pmb:938 smb:6690 d:- ref:0 ;
in:653 out:654 type:b dur:2 cpbdur:2 q:54.50 aq:48.60 tex:4032 mv:10133 misc:3611 imb:239 pmb:935 smb:6986 d:- ref:0 ;
in:655 out:655 type:P dur:2 cpbdur:2 q:54.44 aq:46.80 tex:18911 mv:16276 misc:5253 imb:1413 pmb:817 smb:5930 d:- ref:0 ;
in:656 out:656 type:P dur:2 cpbdur:2 q:54.43 aq:46.08 tex:9866 mv:12905 misc:5237 imb:1221 pmb:601 smb:6338 d:- ref:0 ;
in:657 out:657 type:P dur:2 cpbdur:2 q:54.41 aq:46.79 tex:8402 mv:10960 misc:5046 imb:1067 pmb:548 smb:6545 d:- ref:0 ;
in:659 out:658 type:P dur:2 cpbdur:2 q:54.39 aq:46.77 tex:22537 mv:20671 misc:5752 imb:2386 pmb:852 smb:4922 d:- ref:0 ;
in:658 out:659 type:b dur:2 cpbdur:2 q:54.40 aq:47.47 tex:4051 mv:9787 misc:3650 imb:311 pmb:846 smb:7003 d:- ref:0 ;
in:661 out:660 type:P dur:2 cpbdur:2 q:54.36 aq:45.76 tex:17869 mv:18435 misc:5768 imb:1938 pmb:834 smb:5388 d:- ref:0 ;
in:660 out:661 type:b dur:2 cpbdur:2 q:54.38 aq:47.62 tex:3840 mv:10014 misc:3546 imb:275 pmb:882 smb:7003 d:- ref:0 ;
in:662 out:662 type:P dur:2 cpbdur:2 q:54.33 aq:46.25 tex:14751 mv:16071 misc:5506 imb:1335 pmb:846 smb:5979 d:- ref:0 ;
in:663 out:663 type:P dur:2 cpbdur:2 q:54.31 aq:45.15 tex:21416 mv:19076 misc:6084 imb:1636 pmb:1014 smb:5510 d:- ref:0 ;
in:664 out:664 type:P dur:2 cpbdur:2 q:54.30 aq:45.57 tex:11643 mv:13097 misc:5244 imb:986 pmb:702 smb:6472 d:- ref:0 ;
in:666 out:665 type:P dur:2 cpbdur:2 q:54.28 aq:45.76 tex:38786 mv:21864 misc:5926 imb:2180 pmb:1013 smb:4967 d:- ref:0 ;
in:665 out:666 type:b dur:2 cpbdur:2 q:54.29 aq:46.95 tex:3151 mv:9115 misc:3286 imb:176 pmb:752 smb:7232 d:- ref:0 ;
in:667 out:667 type:P dur:2 cpbdur:2 q:54.29 aq:45.68 tex:30777 mv:16863 misc:5224 imb:1032 pmb:1171 smb:5957 d:- ref:0 ;
in:669 out:668 type:P dur:2 cpbdur:2 q:54.31 aq:45.15 tex:53836 mv:21216 misc:5604 imb:1564 pmb:1309 smb:5287 d:- ref:0 ;
in:668 out:669 type:b dur:2 cpbdur:2 q:54.30 aq:49.40 tex:1428 mv:5815 misc:2373 imb:42 pmb:566 smb:7552 d:- ref:0 ;
in:671 out:670 type:P dur:2 cpbdur:2 q:54.33 aq:45.15 tex:41641 mv:18836 misc:5075 imb:1156 pmb:1279 smb:5725 d:- ref:0 ;
in:670 out:671 type:b dur:2 cpbdur:2 q:54.32 aq:50.05 tex:1241 mv:5812 misc:2187 imb:60 pmb:570 smb:7530 d:- ref:0 ;
in:673 out:672 type:P dur:2 cpbdur:2 q:54.35 aq:45.57 tex:37728 mv:17738 misc:5326 imb:1177 pmb:1258 smb:5725 d:- ref:0 ;
in:672 out:673 type:b dur:2 cpbdur:2 q:54.34 aq:49.37 tex:1171 mv:5970 misc:2187 imb:47 pmb:555 smb:7558 d:- ref:0 ;
in:674 out:674 type:P dur:2 cpbdur:2 q:54.41 aq:45.81 tex:19936 mv:15665 misc:5463 imb:765 pmb:1176 smb:6219 d:- ref:0 ;
in:676 out:675 type:P dur:2 cpbdur:2 q:54.41 aq:45.21 tex:21836 mv:16202 misc:5666 imb:1032 pmb:1108 smb:6020 d:- ref:0 ;
in:675 out:676 type:b dur:2 cpbdur:2 q:54.41 aq:50.20 tex:1133 mv:6233 misc:2314 imb:38 pmb:615 smb:7507 d:- ref:0 ;
in:678 out:677 type:P dur:2 cpbdur:2 q:54.45 aq:45.34 tex:18045 mv:14902 misc:5517 imb:861 pmb:1046 smb:6253 d:- ref:0 ;
in:677 out:678 type:b dur:2 cpbdur:2 q:54.43 aq:49.93 tex:1132 mv:6066 misc:2290 imb:31 pmb:604 smb:7525 d:- ref:0 ;
in:681 out:679 type:P dur:2 cpbdur:2 q:54.46 aq:44.65 tex:17288 mv:13960 misc:5336 imb:927 pmb:956 smb:6277 d:- ref:0 ;
in:679 out:680 type:B dur:2 cpbdur:2 q:54.45 aq:46.64 tex:1274 mv:7004 misc:2634 imb:74 pmb:656 smb:7430 d:- ref:0 ;
in:680 out:681 type:b dur:2 cpbdur:2 q:54.46 aq:49.04 tex:871 mv:5295 misc:2114 imb:38 pmb:540 smb:7582 d:- ref:0 ;
in:683 out:682 type:P dur:2 cpbdur:2 q:54.47 aq:44.22 tex:14869 mv:15327 misc:5404 imb:748 pmb:1042 smb:6370 d:- ref:0 ;
in:682 out:683 type:b dur:2 cpbdur:2 q:54.47 aq:50.41 tex:590 mv:5966 misc:1900 imb:22 pmb:544 smb:7594 d:- ref:0 ;
in:685 out:684 type:P dur:2 cpbdur:2 q:54.48 aq:44.81 tex:13884 mv:15380 misc:5072 imb:653 pmb:1121 smb:6386 d:- ref:0 ;
in:684 out:685 type:b dur:2 cpbdur:2 q:54.48 aq:50.24 tex:556 mv:6441 misc:2051 imb:12 pmb:610 smb:7538 d:- ref:0 ;
in:688 out:686 type:P dur:2 cpbdur:2 q:54.49 aq:44.86 tex:10188 mv:13394 misc:4842 imb:611 pmb:897 smb:6652 d:- ref:0 ;
in:686 out:687 type:B dur:2 cpbdur:2 q:54.48 aq:46.95 tex:600 mv:6612 misc:2204 imb:25 pmb:612 smb:7523 d:- ref:0 ;
in:687 out:688 type:b dur:2 cpbdur:2 q:54.49 aq:51.20 tex:364 mv:5362 misc:1898 imb:10 pmb:512 smb:7638 d:- ref:0 ;
in:692 out:689 type:P dur:2 cpbdur:2 q:54.55 aq:43.85 tex:12980 mv:17074 misc:5634 imb:920 pmb:1031 smb:6209 d:- ref:0 ;
in:690 out:690 type:B dur:2 cpbdur:2 q:54.52 aq:44.30 tex:1295 mv:8100 misc:2605 imb:88 pmb:640 smb:7432 d:- ref:0 ;
in:689 out:691 type:b dur:2 cpbdur:2 q:54.50 aq:48.11 tex:302 mv:4848 misc:1762 imb:6 pmb:492 smb:7662 d:- ref:0 ;
in:691 out:692 type:b dur:2 cpbdur:2 q:54.53 aq:51.07 tex:278 mv:4554 misc:1728 imb:5 pmb:475 smb:7680 d:- ref:0 ;
in:694 out:693 type:P dur:2 cpbdur:2 q:54.59 aq:45.85 tex:10743 mv:13776 misc:4753 imb:569 pmb:1065 smb:6526 d:- ref:0 ;
in:693 out:694 type:b dur:2 cpbdur:2 q:54.57 aq:52.75 tex:415 mv:5086 misc:1907 imb:8 pmb:498 smb:7654 d:- ref:0 ;
in:698 out:695 type:P dur:2 cpbdur:2 q:54.61 aq:44.30 tex:18876 mv:20297 misc:6331 imb:1473 pmb:1238 smb:5449 d:- ref:0 ;
in:696 out:696 type:B dur:2 cpbdur:2 q:54.60 aq:45.52 tex:2059 mv:7417 misc:2692 imb:80 pmb:662 smb:7418 d:- ref:0 ;
in:695 out:697 type:b dur:2 cpbdur:2 q:54.59 aq:56.51 tex:421 mv:4483 misc:1832 imb:11 pmb:495 smb:7654 d:- ref:0 ;
in:697 out:698 type:b dur:2 cpbdur:2 q:54.60 aq:56.48 tex:487 mv:3275 misc:1806 imb:6 pmb:407 smb:7747 d:- ref:0 ;
in:702 out:699 type:P dur:2 cpbdur:2 q:54.63 aq:44.38 tex:16725 mv:19131 misc:6320 imb:1413 pmb:1200 smb:5547 d:- ref:0 ;
in:700 out:700 type:B dur:2 cpbdur:2 q:54.62 aq:45.09 tex:1548 mv:6412 misc:2728 imb:59 pmb:603 smb:7498 d:- ref:0 ;
in:699 out:701 type:b dur:2 cpbdur:2 q:54.62 aq:52.16 tex:325 mv:2878 misc:1437 imb:5 pmb:296 smb:7859 d:- ref:0 ;
in:701 out:702 type:b dur:2 cpbdur:2 q:54.63 aq:48.48 tex:559 mv:1533 misc:1332 imb:8 pmb:183 smb:7969 d:- ref:0 ;
in:705 out:703 type:P dur:2 cpbdur:2 q:54.57 aq:45.01 tex:14058 mv:18528 misc:6110 imb:1099 pmb:1126 smb:5935 d:- ref:0 ;
in:703 out:704 type:B dur:2 cpbdur:2 q:54.61 aq:47.97 tex:1043 mv:5855 misc:2462 imb:32 pmb:598 smb:7530 d:- ref:0 ;
in:704 out:705 type:b dur:2 cpbdur:2 q:54.59 aq:48.21 tex:1040 mv:5701 misc:2283 imb:25 pmb:559 smb:7576 d:- ref:0 ;
in:706 out:706 type:P dur:2 cpbdur:2 q:54.49 aq:44.86 tex:7141 mv:10950 misc:4621 imb:440 pmb:865 smb:6855 d:- ref:0 ;
in:708 out:707 type:P dur:2 cpbdur:2 q:54.47 aq:43.89 tex:7488 mv:12232 misc:5024 imb:686 pmb:754 smb:6720 d:- ref:0 ;
in:707 out:708 type:b dur:2 cpbdur:2 q:54.48 aq:45.80 tex:567 mv:4119 misc:1666 imb:25 pmb:340 smb:7795 d:- ref:0 ;
in:711 out:709 type:P dur:2 cpbdur:2 q:54.44 aq:43.54 tex:11588 mv:14722 misc:5106 imb:1181 pmb:692 smb:6287 d:- ref:0 ;
in:709 out:710 type:B dur:2 cpbdur:2 q:54.46 aq:48.45 tex:1430 mv:5319 misc:2043 imb:58 pmb:442 smb:7660 d:- ref:0 ;
in:710 out:711 type:b dur:2 cpbdur:2 q:54.45 aq:51.81 tex:870 mv:4408 misc:1434 imb:37 pmb:324 smb:7799 d:- ref:0 ;
in:715 out:712 type:P dur:2 cpbdur:2 q:54.37 aq:45.39 tex:51911 mv:23033 misc:4768 imb:3517 pmb:529 smb:4114 d:- ref:0 ;
in:713 out:713 type:B dur:2 cpbdur:2 q:54.40 aq:48.62 tex:9789 mv:16458 misc:3937 imb:282 pmb:1117 smb:6761 d:- ref:0 ;
in:712 out:714 type:b dur:2 cpbdur:2 q:54.42 aq:52.70 tex:1832 mv:7264 misc:2432 imb:54 pmb:599 smb:7507 d:- ref:0 ;
in:714 out:715 type:b dur:2 cpbdur:2 q:54.39 aq:51.11 tex:3114 mv:7655 misc:2607 imb:102 pmb:656 smb:7402 d:- ref:0 ;
in:718 out:716 type:P dur:2 cpbdur:2 q:54.25 aq:45.47 tex:26589 mv:20504 misc:5155 imb:1907 pmb:801 smb:5452 d:- ref:0 ;
in:716 out:717 type:B dur:2 cpbdur:2 q:54.33 aq:46.97 tex:3040 mv:7959 misc:3129 imb:169 pmb:667 smb:7324 d:- ref:0 ;
in:717 out:718 type:b dur:2 cpbdur:2 q:54.29 aq:51.02 tex:2110 mv:6303 misc:2499 imb:121 pmb:525 smb:7514 d:- ref:0 ;
in:722 out:719 type:P dur:2 cpbdur:2 q:54.17 aq:44.26 tex:37796 mv:24968 misc:4468 imb:4488 pmb:546 smb:3126 d:- ref:0 ;
in:720 out:720 type:B dur:2 cpbdur:2 q:54.21 aq:46.63 tex:5184 mv:14560 misc:4224 imb:347 pmb:1065 smb:6748 d:- ref:0 ;
in:719 out:721 type:b dur:2 cpbdur:2 q:54.23 aq:48.58 tex:2670 mv:9319 misc:3163 imb:231 pmb:697 smb:7232 d:- ref:0 ;
in:721 out:722 type:b dur:2 cpbdur:2 q:54.19 aq:48.36 tex:2024 mv:8096 misc:2960 imb:162 pmb:647 smb:7351 d:- ref:0 ;
in:724 out:723 type:P dur:2 cpbdur:2 q:54.07 aq:44.99 tex:10907 mv:14722 misc:5083 imb:1364 pmb:647 smb:6149 d:- ref:0 ;
in:723 out:724 type:b dur:2 cpbdur:2 q:54.12 aq:48.16 tex:1891 mv:7783 misc:3022 imb:189 pmb:653 smb:7318 d:- ref:0 ;
in:725 out:725 type:P dur:2 cpbdur:2 q:54.02 aq:44.96 tex:9462 mv:12083 misc:4999 imb:1058 pmb:607 smb:6495 d:- ref:0 ;
in:728 out:726 type:P dur:2 cpbdur:2 q:53.99 aq:45.66 tex:31604 mv:21659 misc:5329 imb:2707 pmb:687 smb:4766 d:- ref:0 ;
in:726 out:727 type:B dur:2 cpbdur:2 q:54.01 aq:42.46 tex:5307 mv:11100 misc:4433 imb:344 pmb:943 smb:6873 d:- ref:0 ;
in:727 out:728 type:b dur:2 cpbdur:2 q:54.00 aq:46.92 tex:2646 mv:7435 misc:2935 imb:144 pmb:608 smb:7408 d:- ref:0 ;
in:730 out:729 type:P dur:2 cpbdur:2 q:53.94 aq:44.16 tex:29550 mv:20306 misc:6048 imb:2179 pmb:764 smb:5217 d:- ref:0 ;
in:729 out:730 type:b dur:2 cpbdur:2 q:53.96 aq:47.88 tex:3009 mv:8477 misc:2994 imb:201 pmb:732 smb:7227 d:- ref:0 ;
in:733 out:731 type:P dur:2 cpbdur:2 q:53.91 aq:45.79 tex:42955 mv:18134 misc:4719 imb:2922 pmb:382 smb:4856 d:- ref:0 ;
in:731 out:732 type:B dur:2 cpbdur:2 q:53.93 aq:47.20 tex:4887 mv:11172 misc:3661 imb:321 pmb:875 smb:6964 d:- ref:0 ;
in:732 out:733 type:b dur:2 cpbdur:2 q:53.92 aq:45.89 tex:3075 mv:8639 misc:3094 imb:222 pmb:776 smb:7162 d:- ref:0 ;
in:734 out:734 type:P dur:2 cpbdur:2 q:53.83 aq:46.59 tex:18758 mv:14046 misc:4380 imb:1065 pmb:810 smb:6285 d:- ref:0 ;
in:735 out:735 type:P dur:2 cpbdur:2 q:53.81 aq:46.17 tex:11675 mv:11672 misc:4125 imb:864 pmb:653 smb:6643 d:- ref:0 ;
in:736 out:736 type:P dur:2 cpbdur:2 q:53.86 aq:45.03 tex:13533 mv:13189 misc:4478 imb:871 pmb:760 smb:6529 d:- ref:0 ;
in:737 out:737 type:P dur:2 cpbdur:2 q:53.89 aq:46.19 tex:12793 mv:13169 misc:4446 imb:1096 pmb:736 smb:6328 d:- ref:0 ;
in:738 out:738 type:P dur:2 cpbdur:2 q:53.89 aq:47.28 tex:15146 mv:14676 misc:4258 imb:942 pmb:852 smb:6366 d:- ref:0 ;
in:739 out:739 type:P dur:2 cpbdur:2 q:53.90 aq:45.33 tex:27162 mv:16637 misc:5185 imb:1399 pmb:865 smb:5896 d:- ref:0 ;
in:740 out:740 type:P dur:2 cpbdur:2 q:53.94 aq:45.78 tex:12736 mv:14349 misc:4995 imb:993 pmb:772 smb:6395 d:- ref:0 ;
in:742 out:741 type:P dur:2 cpbdur:2 q:53.95 aq:45.51 tex:42403 mv:17753 misc:5052 imb:2498 pmb:656 smb:5006 d:- ref:0 ;
in:741 out:742 type:b dur:2 cpbdur:2 q:53.95 aq:46.46 tex:2786 mv:7185 misc:2949 imb:235 pmb:537 smb:7388 d:- ref:0 ;
in:743 out:743 type:P dur:2 cpbdur:2 q:53.99 aq:45.86 tex:16385 mv:14096 misc:4871 imb:999 pmb:837 smb:6324 d:- ref:0 ;
in:744 out:744 type:P dur:2 cpbdur:2 q:54.02 aq:46.73 tex:17696 mv:13409 misc:4903 imb:1178 pmb:841 smb:6141 d:- ref:0 ;
in:746 out:745 type:P dur:2 cpbdur:2 q:54.04 aq:46.70 tex:28071 mv:15863 misc:5394 imb:1335 pmb:944 smb:5881 d:- ref:0 ;
in:745 out:746 type:b dur:2 cpbdur:2 q:54.03 aq:49.14 tex:1451 mv:5887 misc:2446 imb:140 pmb:465 smb:7555 d:- ref:0 ;
in:747 out:747 type:P dur:2 cpbdur:2 q:54.05 aq:46.55 tex:14413 mv:13023 misc:5316 imb:1035 pmb:822 smb:6303 d:- ref:0 ;
in:748 out:748 type:P dur:2 cpbdur:2 q:54.06 aq:46.34 tex:11484 mv:11964 misc:5144 imb:1046 pmb:733 smb:6381 d:- ref:0 ;
in:749 out:749 type:P dur:2 cpbdur:2 q:54.08 aq:45.04 tex:11165 mv:13020 misc:5583 imb:968 pmb:800 smb:6392 d:- ref:0 ;
in:750 out:750 type:P dur:2 cpbdur:2 q:54.11 aq:45.55 tex:7992 mv:11944 misc:5208 imb:776 pmb:776 smb:6608 d:- ref:0 ;
in:752 out:751 type:P dur:2 cpbdur:2 q:54.13 aq:46.06 tex:8273 mv:11929 misc:4838 imb:729 pmb:786 smb:6645 d:- ref:0 ;
in:751 out:752 type:b dur:2 cpbdur:2 q:54.12 aq:47.82 tex:1319 mv:3795 misc:1774 imb:92 pmb:338 smb:7730 d:- ref:0 ;
in:753 out:753 type:P dur:2 cpbdur:2 q:54.15 aq:45.54 tex:11087 mv:12021 misc:5236 imb:914 pmb:801 smb:6445 d:- ref:0 ;
in:754 out:754 type:P dur:2 cpbdur:2 q:54.17 aq:46.43 tex:8507 mv:9909 misc:4464 imb:507 pmb:791 smb:6862 d:- ref:0 ;
in:756 out:755 type:P dur:2 cpbdur:2 q:54.23 aq:45.46 tex:23245 mv:15258 misc:5417 imb:1378 pmb:763 smb:6019 d:- ref:0 ;
in:755 out:756 type:b dur:2 cpbdur:2 q:54.20 aq:48.55 tex:1186 mv:4025 misc:1813 imb:65 pmb:376 smb:7719 d:- ref:0 ;
in:760 out:757 type:P dur:2 cpbdur:2 q:54.24 aq:45.34 tex:22429 mv:17081 misc:5338 imb:2680 pmb:651 smb:4829 d:- ref:0 ;
in:758 out:758 type:B dur:2 cpbdur:2 q:54.23 aq:47.44 tex:8534 mv:10849 misc:3249 imb:210 pmb:859 smb:7091 d:- ref:0 ;
in:757 out:759 type:b dur:2 cpbdur:2 q:54.23 aq:51.69 tex:1097 mv:5210 misc:1909 imb:70 pmb:452 smb:7638 d:- ref:0 ;
in:759 out:760 type:b dur:2 cpbdur:2 q:54.24 aq:47.68 tex:1246 mv:4515 misc:1991 imb:70 pmb:422 smb:7668 d:- ref:0 ;
in:762 out:761 type:P dur:2 cpbdur:2 q:54.23 aq:47.40 tex:9879 mv:11959 misc:4122 imb:889 pmb:652 smb:6619 d:- ref:0 ;
in:761 out:762 type:b dur:2 cpbdur:2 q:54.23 aq:49.88 tex:5128 mv:5878 misc:2306 imb:139 pmb:540 smb:7481 d:- ref:0 ;
in:763 out:763 type:I dur:2 cpbdur:2 q:51.23 aq:41.66 tex:70392 mv:34026 misc:662 imb:8160 pmb:0 smb:0 d:- ref:;
in:767 out:764 type:P dur:2 cpbdur:2 q:54.26 aq:47.29 tex:50853 mv:18402 misc:3513 imb:3361 pmb:412 smb:4387 d:- ref:0 ;
in:765 out:765 type:B dur:2 cpbdur:2 q:54.26 aq:47.89 tex:5365 mv:10258 misc:2961 imb:344 pmb:730 smb:7086 d:- ref:0 ;
in:764 out:766 type:b dur:2 cpbdur:2 q:54.26 aq:47.14 tex:1409 mv:4943 misc:1992 imb:109 pmb:454 smb:7597 d:- ref:0 ;
in:766 out:767 type:b dur:2 cpbdur:2 q:54.26 aq:49.87 tex:2613 mv:7260 misc:2447 imb:149 pmb:647 smb:7364 d:- ref:0 ;
in:769 out:768 type:P dur:2 cpbdur:2 q:54.23 aq:48.81 tex:21072 mv:16424 misc:4352 imb:1871 pmb:847 smb:5442 d:- ref:0 ;
in:768 out:769 type:b dur:2 cpbdur:2 q:54.25 aq:50.34 tex:2136 mv:7056 misc:2544 imb:129 pmb:624 smb:7407 d:- ref:0 ;
in:771 out:770 type:P dur:2 cpbdur:2 q:54.21 aq:47.61 tex:22955 mv:18398 misc:4751 imb:1771 pmb:937 smb:5452 d:- ref:0 ;
in:770 out:771 type:b dur:2 cpbdur:2 q:54.22 aq:49.56 tex:1815 mv:8209 misc:2816 imb:155 pmb:738 smb:7267 d:- ref:0 ;
in:773 out:772 type:P dur:2 cpbdur:2 q:54.18 aq:48.36 tex:27559 mv:18799 misc:4746 imb:1693 pmb:932 smb:5535 d:- ref:0 ;
in:772 out:773 type:b dur:2 cpbdur:2 q:54.20 aq:47.30 tex:2252 mv:9675 misc:3017 imb:219 pmb:745 smb:7196 d:- ref:0 ;
in:774 out:774 type:P dur:2 cpbdur:2 q:54.16 aq:48.14 tex:13555 mv:14716 misc:4417 imb:921 pmb:1012 smb:6227 d:- ref:0 ;
in:775 out:775 type:P dur:2 cpbdur:2 q:54.14 aq:46.82 tex:14068 mv:16537 misc:4867 imb:1240 pmb:1032 smb:5888 d:- ref:0 ;
in:776 out:776 type:P dur:2 cpbdur:2 q:54.12 aq:46.95 tex:16164 mv:15543 misc:4845 imb:1189 pmb:992 smb:5979 d:- ref:0 ;
in:778 out:777 type:P dur:2 cpbdur:2 q:54.10 aq:48.57 tex:34649 mv:21116 misc:4139 imb:2400 pmb:942 smb:4818 d:- ref:0 ;
in:777 out:778 type:b dur:2 cpbdur:2 q:54.11 aq:49.09 tex:3736 mv:13291 misc:3965 imb:261 pmb:1186 smb:6713 d:- ref:0 ;
in:779 out:779 type:P dur:2 cpbdur:2 q:54.06 aq:48.30 tex:14249 mv:14938 misc:4349 imb:1226 pmb:1007 smb:5927 d:- ref:0 ;
in:781 out:780 type:P dur:2 cpbdur:2 q:54.05 aq:47.63 tex:52771 mv:22254 misc:4135 imb:3455 pmb:806 smb:3899 d:- ref:0 ;
in:780 out:781 type:b dur:2 cpbdur:2 q:54.06 aq:50.09 tex:7075 mv:15879 misc:4318 imb:394 pmb:1244 smb:6522 d:- ref:0 ;
in:782 out:782 type:P dur:2 cpbdur:2 q:54.06 aq:47.31 tex:55682 mv:21676 misc:4490 imb:3628 pmb:724 smb:3808 d:- ref:0 ;
in:783 out:783 type:P dur:2 cpbdur:2 q:54.06 aq:48.08 tex:65912 mv:23283 misc:3805 imb:4098 pmb:641 smb:3421 d:- ref:0 ;
in:784 out:784 type:P dur:2 cpbdur:2 q:54.07 aq:48.38 tex:69631 mv:24029 misc:3564 imb:3990 pmb:741 smb:3429 d:- ref:0 ;
in:785 out:785 type:P dur:2 cpbdur:2 q:54.08 aq:48.14 tex:64060 mv:24608 misc:3900 imb:4061 pmb:853 smb:3246 d:- ref:0 ;
in:786 out:786 type:P dur:2 cpbdur:2 q:54.09 aq:48.46 tex:72820 mv:26333 misc:3999 imb:4376 pmb:904 smb:2880 d:- ref:0 ;
in:787 out:787 type:P dur:2 cpbdur:2 q:54.13 aq:48.54 tex:79330 mv:26607 misc:3767 imb:4557 pmb:846 smb:2757 d:- ref:0 ;
in:788 out:788 type:P dur:2 cpbdur:2 q:54.19 aq:48.47 tex:90565 mv:26435 misc:3624 imb:3822 pmb:1039 smb:3299 d:- ref:0 ;
in:789 out:789 type:P dur:2 cpbdur:2 q:54.24 aq:47.93 tex:61350 mv:23081 misc:4153 imb:2526 pmb:1537 smb:4097 d:- ref:0 ;
in:790 out:790 type:P dur:2 cpbdur:2 q:54.27 aq:48.39 tex:27382 mv:17341 misc:4861 imb:1205 pmb:1538 smb:5417 d:- ref:0 ;
in:791 out:791 type:P dur:2 cpbdur:2 q:54.29 aq:45.78 tex:50957 mv:22062 misc:5549 imb:2360 pmb:1648 smb:4152 d:- ref:0 ;
in:795 out:792 type:P dur:2 cpbdur:2 q:54.33 aq:45.08 tex:142615 mv:35336 misc:3329 imb:4766 pmb:1758 smb:1636 d:- ref:0 ;
in:793 out:793 type:B dur:2 cpbdur:2 q:54.31 aq:46.79 tex:3813 mv:12303 misc:4468 imb:351 pmb:1089 smb:6720 d:- ref:0 ;
in:792 out:794 type:b dur:2 cpbdur:2 q:54.30 aq:49.83 tex:2364 mv:11366 misc:3902 imb:317 pmb:913 smb:6930 d:- ref:0 ;
in:794 out:795 type:b dur:2 cpbdur:2 q:54.32 aq:47.74 tex:812 mv:6162 misc:3250 imb:80 pmb:785 smb:7295 d:- ref:0 ;
in:799 out:796 type:P dur:2 cpbdur:2 q:54.41 aq:44.87 tex:34059 mv:18866 misc:6347 imb:1613 pmb:1505 smb:5042 d:- ref:0 ;
in:797 out:797 type:B dur:2 cpbdur:2 q:54.37 aq:47.97 tex:1582 mv:6354 misc:2920 imb:102 pmb:675 smb:7383 d:- ref:0 ;
in:796 out:798 type:b dur:2 cpbdur:2 q:54.35 aq:47.98 tex:452 mv:2790 misc:1662 imb:12 pmb:307 smb:7841 d:- ref:0 ;
in:798 out:799 type:b dur:2 cpbdur:2 q:54.39 aq:50.33 tex:658 mv:4066 misc:2020 imb:62 pmb:413 smb:7685 d:- ref:0 ;
in:803 out:800 type:P dur:2 cpbdur:2 q:54.43 aq:45.59 tex:52755 mv:22598 misc:5463 imb:1600 pmb:1855 smb:4705 d:- ref:0 ;
in:801 out:801 type:B dur:2 cpbdur:2 q:54.42 aq:47.52 tex:1479 mv:6578 misc:3159 imb:100 pmb:726 smb:7334 d:- ref:0 ;
in:800 out:802 type:b dur:2 cpbdur:2 q:54.41 aq:48.56 tex:474 mv:5167 misc:2343 imb:51 pmb:480 smb:7629 d:- ref:0 ;
in:802 out:803 type:b dur:2 cpbdur:2 q:54.42 aq:53.89 tex:769 mv:3930 misc:2381 imb:38 pmb:516 smb:7606 d:- ref:0 ;
in:807 out:804 type:P dur:2 cpbdur:2 q:54.50 aq:44.28 tex:21799 mv:17158 misc:6371 imb:1340 pmb:1320 smb:5500 d:- ref:0 ;
in:805 out:805 type:B dur:2 cpbdur:2 q:54.46 aq:46.68 tex:1920 mv:8135 misc:3545 imb:154 pmb:777 smb:7229 d:- ref:0 ;
in:804 out:806 type:b dur:2 cpbdur:2 q:54.44 aq:47.30 tex:473 mv:3512 misc:2103 imb:20 pmb:487 smb:7653 d:- ref:0 ;
in:806 out:807 type:b dur:2 cpbdur:2 q:54.48 aq:45.16 tex:477 mv:5233 misc:2250 imb:119 pmb:458 smb:7583 d:- ref:0 ;
in:811 out:808 type:P dur:2 cpbdur:2 q:54.69 aq:45.54 tex:19002 mv:15597 misc:5673 imb:842 pmb:1487 smb:5831 d:- ref:0 ;
in:809 out:809 type:B dur:2 cpbdur:2 q:54.60 aq:48.11 tex:1271 mv:6612 misc:2829 imb:140 pmb:596 smb:7424 d:- ref:0 ;
in:808 out:810 type:b dur:2 cpbdur:2 q:54.55 aq:47.81 tex:606 mv:5581 misc:2613 imb:59 pmb:601 smb:7500 d:- ref:0 ;
in:810 out:811 type:b dur:2 cpbdur:2 q:54.64 aq:50.50 tex:340 mv:2654 misc:2078 imb:16 pmb:423 smb:7721 d:- ref:0 ;
in:815 out:812 type:P dur:2 cpbdur:2 q:55.03 aq:46.26 tex:12000 mv:11832 misc:5120 imb:673 pmb:1077 smb:6410 d:- ref:0 ;
in:813 out:813 type:B dur:2 cpbdur:2 q:54.86 aq:45.27 tex:1384 mv:7183 misc:3217 imb:134 pmb:688 smb:7338 d:- ref:0 ;
in:812 out:814 type:b dur:2 cpbdur:2 q:54.78 aq:47.44 tex:246 mv:3218 misc:1784 imb:40 pmb:427 smb:7693 d:- ref:0 ;
in:814 out:815 type:b dur:2 cpbdur:2 q:54.94 aq:50.17 tex:506 mv:3172 misc:1834 imb:40 pmb:342 smb:7778 d:- ref:0 ;
in:817 out:816 type:P dur:2 cpbdur:2 q:55.23 aq:46.96 tex:15043 mv:10670 misc:4695 imb:529 pmb:1222 smb:6409 d:- ref:0 ;
in:816 out:817 type:b dur:2 cpbdur:2 q:55.13 aq:41.67 tex:290 mv:3077 misc:1817 imb:47 pmb:344 smb:7769 d:- ref:0 ;
in:821 out:818 type:P dur:2 cpbdur:2 q:55.25 aq:46.78 tex:15545 mv:11962 misc:4957 imb:649 pmb:1133 smb:6378 d:- ref:0 ;
in:819 out:819 type:B dur:2 cpbdur:2 q:55.24 aq:40.97 tex:1215 mv:6075 misc:2998 imb:115 pmb:641 smb:7404 d:- ref:0 ;
in:818 out:820 type:b dur:2 cpbdur:2 q:55.23 aq:52.68 tex:577 mv:4079 misc:1872 imb:92 pmb:400 smb:7668 d:- ref:0 ;
in:820 out:821 type:b dur:2 cpbdur:2 q:55.25 aq:47.63 tex:372 mv:3852 misc:2144 imb:45 pmb:413 smb:7702 d:- ref:0 ;
in:825 out:822 type:P dur:2 cpbdur:2 q:55.23 aq:46.45 tex:15236 mv:13621 misc:4991 imb:642 pmb:1366 smb:6152 d:- ref:0 ;
in:823 out:823 type:B dur:2 cpbdur:2 q:55.24 aq:42.91 tex:1254 mv:7859 misc:3831 imb:105 pmb:977 smb:7078 d:- ref:0 ;
in:822 out:824 type:b dur:2 cpbdur:2 q:55.25 aq:50.71 tex:418 mv:4823 misc:2175 imb:53 pmb:450 smb:7657 d:- ref:0 ;
in:824 out:825 type:b dur:2 cpbdur:2 q:55.23 aq:49.74 tex:214 mv:2344 misc:1626 imb:16 pmb:298 smb:7846 d:- ref:0 ;
in:829 out:826 type:P dur:2 cpbdur:2 q:55.21 aq:47.23 tex:10381 mv:11628 misc:4591 imb:552 pmb:1184 smb:6424 d:- ref:0 ;
in:827 out:827 type:B dur:2 cpbdur:2 q:55.22 aq:46.38 tex:620 mv:4760 misc:2380 imb:36 pmb:486 smb:7638 d:- ref:0 ;
in:826 out:828 type:b dur:2 cpbdur:2 q:55.22 aq:55.45 tex:254 mv:2903 misc:1779 imb:14 pmb:331 smb:7815 d:- ref:0 ;
in:828 out:829 type:b dur:2 cpbdur:2 q:55.21 aq:49.25 tex:70 mv:1783 misc:1323 imb:3 pmb:212 smb:7945 d:- ref:0 ;
in:833 out:830 type:P dur:2 cpbdur:2 q:55.12 aq:47.10 tex:12252 mv:11368 misc:4732 imb:682 pmb:1101 smb:6377 d:- ref:0 ;
in:831 out:831 type:B dur:2 cpbdur:2 q:55.16 aq:43.13 tex:796 mv:4610 misc:2682 imb:43 pmb:607 smb:7510 d:- ref:0 ;
in:830 out:832 type:b dur:2 cpbdur:2 q:55.18 aq:46.07 tex:356 mv:3205 misc:1895 imb:16 pmb:360 smb:7784 d:- ref:0 ;
in:832 out:833 type:b dur:2 cpbdur:2 q:55.14 aq:51.05 tex:188 mv:1964 misc:1824 imb:7 pmb:344 smb:7809 d:- ref:0 ;
in:837 out:834 type:P dur:2 cpbdur:2 q:54.99 aq:47.43 tex:7534 mv:8639 misc:4195 imb:265 pmb:996 smb:6899 d:- ref:0 ;
in:835 out:835 type:B dur:2 cpbdur:2 q:55.06 aq:45.63 tex:1372 mv:10259 misc:3465 imb:250 pmb:990 smb:6920 d:- ref:0 ;
in:834 out:836 type:b dur:2 cpbdur:2 q:55.09 aq:50.47 tex:284 mv:4926 misc:2406 imb:38 pmb:557 smb:7565 d:- ref:0 ;
in:836 out:837 type:b dur:2 cpbdur:2 q:55.02 aq:51.59 tex:318 mv:3073 misc:1817 imb:23 pmb:399 smb:7738 d:- ref:0 ;
in:841 out:838 type:P dur:2 cpbdur:2 q:54.84 aq:47.13 tex:7253 mv:10030 misc:4453 imb:420 pmb:999 smb:6741 d:- ref:0 ;
in:839 out:839 type:B dur:2 cpbdur:2 q:54.92 aq:42.70 tex:686 mv:5125 misc:2557 imb:39 pmb:605 smb:7516 d:- ref:0 ;
in:838 out:840 type:b dur:2 cpbdur:2 q:54.95 aq:50.96 tex:284 mv:2729 misc:1707 imb:25 pmb:325 smb:7810 d:- ref:0 ;
in:840 out:841 type:b dur:2 cpbdur:2 q:54.88 aq:51.73 tex:194 mv:2735 misc:1775 imb:6 pmb:332 smb:7822 d:- ref:0 ;
in:845 out:842 type:P dur:2 cpbdur:2 q:54.65 aq:45.45 tex:7815 mv:10341 misc:4540 imb:541 pmb:913 smb:6706 d:- ref:0 ;
in:843 out:843 type:B dur:2 cpbdur:2 q:54.75 aq:43.49 tex:1020 mv:5885 misc:3007 imb:74 pmb:707 smb:7379 d:- ref:0 ;
in:842 out:844 type:b dur:2 cpbdur:2 q:54.79 aq:47.01 tex:211 mv:2072 misc:1389 imb:17 pmb:224 smb:7919 d:- ref:0 ;
in:844 out:845 type:b dur:2 cpbdur:2 q:54.70 aq:50.63 tex:173 mv:2700 misc:1719 imb:20 pmb:327 smb:7813 d:- ref:0 ;
in:849 out:846 type:P dur:2 cpbdur:2 q:54.53 aq:46.44 tex:6325 mv:8818 misc:4065 imb:466 pmb:751 smb:6943 d:- ref:0 ;
in:847 out:847 type:B dur:2 cpbdur:2 q:54.59 aq:42.69 tex:1149 mv:5421 misc:2582 imb:118 pmb:512 smb:7530 d:- ref:0 ;
in:846 out:848 type:b dur:2 cpbdur:2 q:54.62 aq:53.37 tex:273 mv:2126 misc:1289 imb:24 pmb:214 smb:7922 d:- ref:0 ;
in:848 out:849 type:b dur:2 cpbdur:2 q:54.56 aq:47.81 tex:406 mv:3266 misc:2056 imb:53 pmb:373 smb:7734 d:- ref:0 ;
in:853 out:850 type:P dur:2 cpbdur:2 q:54.41 aq:47.04 tex:105827 mv:19190 misc:4231 imb:1751 pmb:1121 smb:5288 d:- ref:0 ;
in:851 out:851 type:B dur:2 cpbdur:2 q:54.47 aq:49.02 tex:44319 mv:17405 misc:3652 imb:433 pmb:1527 smb:6200 d:- ref:0 ;
in:850 out:852 type:b dur:2 cpbdur:2 q:54.50 aq:45.12 tex:262 mv:5038 misc:2428 imb:46 pmb:547 smb:7567 d:- ref:0 ;
in:852 out:853 type:b dur:2 cpbdur:2 q:54.44 aq:49.07 tex:16591 mv:8556 misc:2805 imb:273 pmb:905 smb:6982 d:- ref:0 ;
in:857 out:854 type:P dur:2 cpbdur:2 q:54.37 aq:46.90 tex:82116 mv:18321 misc:4115 imb:1507 pmb:1106 smb:5547 d:- ref:0 ;
in:855 out:855 type:B dur:2 cpbdur:2 q:54.39 aq:46.26 tex:12637 mv:10885 misc:4038 imb:302 pmb:1161 smb:6697 d:- ref:0 ;
in:854 out:856 type:b dur:2 cpbdur:2 q:54.40 aq:54.16 tex:1019 mv:3436 misc:2217 imb:39 pmb:453 smb:7668 d:- ref:0 ;
in:856 out:857 type:b dur:2 cpbdur:2 q:54.38 aq:54.15 tex:33699 mv:12979 misc:2706 imb:351 pmb:1099 smb:6710 d:- ref:0 ;
in:861 out:858 type:P dur:2 cpbdur:2 q:54.31 aq:46.73 tex:96808 mv:17529 misc:3967 imb:1141 pmb:1112 smb:5907 d:- ref:0 ;
in:859 out:859 type:B dur:2 cpbdur:2 q:54.34 aq:44.05 tex:1619 mv:8723 misc:3218 imb:216 pmb:841 smb:7103 d:- ref:0 ;
in:858 out:860 type:b dur:2 cpbdur:2 q:54.35 aq:51.50 tex:759 mv:3904 misc:2193 imb:26 pmb:537 smb:7597 d:- ref:0 ;
in:860 out:861 type:b dur:2 cpbdur:2 q:54.32 aq:54.18 tex:385 mv:4527 misc:2264 imb:30 pmb:477 smb:7653 d:- ref:0 ;
in:863 out:862 type:P dur:2 cpbdur:2 q:54.28 aq:47.47 tex:11933 mv:10055 misc:4588 imb:464 pmb:1009 smb:6687 d:- ref:0 ;
in:862 out:863 type:b dur:2 cpbdur:2 q:54.29 aq:44.29 tex:185 mv:3673 misc:1870 imb:21 pmb:402 smb:7737 d:- ref:0 ;
in:865 out:864 type:P dur:2 cpbdur:2 q:54.24 aq:46.46 tex:7918 mv:9425 misc:4393 imb:371 pmb:884 smb:6905 d:- ref:0 ;
in:864 out:865 type:b dur:2 cpbdur:2 q:54.26 aq:49.69 tex:247 mv:3447 misc:1762 imb:8 pmb:419 smb:7733 d:- ref:0 ;
in:867 out:866 type:P dur:2 cpbdur:2 q:54.19 aq:47.04 tex:12315 mv:12879 misc:5030 imb:817 pmb:1045 smb:6298 d:- ref:0 ;
in:866 out:867 type:b dur:2 cpbdur:2 q:54.22 aq:51.99 tex:737 mv:7339 misc:2740 imb:175 pmb:680 smb:7305 d:- ref:0 ;
in:869 out:868 type:P dur:2 cpbdur:2 q:54.15 aq:46.74 tex:12366 mv:11693 misc:4693 imb:570 pmb:1022 smb:6568 d:- ref:0 ;
in:868 out:869 type:b dur:2 cpbdur:2 q:54.17 aq:49.62 tex:560 mv:5644 misc:2476 imb:73 pmb:564 smb:7523 d:- ref:0 ;
in:871 out:870 type:P dur:2 cpbdur:2 q:54.11 aq:47.42 tex:10684 mv:10069 misc:4191 imb:594 pmb:781 smb:6785 d:- ref:0 ;
in:870 out:871 type:b dur:2 cpbdur:2 q:54.13 aq:42.69 tex:806 mv:4362 misc:2208 imb:103 pmb:474 smb:7583 d:- ref:0 ;
in:872 out:872 type:P dur:2 cpbdur:2 q:54.07 aq:46.27 tex:8036 mv:8220 misc:3776 imb:331 pmb:722 smb:7107 d:- ref:0 ;
in:873 out:873 type:P dur:2 cpbdur:2 q:54.05 aq:45.93 tex:7682 mv:9958 misc:4536 imb:614 pmb:819 smb:6727 d:- ref:0 ;
in:875 out:874 type:P dur:2 cpbdur:2 q:54.14 aq:48.63 tex:9313 mv:11440 misc:4447 imb:628 pmb:891 smb:6641 d:- ref:0 ;
in:874 out:875 type:b dur:2 cpbdur:2 q:54.09 aq:45.49 tex:1495 mv:5966 misc:2643 imb:100 pmb:548 smb:7512 d:- ref:0 ;
in:876 out:876 type:P dur:2 cpbdur:2 q:54.18 aq:46.85 tex:5998 mv:9227 misc:4087 imb:532 pmb:712 smb:6916 d:- ref:0 ;
in:877 out:877 type:P dur:2 cpbdur:2 q:54.19 aq:45.40 tex:8123 mv:10636 misc:4729 imb:841 pmb:734 smb:6585 d:- ref:0 ;
in:878 out:878 type:P dur:2 cpbdur:2 q:54.26 aq:47.64 tex:9610 mv:10742 misc:4752 imb:734 pmb:839 smb:6587 d:- ref:0 ;
in:879 out:879 type:P dur:2 cpbdur:2 q:54.28 aq:48.22 tex:12643 mv:13455 misc:4910 imb:779 pmb:1047 smb:6334 d:- ref:0 ;
in:880 out:880 type:P dur:2 cpbdur:2 q:54.28 aq:49.23 tex:27120 mv:18224 misc:5128 imb:1241 pmb:1297 smb:5622 d:- ref:0 ;
in:881 out:881 type:P dur:2 cpbdur:2 q:54.33 aq:49.57 tex:26923 mv:18530 misc:5195 imb:1508 pmb:1155 smb:5497 d:- ref:0 ;
in:882 out:882 type:P dur:2 cpbdur:2 q:54.43 aq:49.69 tex:15011 mv:15298 misc:5203 imb:1393 pmb:910 smb:5857 d:- ref:0 ;
in:883 out:883 type:P dur:2 cpbdur:2 q:54.43 aq:47.90 tex:26062 mv:17695 misc:5435 imb:2168 pmb:797 smb:5195 d:- ref:0 ;
in:884 out:884 type:P dur:2 cpbdur:2 q:54.45 aq:49.05 tex:28977 mv:15573 misc:4466 imb:2719 pmb:475 smb:4966 d:- ref:0 ;
in:885 out:885 type:P dur:2 cpbdur:2 q:54.44 aq:49.20 tex:21055 mv:16684 misc:4141 imb:2719 pmb:511 smb:4930 d:- ref:0 ;
in:886 out:886 type:P dur:2 cpbdur:2 q:54.46 aq:47.82 tex:22142 mv:14655 misc:4611 imb:2410 pmb:443 smb:5307 d:- ref:0 ;
in:887 out:887 type:P dur:2 cpbdur:2 q:54.45 aq:46.47 tex:14941 mv:14793 misc:3906 imb:3458 pmb:418 smb:4284 d:- ref:0 ;
in:888 out:888 type:P dur:2 cpbdur:2 q:54.45 aq:45.76 tex:9010 mv:10530 misc:4372 imb:1385 pmb:427 smb:6348 d:- ref:0 ;
in:889 out:889 type:P dur:2 cpbdur:2 q:54.43 aq:44.52 tex:10905 mv:11905 misc:4398 imb:1862 pmb:391 smb:5907 d:- ref:0 ;
in:890 out:890 type:P dur:2 cpbdur:2 q:54.42 aq:45.09 tex:9848 mv:10517 misc:4587 imb:1693 pmb:326 smb:6141 d:- ref:0 ;
in:891 out:891 type:P dur:2 cpbdur:2 q:54.41 aq:44.78 tex:10381 mv:12235 misc:4960 imb:2321 pmb:352 smb:5487 d:- ref:0 ;
in:892 out:892 type:P dur:2 cpbdur:2 q:54.39 aq:43.35 tex:10434 mv:12278 misc:4976 imb:2201 pmb:362 smb:5597 d:- ref:0 ;
in:893 out:893 type:P dur:2 cpbdur:2 q:54.37 aq:44.73 tex:10427 mv:13162 misc:5555 imb:2456 pmb:347 smb:5357 d:- ref:0 ;
in:894 out:894 type:P dur:2 cpbdur:2 q:54.35 aq:44.06 tex:10216 mv:13206 misc:5378 imb:2300 pmb:347 smb:5513 d:- ref:0 ;
in:895 out:895 type:P dur:2 cpbdur:2 q:54.32 aq:45.39 tex:12816 mv:15940 misc:4612 imb:3815 pmb:443 smb:3902 d:- ref:0 ;
in:896 out:896 type:P dur:2 cpbdur:2 q:54.30 aq:45.85 tex:11549 mv:14331 misc:4336 imb:3378 pmb:495 smb:4287 d:- ref:0 ;
in:897 out:897 type:P dur:2 cpbdur:2 q:54.28 aq:45.59 tex:11705 mv:13263 misc:5392 imb:2576 pmb:338 smb:5246 d:- ref:0 ;
in:898 out:898 type:P dur:2 cpbdur:2 q:54.24 aq:45.34 tex:13051 mv:16850 misc:4851 imb:4087 pmb:416 smb:3657 d:- ref:0 ;
in:899 out:899 type:P dur:2 cpbdur:2 q:54.22 aq:44.41 tex:9513 mv:12235 misc:5148 imb:2425 pmb:327 smb:5408 d:- ref:0 ;
in:900 out:900 type:P dur:2 cpbdur:2 q:54.17 aq:44.45 tex:6318 mv:9216 misc:4866 imb:1443 pmb:253 smb:6464 d:- ref:0 ;
in:901 out:901 type:P dur:2 cpbdur:2 q:54.14 aq:44.94 tex:8722 mv:10754 misc:5132 imb:1978 pmb:293 smb:5889 d:- ref:0 ;
in:902 out:902 type:P dur:2 cpbdur:2 q:54.11 aq:45.09 tex:7091 mv:10187 misc:5170 imb:1596 pmb:316 smb:6248 d:- ref:0 ;
in:903 out:903 type:P dur:2 cpbdur:2 q:54.07 aq:45.13 tex:10664 mv:12934 misc:6226 imb:2267 pmb:358 smb:5535 d:- ref:0 ;
in:904 out:904 type:P dur:2 cpbdur:2 q:54.06 aq:45.70 tex:7404 mv:10250 misc:5474 imb:1885 pmb:315 smb:5960 d:- ref:0 ;
in:905 out:905 type:P dur:2 cpbdur:2 q:54.05 aq:45.73 tex:7862 mv:11002 misc:5600 imb:1801 pmb:348 smb:6011 d:- ref:0 ;
in:906 out:906 type:P dur:2 cpbdur:2 q:54.03 aq:46.49 tex:6176 mv:9124 misc:4980 imb:1432 pmb:300 smb:6428 d:- ref:0 ;
in:907 out:907 type:P dur:2 cpbdur:2 q:54.01 aq:45.72 tex:7628 mv:10953 misc:5803 imb:1794 pmb:342 smb:6024 d:- ref:0 ;
in:908 out:908 type:P dur:2 cpbdur:2 q:54.00 aq:45.90 tex:6564 mv:9480 misc:5228 imb:1483 pmb:298 smb:6379 d:- ref:0 ;
in:909 out:909 type:P dur:2 cpbdur:2 q:53.98 aq:47.24 tex:6026 mv:7897 misc:4605 imb:1084 pmb:299 smb:6777 d:- ref:0 ;
in:910 out:910 type:P dur:2 cpbdur:2 q:53.98 aq:47.08 tex:6040 mv:9143 misc:5249 imb:1258 pmb:342 smb:6560 d:- ref:0 ;
in:911 out:911 type:P dur:2 cpbdur:2 q:53.98 aq:49.08 tex:4582 mv:7470 misc:4124 imb:935 pmb:304 smb:6921 d:- ref:0 ;
in:912 out:912 type:P dur:2 cpbdur:2 q:53.98 aq:49.44 tex:43191 mv:24110 misc:1563 imb:7243 pmb:271 smb:646 d:- ref:0 ;
in:913 out:913 type:P dur:2 cpbdur:2 q:53.99 aq:48.46 tex:60056 mv:27948 misc:1484 imb:7408 pmb:341 smb:411 d:- ref:0 ;
in:914 out:914 type:P dur:2 cpbdur:2 q:54.02 aq:47.92 tex:62328 mv:33088 misc:2624 imb:6290 pmb:858 smb:1012 d:- ref:0 ;
in:915 out:915 type:P dur:2 cpbdur:2 q:54.06 aq:49.26 tex:60681 mv:29270 misc:3321 imb:4594 pmb:871 smb:2695 d:- ref:0 ;
in:916 out:916 type:I dur:2 cpbdur:2 q:51.26 aq:44.01 tex:131335 mv:71540 misc:629 imb:8160 pmb:0 smb:0 d:- ref:;
in:920 out:917 type:P dur:2 cpbdur:2 q:54.31 aq:47.03 tex:69243 mv:36397 misc:3696 imb:4849 pmb:1735 smb:1576 d:- ref:0 ;
in:918 out:918 type:B dur:2 cpbdur:2 q:54.31 aq:46.65 tex:21965 mv:30938 misc:6329 imb:1538 pmb:1857 smb:4765 d:- ref:0 ;
in:917 out:919 type:b dur:2 cpbdur:2 q:54.31 aq:45.14 tex:11148 mv:23577 misc:5883 imb:1506 pmb:1247 smb:5407 d:- ref:0 ;
in:919 out:920 type:b dur:2 cpbdur:2 q:54.31 aq:47.30 tex:9201 mv:20128 misc:5815 imb:797 pmb:1307 smb:6056 d:- ref:0 ;
in:924 out:921 type:P dur:2 cpbdur:2 q:54.40 aq:46.36 tex:67577 mv:35384 misc:4375 imb:4943 pmb:1743 smb:1474 d:- ref:0 w:5,31,10 ;
in:922 out:922 type:B dur:2 cpbdur:2 q:54.36 aq:47.59 tex:10719 mv:17728 misc:6057 imb:607 pmb:1474 smb:6079 d:- ref:0 ;
in:921 out:923 type:b dur:2 cpbdur:2 q:54.33 aq:46.99 tex:11828 mv:22594 misc:6266 imb:1220 pmb:1462 smb:5478 d:- ref:0 ;
in:923 out:924 type:b dur:2 cpbdur:2 q:54.38 aq:48.40 tex:9956 mv:16978 misc:5458 imb:871 pmb:1165 smb:6124 d:- ref:0 ;
in:926 out:925 type:P dur:2 cpbdur:2 q:54.50 aq:48.81 tex:62701 mv:22102 misc:5861 imb:1327 pmb:1883 smb:4950 d:- ref:0 w:6,67,-10,6,67,-7,64,0 ;
in:925 out:926 type:b dur:2 cpbdur:2 q:54.45 aq:45.66 tex:7363 mv:16739 misc:5242 imb:1137 pmb:968 smb:6055 d:- ref:0 ;
in:928 out:927 type:P dur:2 cpbdur:2 q:54.55 aq:47.30 tex:27910 mv:18718 misc:6244 imb:2098 pmb:1255 smb:4807 d:- ref:0 w:6,67,-9,5,33,-5,32,0 ;
in:927 out:928 type:b dur:2 cpbdur:2 q:54.53 aq:50.75 tex:3704 mv:7660 misc:3676 imb:179 pmb:749 smb:7232 d:- ref:0 ;
in:929 out:929 type:P dur:2 cpbdur:2 q:54.58 aq:49.10 tex:17441 mv:12324 misc:5323 imb:729 pmb:1071 smb:6360 d:- ref:0 w:6,65,-4 ;
in:930 out:930 type:P dur:2 cpbdur:2 q:54.59 aq:48.53 tex:129953 mv:30809 misc:5094 imb:2470 pmb:1477 smb:4213 d:- ref:0 w:6,67,-10 ;
in:931 out:931 type:P dur:2 cpbdur:2 q:54.64 aq:48.29 tex:31549 mv:18115 misc:6464 imb:985 pmb:1675 smb:5500 d:- ref:0 w:6,67,-10 ;
in:932 out:932 type:P dur:2 cpbdur:2 q:54.68 aq:48.44 tex:32308 mv:18671 misc:6349 imb:985 pmb:1801 smb:5374 d:- ref:0 w:6,65,-4 ;
in:933 out:933 type:P dur:2 cpbdur:2 q:54.69 aq:48.65 tex:34845 mv:16580 misc:6391 imb:1086 pmb:1715 smb:5359 d:- ref:0 w:6,65,-6,0,1,-1,1,0 ;
in:934 out:934 type:P dur:2 cpbdur:2 q:54.71 aq:48.46 tex:21759 mv:13665 misc:5872 imb:674 pmb:1452 smb:6034 d:- ref:0 ;
in:936 out:935 type:P dur:2 cpbdur:2 q:54.69 aq:48.05 tex:35605 mv:20055 misc:6820 imb:1231 pmb:1808 smb:5121 d:- ref:0 w:5,33,-7,6,65,-3,64,0 ;
in:935 out:936 type:b dur:2 cpbdur:2 q:54.70 aq:52.74 tex:3751 mv:6261 misc:3532 imb:79 pmb:735 smb:7346 d:- ref:0 ;
in:937 out:937 type:P dur:2 cpbdur:2 q:54.78 aq:47.48 tex:21114 mv:14553 misc:6317 imb:736 pmb:1403 smb:6021 d:- ref:0 ;
in:938 out:938 type:P dur:2 cpbdur:2 q:54.85 aq:47.08 tex:20650 mv:16674 misc:6796 imb:972 pmb:1455 smb:5733 d:- ref:0 ;
in:940 out:939 type:P dur:2 cpbdur:2 q:54.91 aq:47.37 tex:34358 mv:20174 misc:6236 imb:1535 pmb:1419 smb:5206 d:- ref:0 w:6,65,-3,0,1,-1,1,0 ;
in:939 out:940 type:b dur:2 cpbdur:2 q:54.88 aq:53.43 tex:2635 mv:7224 misc:3661 imb:86 pmb:777 smb:7297 d:- ref:0 ;
in:941 out:941 type:P dur:2 cpbdur:2 q:54.97 aq:47.19 tex:16545 mv:15101 misc:6138 imb:1118 pmb:1197 smb:5845 d:- ref:0 w:0,1,-1,0,1,-1,1,0 ;
in:944 out:942 type:P dur:2 cpbdur:2 q:55.03 aq:49.70 tex:164273 mv:38575 misc:3728 imb:4918 pmb:1146 smb:2096 d:- ref:0 ;
in:942 out:943 type:B dur:2 cpbdur:2 q:54.99 aq:47.76 tex:3627 mv:11459 misc:4570 imb:225 pmb:1097 smb:6838 d:- ref:0 ;
in:943 out:944 type:b dur:2 cpbdur:2 q:55.01 aq:55.79 tex:6172 mv:10479 misc:4309 imb:86 pmb:1174 smb:6900 d:- ref:0 ;
in:946 out:945 type:P dur:2 cpbdur:2 q:55.17 aq:51.31 tex:148446 mv:35069 misc:4133 imb:3668 pmb:1223 smb:3269 d:- ref:0 ;
in:945 out:946 type:b dur:2 cpbdur:2 q:55.10 aq:53.45 tex:5812 mv:11767 misc:4149 imb:151 pmb:1119 smb:6890 d:- ref:0 ;
in:947 out:947 type:P dur:2 cpbdur:2 q:55.25 aq:51.38 tex:52804 mv:20771 misc:5105 imb:1396 pmb:1427 smb:5337 d:- ref:0 ;
in:948 out:948 type:P dur:2 cpbdur:2 q:55.29 aq:50.96 tex:118121 mv:27578 misc:4309 imb:2883 pmb:1055 smb:4222 d:- ref:0 ;
in:949 out:949 type:P dur:2 cpbdur:2 q:55.36 aq:51.73 tex:111477 mv:28596 misc:3703 imb:2993 pmb:1046 smb:4121 d:- ref:0 ;
in:950 out:950 type:P dur:2 cpbdur:2 q:55.40 aq:51.97 tex:104671 mv:30828 misc:3829 imb:3444 pmb:988 smb:3728 d:- ref:0 ;
in:951 out:951 type:P dur:2 cpbdur:2 q:55.42 aq:51.23 tex:95163 mv:32359 misc:4486 imb:3479 pmb:1042 smb:3639 d:- ref:0 ;
in:954 out:952 type:P dur:2 cpbdur:2 q:55.43 aq:50.32 tex:111825 mv:37635 misc:2324 imb:6205 pmb:787 smb:1168 d:- ref:0 ;
in:952 out:953 type:B dur:2 cpbdur:2 q:55.42 aq:53.43 tex:49683 mv:33218 misc:4699 imb:1124 pmb:2077 smb:4959 d:- ref:0 ;
in:953 out:954 type:b dur:2 cpbdur:2 q:55.43 aq:55.12 tex:12974 mv:16359 misc:5003 imb:270 pmb:1580 smb:6310 d:- ref:0 ;
in:955 out:955 type:P dur:2 cpbdur:2 q:55.57 aq:51.99 tex:87216 mv:29957 misc:3579 imb:3147 pmb:957 smb:4056 d:- ref:0 ;
in:956 out:956 type:P dur:2 cpbdur:2 q:55.59 aq:51.86 tex:90343 mv:30161 misc:4048 imb:3439 pmb:957 smb:3764 d:- ref:0 ;
in:957 out:957 type:P dur:2 cpbdur:2 q:55.63 aq:51.45 tex:79277 mv:29515 misc:4384 imb:3482 pmb:905 smb:3773 d:- ref:0 ;
in:958 out:958 type:P dur:2 cpbdur:2 q:55.65 aq:51.18 tex:81617 mv:27160 misc:3999 imb:3033 pmb:853 smb:4274 d:- ref:0 ;
in:959 out:959 type:P dur:2 cpbdur:2 q:55.68 aq:51.65 tex:75176 mv:25928 misc:4376 imb:2919 pmb:806 smb:4435 d:- ref:0 ;
in:960 out:960 type:P dur:2 cpbdur:2 q:55.67 aq:51.50 tex:67576 mv:25002 misc:4558 imb:3095 pmb:720 smb:4345 d:- ref:0 ;
in:961 out:961 type:P dur:2 cpbdur:2 q:55.67 aq:50.81 tex:61584 mv:24282 misc:4702 imb:3170 pmb:687 smb:4303 d:- ref:0 ;
in:964 out:962 type:P dur:2 cpbdur:2 q:55.68 aq:50.09 tex:58565 mv:26824 misc:2939 imb:5635 pmb:404 smb:2121 d:- ref:0 ;
in:962 out:963 type:B dur:2 cpbdur:2 q:55.67 aq:52.28 tex:15743 mv:19265 misc:5088 imb:666 pmb:1433 smb:6061 d:- ref:0 ;
in:963 out:964 type:b dur:2 cpbdur:2 q:55.68 aq:52.13 tex:8923 mv:12473 misc:4404 imb:467 pmb:1114 smb:6579 d:- ref:0 ;
in:967 out:965 type:P dur:2 cpbdur:2 q:55.63 aq:49.95 tex:54152 mv:27212 misc:3052 imb:5793 pmb:376 smb:1991 d:- ref:0 ;
in:965 out:966 type:B dur:2 cpbdur:2 q:55.66 aq:50.99 tex:17487 mv:18675 misc:4862 imb:769 pmb:1175 smb:6216 d:- ref:0 ;
in:966 out:967 type:b dur:2 cpbdur:2 q:55.64 aq:51.69 tex:6183 mv:11444 misc:4013 imb:352 pmb:975 smb:6833 d:- ref:0 ;
in:969 out:968 type:P dur:2 cpbdur:2 q:55.70 aq:50.60 tex:54089 mv:25560 misc:3927 imb:5057 pmb:375 smb:2728 d:- ref:0 ;
in:968 out:969 type:b dur:2 cpbdur:2 q:55.66 aq:51.09 tex:8904 mv:12739 misc:4061 imb:530 pmb:932 smb:6698 d:- ref:0 ;
in:970 out:970 type:P dur:2 cpbdur:2 q:55.84 aq:51.39 tex:39534 mv:20242 misc:4848 imb:2689 pmb:525 smb:4946 d:- ref:0 ;
in:972 out:971 type:P dur:2 cpbdur:2 q:55.91 aq:50.86 tex:50940 mv:25510 misc:3822 imb:5500 pmb:366 smb:2294 d:- ref:0 ;
in:971 out:972 type:b dur:2 cpbdur:2 q:55.87 aq:52.78 tex:6203 mv:11122 misc:4059 imb:381 pmb:869 smb:6910 d:- ref:0 ;
in:974 out:973 type:P dur:2 cpbdur:2 q:56.11 aq:51.01 tex:40675 mv:22055 misc:4054 imb:4410 pmb:381 smb:3369 d:- ref:0 ;
in:973 out:974 type:b dur:2 cpbdur:2 q:56.01 aq:52.80 tex:7285 mv:11893 misc:4102 imb:388 pmb:913 smb:6859 d:- ref:0 ;
in:975 out:975 type:P dur:2 cpbdur:2 q:56.31 aq:51.57 tex:27509 mv:17115 misc:4816 imb:2226 pmb:521 smb:5413 d:- ref:0 ;
in:976 out:976 type:P dur:2 cpbdur:2 q:56.43 aq:51.15 tex:27865 mv:17587 misc:5348 imb:2529 pmb:554 smb:5077 d:- ref:0 ;
in:978 out:977 type:P dur:2 cpbdur:2 q:56.52 aq:51.01 tex:49236 mv:23305 misc:4747 imb:4215 pmb:559 smb:3386 d:- ref:0 ;
in:977 out:978 type:b dur:2 cpbdur:2 q:56.48 aq:52.06 tex:3545 mv:7942 misc:3297 imb:224 pmb:718 smb:7218 d:- ref:0 ;
in:979 out:979 type:P dur:2 cpbdur:2 q:56.64 aq:51.03 tex:12312 mv:12268 misc:5244 imb:842 pmb:786 smb:6532 d:- ref:0 ;
in:980 out:980 type:P dur:2 cpbdur:2 q:56.75 aq:50.78 tex:14622 mv:13478 misc:5700 imb:1008 pmb:887 smb:6265 d:- ref:0 ;
in:981 out:981 type:P dur:2 cpbdur:2 q:56.86 aq:50.55 tex:14480 mv:13192 misc:5992 imb:1035 pmb:872 smb:6253 d:- ref:0 ;
in:982 out:982 type:P dur:2 cpbdur:2 q:56.96 aq:50.14 tex:15836 mv:14587 misc:6545 imb:1439 pmb:871 smb:5850 d:- ref:0 ;
in:984 out:983 type:P dur:2 cpbdur:2 q:57.06 aq:50.66 tex:22624 mv:18515 misc:6989 imb:1894 pmb:1044 smb:5222 d:- ref:0 ;
in:983 out:984 type:b dur:2 cpbdur:2 q:57.01 aq:52.97 tex:1343 mv:3896 misc:2233 imb:84 pmb:423 smb:7653 d:- ref:0 ;
in:986 out:985 type:P dur:2 cpbdur:2 q:57.20 aq:51.37 tex:23442 mv:16981 misc:6465 imb:1633 pmb:993 smb:5534 d:- ref:0 ;
in:985 out:986 type:b dur:2 cpbdur:2 q:57.13 aq:53.33 tex:1329 mv:4249 misc:2446 imb:79 pmb:420 smb:7661 d:- ref:0 ;
in:988 out:987 type:P dur:2 cpbdur:2 q:57.29 aq:50.73 tex:25503 mv:17790 misc:6427 imb:1793 pmb:986 smb:5381 d:- ref:0 w:6,63,3,7,117,11,124,4 ;
in:987 out:988 type:b dur:2 cpbdur:2 q:57.24 aq:52.52 tex:1160 mv:3124 misc:2052 imb:62 pmb:336 smb:7762 d:- ref:0 ;
in:990 out:989 type:P dur:2 cpbdur:2 q:57.37 aq:50.40 tex:26665 mv:20800 misc:7031 imb:2002 pmb:1229 smb:4929 d:- ref:0 ;
in:989 out:990 type:b dur:2 cpbdur:2 q:57.33 aq:53.77 tex:874 mv:2927 misc:1863 imb:38 pmb:326 smb:7796 d:- ref:0 ;
in:992 out:991 type:P dur:2 cpbdur:2 q:57.41 aq:50.04 tex:17950 mv:16467 misc:6791 imb:1500 pmb:1043 smb:5617 d:- ref:0 ;
in:991 out:992 type:b dur:2 cpbdur:2 q:57.39 aq:51.51 tex:654 mv:2038 misc:1396 imb:24 pmb:225 smb:7911 d:- ref:0 ;
in:994 out:993 type:P dur:2 cpbdur:2 q:57.44 aq:49.94 tex:19309 mv:19018 misc:7241 imb:2258 pmb:1152 smb:4750 d:- ref:0 ;
in:993 out:994 type:b dur:2 cpbdur:2 q:57.43 aq:50.50 tex:315 mv:1177 misc:1172 imb:13 pmb:158 smb:7989 d:- ref:0 ;
in:998 out:995 type:P dur:2 cpbdur:2 q:57.46 aq:50.29 tex:30635 mv:27346 misc:6435 imb:3860 pmb:1730 smb:2570 d:- ref:0 ;
in:996 out:996 type:B dur:2 cpbdur:2 q:57.45 aq:50.42 tex:926 mv:2647 misc:1731 imb:43 pmb:294 smb:7823 d:- ref:0 ;
in:995 out:997 type:b dur:2 cpbdur:2 q:57.45 aq:49.33 tex:370 mv:1925 misc:1585 imb:9 pmb:272 smb:7879 d:- ref:0 ;
in:997 out:998 type:b dur:2 cpbdur:2 q:57.46 aq:53.93 tex:230 mv:1038 misc:1244 imb:8 pmb:170 smb:7982 d:- ref:0 ;
in:1002 out:999 type:P dur:2 cpbdur:2 q:57.46 aq:49.83 tex:9068 mv:10159 misc:5037 imb:674 pmb:761 smb:6725 d:- ref:0 w:7,127,2,6,63,3,64,0 ;
in:1000 out:1000 type:B dur:2 cpbdur:2 q:57.46 aq:51.63 tex:1506 mv:3903 misc:2447 imb:39 pmb:456 smb:7665 d:- ref:0 ;
in:999 out:1001 type:b dur:2 cpbdur:2 q:57.46 aq:57.07 tex:82 mv:173 misc:561 imb:1 pmb:25 smb:8134 d:- ref:0 ;
in:1001 out:1002 type:b dur:2 cpbdur:2 q:57.46 aq:56.46 tex:349 mv:1224 misc:1123 imb:5 pmb:145 smb:8010 d:- ref:0 ;
in:1005 out:1003 type:P dur:2 cpbdur:2 q:57.41 aq:49.97 tex:8946 mv:9021 misc:4905 imb:897 pmb:503 smb:6760 d:- ref:0 ;
in:1003 out:1004 type:B dur:2 cpbdur:2 q:57.45 aq:53.89 tex:509 mv:2515 misc:1880 imb:22 pmb:326 smb:7812 d:- ref:0 ;
in:1004 out:1005 type:b dur:2 cpbdur:2 q:57.43 aq:55.18 tex:481 mv:2168 misc:1735 imb:15 pmb:281 smb:7864 d:- ref:0 ;
in:1007 out:1006 type:P dur:2 cpbdur:2 q:57.32 aq:50.30 tex:8314 mv:9748 misc:4938 imb:910 pmb:530 smb:6720 d:- ref:0 ;
in:1006 out:1007 type:b dur:2 cpbdur:2 q:57.36 aq:50.37 tex:313 mv:1883 misc:1300 imb:23 pmb:206 smb:7931 d:- ref:0 ;
in:1009 out:1008 type:P dur:2 cpbdur:2 q:57.28 aq:50.54 tex:11548 mv:10386 misc:4826 imb:1012 pmb:486 smb:6662 d:- ref:0 ;
in:1008 out:1009 type:b dur:2 cpbdur:2 q:57.30 aq:52.16 tex:620 mv:2149 misc:1391 imb:34 pmb:212 smb:7914 d:- ref:0 ;
in:1011 out:1010 type:P dur:2 cpbdur:2 q:57.24 aq:51.01 tex:10916 mv:11843 misc:5089 imb:1422 pmb:475 smb:6263 d:- ref:0 ;
in:1010 out:1011 type:b dur:2 cpbdur:2 q:57.26 aq:52.01 tex:1474 mv:4402 misc:2244 imb:82 pmb:420 smb:7658 d:- ref:0 ;
in:1012 out:1012 type:P dur:2 cpbdur:2 q:57.21 aq:51.71 tex:8067 mv:10030 misc:4951 imb:979 pmb:488 smb:6693 d:- ref:0 ;
in:1013 out:1013 type:P dur:2 cpbdur:2 q:57.21 aq:52.27 tex:6672 mv:8897 misc:4519 imb:808 pmb:472 smb:6880 d:- ref:0 ;
in:1014 out:1014 type:P dur:2 cpbdur:2 q:57.19 aq:51.27 tex:8197 mv:8898 misc:4745 imb:1036 pmb:384 smb:6740 d:- ref:0 ;
in:1017 out:1015 type:P dur:2 cpbdur:2 q:57.20 aq:52.01 tex:31377 mv:18092 misc:5427 imb:3108 pmb:420 smb:4632 d:- ref:0 ;
in:1015 out:1016 type:B dur:2 cpbdur:2 q:57.19 aq:51.83 tex:5670 mv:11836 misc:4126 imb:502 pmb:780 smb:6878 d:- ref:0 ;
in:1016 out:1017 type:b dur:2 cpbdur:2 q:57.19 aq:52.58 tex:8115 mv:12753 misc:4500 imb:565 pmb:852 smb:6743 d:- ref:0 ;
in:1018 out:1018 type:P dur:2 cpbdur:2 q:57.15 aq:52.12 tex:12813 mv:11857 misc:5018 imb:1405 pmb:482 smb:6273 d:- ref:0 ;
in:1019 out:1019 type:P dur:2 cpbdur:2 q:57.17 aq:52.15 tex:11512 mv:12604 misc:5260 imb:1529 pmb:526 smb:6105 d:- ref:0 ;
in:1021 out:1020 type:P dur:2 cpbdur:2 q:57.17 aq:51.24 tex:25575 mv:19266 misc:5303 imb:3375 pmb:485 smb:4300 d:- ref:0 ;
in:1020 out:1021 type:b dur:2 cpbdur:2 q:57.17 aq:52.14 tex:9671 mv:16411 misc:5030 imb:811 pmb:1044 smb:6305 d:- ref:0 ;
in:1022 out:1022 type:P dur:2 cpbdur:2 q:57.13 aq:50.88 tex:14696 mv:13575 misc:5393 imb:1801 pmb:518 smb:5841 d:- ref:0 ;
in:1023 out:1023 type:P dur:2 cpbdur:2 q:57.12 aq:51.29 tex:13375 mv:13169 misc:5328 imb:1638 pmb:538 smb:5984 d:- ref:0 ;
in:1024 out:1024 type:P dur:2 cpbdur:2 q:57.11 aq:51.45 tex:12910 mv:13474 misc:5232 imb:1787 pmb:533 smb:5840 d:- ref:0 ;
in:1025 out:1025 type:P dur:2 cpbdur:2 q:57.09 aq:51.82 tex:14161 mv:12924 misc:5131 imb:1952 pmb:508 smb:5700 d:- ref:0 ;
in:1026 out:1026 type:I dur:2 cpbdur:2 q:54.18 aq:48.06 tex:78808 mv:41226 misc:646 imb:8160 pmb:0 smb:0 d:- ref:;
in:1027 out:1027 type:P dur:2 cpbdur:2 q:57.12 aq:52.38 tex:16105 mv:15083 misc:4860 imb:1507 pmb:737 smb:5916 d:- ref:0 ;
in:1028 out:1028 type:P dur:2 cpbdur:2 q:57.11 aq:52.51 tex:17020 mv:16225 misc:4803 imb:1384 pmb:833 smb:5943 d:- ref:0 ;
in:1031 out:1029 type:P dur:2 cpbdur:2 q:57.10 aq:52.04 tex:53863 mv:31761 misc:4568 imb:4166 pmb:1085 smb:2909 d:- ref:0 ;
in:1029 out:1030 type:B dur:2 cpbdur:2 q:57.11 aq:53.93 tex:18094 mv:22395 misc:5303 imb:808 pmb:1586 smb:5766 d:- ref:0 ;
in:1030 out:1031 type:b dur:2 cpbdur:2 q:57.10 aq:53.55 tex:21250 mv:25830 misc:5552 imb:1070 pmb:1715 smb:5375 d:- ref:0 ;
in:1033 out:1032 type:P dur:2 cpbdur:2 q:57.08 aq:52.50 tex:47390 mv:29739 misc:5575 imb:3419 pmb:1101 smb:3640 d:- ref:0 ;
in:1032 out:1033 type:b dur:2 cpbdur:2 q:57.09 aq:55.20 tex:21250 mv:24436 misc:5306 imb:727 pmb:1821 smb:5612 d:- ref:0 ;
in:1035 out:1034 type:P dur:2 cpbdur:2 q:57.08 aq:51.77 tex:80690 mv:35820 misc:4802 imb:4530 pmb:1140 smb:2490 d:- ref:0 ;
in:1034 out:1035 type:b dur:2 cpbdur:2 q:57.08 aq:55.32 tex:21163 mv:24336 misc:5909 imb:713 pmb:2043 smb:5404 d:- ref:0 ;
in:1036 out:1036 type:P dur:2 cpbdur:2 q:57.09 aq:52.29 tex:28545 mv:20500 misc:6179 imb:1663 pmb:1186 smb:5311 d:- ref:0 ;
in:1037 out:1037 type:P dur:2 cpbdur:2 q:57.08 aq:51.71 tex:18024 mv:18376 misc:6368 imb:1448 pmb:1057 smb:5655 d:- ref:0 ;
in:1038 out:1038 type:P dur:2 cpbdur:2 q:57.07 aq:52.72 tex:63434 mv:31063 misc:5719 imb:2603 pmb:1683 smb:3874 d:- ref:0 ;
in:1039 out:1039 type:P dur:2 cpbdur:2 q:57.10 aq:51.43 tex:23100 mv:19356 misc:6512 imb:1420 pmb:1276 smb:5464 d:- ref:0 ;
in:1040 out:1040 type:P dur:2 cpbdur:2 q:57.11 aq:52.43 tex:35307 mv:22303 misc:6334 imb:1351 pmb:1635 smb:5174 d:- ref:0 ;
in:1041 out:1041 type:P dur:2 cpbdur:2 q:57.14 aq:50.70 tex:22204 mv:19323 misc:6785 imb:1350 pmb:1316 smb:5494 d:- ref:0 ;
in:1042 out:1042 type:P dur:2 cpbdur:2 q:57.14 aq:50.93 tex:21404 mv:18265 misc:6635 imb:1170 pmb:1321 smb:5669 d:- ref:0 ;
in:1043 out:1043 type:P dur:2 cpbdur:2 q:57.14 aq:50.16 tex:28932 mv:19639 misc:6685 imb:1428 pmb:1485 smb:5247 d:- ref:0 ;
in:1046 out:1044 type:P dur:2 cpbdur:2 q:57.15 aq:49.46 tex:63093 mv:34521 misc:5282 imb:4226 pmb:1775 smb:2159 d:- ref:0 ;
in:1044 out:1045 type:B dur:2 cpbdur:2 q:57.14 aq:52.53 tex:7111 mv:13639 misc:5114 imb:318 pmb:1260 smb:6582 d:- ref:0 ;
in:1045 out:1046 type:b dur:2 cpbdur:2 q:57.14 aq:56.65 tex:6354 mv:9113 misc:4005 imb:173 pmb:992 smb:6995 d:- ref:0 ;
in:1048 out:1047 type:P dur:2 cpbdur:2 q:57.20 aq:51.16 tex:55864 mv:21807 misc:5249 imb:1505 pmb:1733 smb:4922 d:- ref:0 w:6,65,-3,6,64,-1,61,6 ;
in:1047 out:1048 type:b dur:2 cpbdur:2 q:57.17 aq:55.35 tex:4043 mv:6680 misc:3789 imb:87 pmb:852 smb:7221 d:- ref:0 ;
in:1049 out:1049 type:P dur:2 cpbdur:2 q:57.22 aq:51.61 tex:32689 mv:16996 misc:5779 imb:981 pmb:1493 smb:5686 d:- ref:0 ;
in:1053 out:1050 type:P dur:2 cpbdur:2 q:57.25 aq:50.84 tex:36990 mv:23578 misc:5920 imb:1685 pmb:1637 smb:4838 d:- ref:0 ;
in:1051 out:1051 type:B dur:2 cpbdur:2 q:57.24 aq:47.94 tex:6693 mv:12326 misc:5237 imb:297 pmb:1247 smb:6616 d:- ref:0 ;
in:1050 out:1052 type:b dur:2 cpbdur:2 q:57.23 aq:56.21 tex:1934 mv:6609 misc:3345 imb:70 pmb:702 smb:7388 d:- ref:0 ;
in:1052 out:1053 type:b dur:2 cpbdur:2 q:57.25 aq:56.60 tex:1715 mv:5247 misc:2830 imb:86 pmb:562 smb:7512 d:- ref:0 ;
in:1056 out:1054 type:P dur:2 cpbdur:2 q:57.34 aq:50.45 tex:17454 mv:18175 misc:5867 imb:918 pmb:1373 smb:5869 d:- ref:0 ;
in:1054 out:1055 type:B dur:2 cpbdur:2 q:57.28 aq:53.61 tex:2402 mv:8022 misc:3784 imb:94 pmb:918 smb:7148 d:- ref:0 ;
in:1055 out:1056 type:b dur:2 cpbdur:2 q:57.31 aq:50.68 tex:1855 mv:5891 misc:2814 imb:91 pmb:589 smb:7480 d:- ref:0 ;
in:1058 out:1057 type:P dur:2 cpbdur:2 q:57.44 aq:49.01 tex:17171 mv:18752 misc:6277 imb:928 pmb:1387 smb:5845 d:- ref:0 ;
in:1057 out:1058 type:b dur:2 cpbdur:2 q:57.39 aq:55.90 tex:1540 mv:5324 misc:2608 imb:50 pmb:540 smb:7570 d:- ref:0 ;
in:1062 out:1059 type:P dur:2 cpbdur:2 q:57.54 aq:50.42 tex:46343 mv:25462 misc:6131 imb:2033 pmb:1291 smb:4836 d:- ref:0 ;
in:1060 out:1060 type:B dur:2 cpbdur:2 q:57.49 aq:51.44 tex:8000 mv:16377 misc:4935 imb:398 pmb:1225 smb:6537 d:- ref:0 ;
in:1059 out:1061 type:b dur:2 cpbdur:2 q:57.47 aq:56.61 tex:2750 mv:6852 misc:2982 imb:116 pmb:628 smb:7416 d:- ref:0 ;
in:1061 out:1062 type:b dur:2 cpbdur:2 q:57.52 aq:55.78 tex:2770 mv:8149 misc:3593 imb:94 pmb:842 smb:7224 d:- ref:0 ;
in:1063 out:1063 type:P dur:2 cpbdur:2 q:57.67 aq:52.48 tex:19614 mv:16332 misc:5726 imb:817 pmb:1301 smb:6042 d:- ref:0 ;
in:1064 out:1064 type:P dur:2 cpbdur:2 q:57.70 aq:52.12 tex:13386 mv:14636 misc:5570 imb:718 pmb:1121 smb:6321 d:- ref:0 ;
in:1065 out:1065 type:P dur:2 cpbdur:2 q:57.71 aq:51.90 tex:12921 mv:15148 misc:5619 imb:693 pmb:1205 smb:6262 d:- ref:0 ;
in:1066 out:1066 type:P dur:2 cpbdur:2 q:57.72 aq:52.43 tex:12432 mv:14804 misc:5612 imb:701 pmb:1135 smb:6324 d:- ref:0 ;
in:1068 out:1067 type:P dur:2 cpbdur:2 q:57.74 aq:52.58 tex:56381 mv:23044 misc:4591 imb:2168 pmb:1047 smb:4945 d:- ref:0 ;
in:1067 out:1068 type:b dur:2 cpbdur:2 q:57.73 aq:52.29 tex:3161 mv:10119 misc:4272 imb:208 pmb:966 smb:6986 d:- ref:0 ;
in:1070 out:1069 type:P dur:2 cpbdur:2 q:57.79 aq:52.92 tex:50704 mv:23128 misc:4752 imb:2016 pmb:1044 smb:5100 d:- ref:0 ;
in:1069 out:1070 type:b dur:2 cpbdur:2 q:57.76 aq:55.85 tex:3697 mv:10289 misc:4126 imb:213 pmb:933 smb:7014 d:- ref:0 ;
in:1071 out:1071 type:P dur:2 cpbdur:2 q:57.82 aq:51.43 tex:17363 mv:15600 misc:5605 imb:836 pmb:1175 smb:6149 d:- ref:0 ;
in:1072 out:1072 type:P dur:2 cpbdur:2 q:57.82 aq:52.24 tex:11324 mv:13391 misc:5053 imb:678 pmb:995 smb:6487 d:- ref:0 ;
in:1073 out:1073 type:P dur:2 cpbdur:2 q:57.84 aq:52.14 tex:16180 mv:14482 misc:5378 imb:863 pmb:1039 smb:6258 d:- ref:0 ;
in:1074 out:1074 type:P dur:2 cpbdur:2 q:57.87 aq:53.01 tex:16639 mv:14240 misc:5353 imb:763 pmb:1064 smb:6333 d:- ref:0 ;
in:1075 out:1075 type:P dur:2 cpbdur:2 q:57.87 aq:50.97 tex:21220 mv:16543 misc:5901 imb:893 pmb:1299 smb:5968 d:- ref:0 ;
in:1076 out:1076 type:P dur:2 cpbdur:2 q:57.87 aq:52.02 tex:28825 mv:16923 misc:5684 imb:690 pmb:1558 smb:5912 d:- ref:0 ;
in:1079 out:1077 type:P dur:2 cpbdur:2 q:57.86 aq:52.41 tex:56764 mv:22758 misc:5006 imb:1574 pmb:1605 smb:4981 d:- ref:0 ;
in:1077 out:1078 type:B dur:2 cpbdur:2 q:57.87 aq:48.70 tex:3004 mv:9675 misc:3921 imb:174 pmb:826 smb:7160 d:- ref:0 ;
in:1078 out:1079 type:b dur:2 cpbdur:2 q:57.86 aq:54.52 tex:1873 mv:7172 misc:3203 imb:90 pmb:761 smb:7309 d:- ref:0 ;
in:1081 out:1080 type:P dur:2 cpbdur:2 q:57.83 aq:51.49 tex:50615 mv:19316 misc:5405 imb:1013 pmb:1659 smb:5488 d:- ref:0 ;
in:1080 out:1081 type:b dur:2 cpbdur:2 q:57.85 aq:56.97 tex:1969 mv:6427 misc:3220 imb:77 pmb:758 smb:7325 d:- ref:0 ;
in:1083 out:1082 type:P dur:2 cpbdur:2 q:57.82 aq:51.19 tex:33296 mv:16482 misc:5638 imb:766 pmb:1477 smb:5917 d:- ref:0 ;
in:1082 out:1083 type:b dur:2 cpbdur:2 q:57.83 aq:54.42 tex:886 mv:4533 misc:2501 imb:49 pmb:482 smb:7629 d:- ref:0 ;
in:1087 out:1084 type:P dur:2 cpbdur:2 q:57.83 aq:50.16 tex:40360 mv:19051 misc:5893 imb:1293 pmb:1345 smb:5522 d:- ref:0 ;
in:1085 out:1085 type:B dur:2 cpbdur:2 q:57.83 aq:47.77 tex:2783 mv:6821 misc:3172 imb:145 pmb:592 smb:7423 d:- ref:0 ;
in:1084 out:1086 type:b dur:2 cpbdur:2 q:57.82 aq:51.85 tex:984 mv:4318 misc:2098 imb:58 pmb:416 smb:7686 d:- ref:0 ;
in:1086 out:1087 type:b dur:2 cpbdur:2 q:57.83 aq:54.01 tex:526 mv:3340 misc:2070 imb:22 pmb:400 smb:7738 d:- ref:0 ;
in:1091 out:1088 type:P dur:2 cpbdur:2 q:57.81 aq:49.34 tex:24626 mv:16924 misc:6266 imb:1018 pmb:1368 smb:5774 d:- ref:0 ;
in:1089 out:1089 type:B dur:2 cpbdur:2 q:57.82 aq:47.82 tex:2341 mv:5658 misc:3049 imb:105 pmb:559 smb:7496 d:- ref:0 ;
in:1088 out:1090 type:b dur:2 cpbdur:2 q:57.83 aq:55.37 tex:655 mv:2768 misc:1809 imb:25 pmb:311 smb:7824 d:- ref:0 ;
in:1090 out:1091 type:b dur:2 cpbdur:2 q:57.81 aq:49.95 tex:343 mv:1950 misc:1395 imb:22 pmb:227 smb:7911 d:- ref:0 ;
in:1095 out:1092 type:P dur:2 cpbdur:2 q:57.82 aq:48.89 tex:32018 mv:18190 misc:6416 imb:1222 pmb:1541 smb:5397 d:- ref:0 ;
in:1093 out:1093 type:B dur:2 cpbdur:2 q:57.81 aq:49.22 tex:1128 mv:4399 misc:2297 imb:65 pmb:448 smb:7647 d:- ref:0 ;
in:1092 out:1094 type:b dur:2 cpbdur:2 q:57.81 aq:55.46 tex:313 mv:2292 misc:1547 imb:17 pmb:268 smb:7875 d:- ref:0 ;
in:1094 out:1095 type:b dur:2 cpbdur:2 q:57.82 aq:57.54 tex:602 mv:1955 misc:1547 imb:15 pmb:248 smb:7897 d:- ref:0 ;
in:1099 out:1096 type:P dur:2 cpbdur:2 q:57.83 aq:48.27 tex:21923 mv:15351 misc:6366 imb:1121 pmb:1170 smb:5869 d:- ref:0 ;
in:1097 out:1097 type:B dur:2 cpbdur:2 q:57.82 aq:46.89 tex:3405 mv:5478 misc:2613 imb:175 pmb:478 smb:7507 d:- ref:0 ;
in:1096 out:1098 type:b dur:2 cpbdur:2 q:57.82 aq:57.19 tex:816 mv:1748 misc:1308 imb:20 pmb:203 smb:7937 d:- ref:0 ;
in:1098 out:1099 type:b dur:2 cpbdur:2 q:57.83 aq:57.03 tex:791 mv:2803 misc:1766 imb:44 pmb:288 smb:7828 d:- ref:0 ;
in:1103 out:1100 type:P dur:2 cpbdur:2 q:57.83 aq:48.73 tex:18227 mv:13729 misc:5796 imb:968 pmb:968 smb:6224 d:- ref:0 ;
in:1101 out:1101 type:B dur:2 cpbdur:2 q:57.83 aq:49.19 tex:1890 mv:4993 misc:2589 imb:90 pmb:478 smb:7592 d:- ref:0 ;
in:1100 out:1102 type:b dur:2 cpbdur:2 q:57.83 aq:53.10 tex:518 mv:2875 misc:1711 imb:22 pmb:300 smb:7838 d:- ref:0 ;
in:1102 out:1103 type:b dur:2 cpbdur:2 q:57.83 aq:53.76 tex:269 mv:1950 misc:1541 imb:5 pmb:249 smb:7906 d:- ref:0 ;
in:1107 out:1104 type:P dur:2 cpbdur:2 q:57.86 aq:49.64 tex:95936 mv:19824 misc:5112 imb:1265 pmb:1256 smb:5639 d:- ref:0 ;
in:1105 out:1105 type:B dur:2 cpbdur:2 q:57.84 aq:48.30 tex:1998 mv:5827 misc:2767 imb:67 pmb:534 smb:7559 d:- ref:0 ;
in:1104 out:1106 type:b dur:2 cpbdur:2 q:57.83 aq:54.04 tex:296 mv:2358 misc:1634 imb:22 pmb:294 smb:7844 d:- ref:0 ;
in:1106 out:1107 type:b dur:2 cpbdur:2 q:57.85 aq:49.06 tex:363 mv:2296 misc:1957 imb:12 pmb:411 smb:7737 d:- ref:0 ;
in:1111 out:1108 type:P dur:2 cpbdur:2 q:57.92 aq:48.75 tex:18785 mv:13463 misc:5648 imb:858 pmb:1079 smb:6223 d:- ref:0 ;
in:1109 out:1109 type:B dur:2 cpbdur:2 q:57.89 aq:47.90 tex:2287 mv:4630 misc:2499 imb:113 pmb:457 smb:7590 d:- ref:0 ;
in:1108 out:1110 type:b dur:2 cpbdur:2 q:57.87 aq:54.93 tex:1156 mv:2621 misc:1583 imb:63 pmb:270 smb:7827 d:- ref:0 ;
in:1110 out:1111 type:b dur:2 cpbdur:2 q:57.90 aq:51.07 tex:358 mv:1234 misc:1168 imb:10 pmb:157 smb:7993 d:- ref:0 ;
in:1115 out:1112 type:P dur:2 cpbdur:2 q:57.87 aq:49.40 tex:19549 mv:14366 misc:5645 imb:722 pmb:1204 smb:6234 d:- ref:0 ;
in:1113 out:1113 type:B dur:2 cpbdur:2 q:57.89 aq:48.04 tex:2629 mv:5210 misc:2369 imb:122 pmb:435 smb:7603 d:- ref:0 ;
in:1112 out:1114 type:b dur:2 cpbdur:2 q:57.91 aq:58.41 tex:946 mv:2559 misc:1615 imb:39 pmb:270 smb:7851 d:- ref:0 ;
in:1114 out:1115 type:b dur:2 cpbdur:2 q:57.88 aq:57.22 tex:637 mv:2405 misc:1686 imb:21 pmb:289 smb:7850 d:- ref:0 ;
in:1119 out:1116 type:P dur:2 cpbdur:2 q:57.82 aq:49.38 tex:15996 mv:13078 misc:5510 imb:633 pmb:1125 smb:6402 d:- ref:0 ;
in:1117 out:1117 type:B dur:2 cpbdur:2 q:57.85 aq:51.67 tex:1354 mv:4262 misc:2280 imb:62 pmb:442 smb:7656 d:- ref:0 ;
in:1116 out:1118 type:b dur:2 cpbdur:2 q:57.86 aq:51.63 tex:194 mv:2474 misc:1732 imb:6 pmb:348 smb:7806 d:- ref:0 ;
in:1118 out:1119 type:b dur:2 cpbdur:2 q:57.84 aq:49.18 tex:929 mv:2846 misc:1721 imb:55 pmb:303 smb:7802 d:- ref:0 ;
in:1123 out:1120 type:P dur:2 cpbdur:2 q:57.78 aq:49.10 tex:19878 mv:13457 misc:5977 imb:869 pmb:1112 smb:6179 d:- ref:0 ;
in:1121 out:1121 type:B dur:2 cpbdur:2 q:57.80 aq:43.53 tex:2064 mv:4410 misc:2278 imb:90 pmb:418 smb:7652 d:- ref:0 ;
in:1120 out:1122 type:b dur:2 cpbdur:2 q:57.81 aq:50.14 tex:877 mv:3603 misc:1984 imb:55 pmb:403 smb:7702 d:- ref:0 ;
in:1122 out:1123 type:b dur:2 cpbdur:2 q:57.79 aq:49.64 tex:388 mv:2090 misc:1650 imb:21 pmb:270 smb:7869 d:- ref:0 ;
in:1127 out:1124 type:P dur:2 cpbdur:2 q:57.72 aq:48.68 tex:19453 mv:12954 misc:5369 imb:592 pmb:1140 smb:6428 d:- ref:0 ;
in:1125 out:1125 type:B dur:2 cpbdur:2 q:57.75 aq:51.32 tex:1136 mv:4306 misc:2326 imb:64 pmb:466 smb:7630 d:- ref:0 ;
in:1124 out:1126 type:b dur:2 cpbdur:2 q:57.76 aq:46.49 tex:882 mv:2473 misc:1549 imb:44 pmb:248 smb:7868 d:- ref:0 ;
in:1126 out:1127 type:b dur:2 cpbdur:2 q:57.73 aq:51.72 tex:218 mv:1676 misc:1386 imb:10 pmb:216 smb:7934 d:- ref:0 ;
in:1131 out:1128 type:P dur:2 cpbdur:2 q:57.70 aq:48.56 tex:16181 mv:11705 misc:5194 imb:451 pmb:1164 smb:6545 d:- ref:0 ;
in:1129 out:1129 type:B dur:2 cpbdur:2 q:57.71 aq:51.42 tex:824 mv:3607 misc:2225 imb:35 pmb:469 smb:7656 d:- ref:0 ;
in:1128 out:1130 type:b dur:2 cpbdur:2 q:57.71 aq:50.41 tex:731 mv:3464 misc:1725 imb:38 pmb:311 smb:7811 d:- ref:0 ;
in:1130 out:1131 type:b dur:2 cpbdur:2 q:57.70 aq:56.48 tex:1225 mv:2657 misc:1414 imb:81 pmb:209 smb:7870 d:- ref:0 ;
in:1135 out:1132 type:P dur:2 cpbdur:2 q:57.62 aq:48.76 tex:28668 mv:13366 misc:5262 imb:691 pmb:1186 smb:6283 d:- ref:0 ;
in:1133 out:1133 type:B dur:2 cpbdur:2 q:57.66 aq:49.34 tex:1225 mv:3924 misc:1947 imb:48 pmb:391 smb:7721 d:- ref:0 ;
in:1132 out:1134 type:b dur:2 cpbdur:2 q:57.68 aq:58.10 tex:644 mv:1956 misc:1344 imb:36 pmb:178 smb:7946 d:- ref:0 ;
in:1134 out:1135 type:b dur:2 cpbdur:2 q:57.64 aq:52.43 tex:330 mv:1460 misc:1186 imb:10 pmb:163 smb:7987 d:- ref:0 ;
in:1139 out:1136 type:P dur:2 cpbdur:2 q:57.57 aq:48.19 tex:16267 mv:11841 misc:5276 imb:472 pmb:1166 smb:6522 d:- ref:0 ;
in:1137 out:1137 type:B dur:2 cpbdur:2 q:57.59 aq:47.68 tex:781 mv:3208 misc:2043 imb:19 pmb:400 smb:7741 d:- ref:0 ;
in:1136 out:1138 type:b dur:2 cpbdur:2 q:57.61 aq:57.19 tex:82 mv:1236 misc:1082 imb:1 pmb:136 smb:8023 d:- ref:0 ;
in:1138 out:1139 type:b dur:2 cpbdur:2 q:57.58 aq:55.04 tex:67 mv:799 misc:870 imb:2 pmb:85 smb:8073 d:- ref:0 ;
in:1143 out:1140 type:P dur:2 cpbdur:2 q:57.51 aq:48.68 tex:11315 mv:8873 misc:4540 imb:319 pmb:949 smb:6892 d:- ref:0 ;
in:1141 out:1141 type:B dur:2 cpbdur:2 q:57.54 aq:52.07 tex:631 mv:2962 misc:1743 imb:24 pmb:325 smb:7811 d:- ref:0 ;
in:1140 out:1142 type:b dur:2 cpbdur:2 q:57.56 aq:62.66 tex:108 mv:544 misc:724 imb:0 pmb:58 smb:8102 d:- ref:0 ;
in:1142 out:1143 type:b dur:2 cpbdur:2 q:57.52 aq:55.44 tex:69 mv:680 misc:803 imb:1 pmb:71 smb:8088 d:- ref:0 ;
in:1147 out:1144 type:P dur:2 cpbdur:2 q:57.45 aq:48.45 tex:13673 mv:11351 misc:5008 imb:369 pmb:1155 smb:6636 d:- ref:0 ;
in:1145 out:1145 type:B dur:2 cpbdur:2 q:57.48 aq:53.68 tex:334 mv:2645 misc:1693 imb:5 pmb:317 smb:7838 d:- ref:0 ;
in:1144 out:1146 type:b dur:2 cpbdur:2 q:57.49 aq:50.09 tex:162 mv:948 misc:946 imb:2 pmb:104 smb:8054 d:- ref:0 ;
in:1146 out:1147 type:b dur:2 cpbdur:2 q:57.47 aq:59.52 tex:201 mv:798 misc:873 imb:2 pmb:91 smb:8067 d:- ref:0 ;
in:1151 out:1148 type:P dur:2 cpbdur:2 q:57.40 aq:49.35 tex:14838 mv:11562 misc:4904 imb:613 pmb:1058 smb:6489 d:- ref:0 ;
in:1149 out:1149 type:B dur:2 cpbdur:2 q:57.42 aq:50.54 tex:1550 mv:3979 misc:2031 imb:78 pmb:410 smb:7672 d:- ref:0 ;
in:1148 out:1150 type:b dur:2 cpbdur:2 q:57.44 aq:54.49 tex:286 mv:836 misc:894 imb:9 pmb:108 smb:8043 d:- ref:0 ;
in:1150 out:1151 type:b dur:2 cpbdur:2 q:57.41 aq:57.70 tex:935 mv:1832 misc:1233 imb:25 pmb:200 smb:7935 d:- ref:0 ;
in:1155 out:1152 type:P dur:2 cpbdur:2 q:57.32 aq:49.11 tex:23732 mv:11930 misc:4898 imb:617 pmb:1050 smb:6493 d:- ref:0 ;
in:1153 out:1153 type:B dur:2 cpbdur:2 q:57.36 aq:51.81 tex:2003 mv:4036 misc:2169 imb:89 pmb:440 smb:7631 d:- ref:0 ;
in:1152 out:1154 type:b dur:2 cpbdur:2 q:57.38 aq:58.81 tex:1137 mv:2205 misc:1410 imb:27 pmb:221 smb:7912 d:- ref:0 ;
in:1154 out:1155 type:b dur:2 cpbdur:2 q:57.34 aq:54.50 tex:464 mv:1802 misc:1334 imb:12 pmb:201 smb:7947 d:- ref:0 ;
in:1159 out:1156 type:P dur:2 cpbdur:2 q:57.27 aq:48.33 tex:11928 mv:10796 misc:4812 imb:359 pmb:1100 smb:6701 d:- ref:0 ;
in:1157 out:1157 type:B dur:2 cpbdur:2 q:57.30 aq:50.05 tex:712 mv:3085 misc:1771 imb:20 pmb:349 smb:7791 d:- ref:0 ;
in:1156 out:1158 type:b dur:2 cpbdur:2 q:57.31 aq:51.72 tex:133 mv:1504 misc:1059 imb:4 pmb:145 smb:8011 d:- ref:0 ;
in:1158 out:1159 type:b dur:2 cpbdur:2 q:57.28 aq:53.29 tex:73 mv:1247 misc:1000 imb:2 pmb:125 smb:8033 d:- ref:0 ;
in:1163 out:1160 type:P dur:2 cpbdur:2 q:57.20 aq:49.65 tex:12114 mv:9545 misc:4877 imb:319 pmb:1043 smb:6798 d:- ref:0 ;
in:1161 out:1161 type:B dur:2 cpbdur:2 q:57.24 aq:46.42 tex:785 mv:3379 misc:1844 imb:36 pmb:340 smb:7784 d:- ref:0 ;
in:1160 out:1162 type:b dur:2 cpbdur:2 q:57.25 aq:59.35 tex:137 mv:1270 misc:1105 imb:2 pmb:141 smb:8017 d:- ref:0 ;
in:1162 out:1163 type:b dur:2 cpbdur:2 q:57.22 aq:58.32 tex:165 mv:1374 misc:1133 imb:4 pmb:142 smb:8014 d:- ref:0 ;
in:1167 out:1164 type:P dur:2 cpbdur:2 q:57.12 aq:48.52 tex:17686 mv:12958 misc:5308 imb:624 pmb:1173 smb:6363 d:- ref:0 ;
in:1165 out:1165 type:B dur:2 cpbdur:2 q:57.16 aq:50.92 tex:1913 mv:4766 misc:2161 imb:108 pmb:441 smb:7611 d:- ref:0 ;
in:1164 out:1166 type:b dur:2 cpbdur:2 q:57.18 aq:53.36 tex:775 mv:2379 misc:1302 imb:28 pmb:210 smb:7922 d:- ref:0 ;
in:1166 out:1167 type:b dur:2 cpbdur:2 q:57.14 aq:49.78 tex:416 mv:1186 misc:1094 imb:21 pmb:146 smb:7993 d:- ref:0 ;
in:1171 out:1168 type:P dur:2 cpbdur:2 q:57.05 aq:49.05 tex:14625 mv:12151 misc:5224 imb:540 pmb:1169 smb:6451 d:- ref:0 ;
in:1169 out:1169 type:B dur:2 cpbdur:2 q:57.09 aq:50.29 tex:2678 mv:4158 misc:2132 imb:93 pmb:395 smb:7672 d:- ref:0 ;
in:1168 out:1170 type:b dur:2 cpbdur:2 q:57.11 aq:56.04 tex:223 mv:836 misc:1021 imb:14 pmb:124 smb:8022 d:- ref:0 ;
in:1170 out:1171 type:b dur:2 cpbdur:2 q:57.07 aq:58.26 tex:1159 mv:2450 misc:1479 imb:51 pmb:226 smb:7883 d:- ref:0 ;
in:1175 out:1172 type:P dur:2 cpbdur:2 q:56.98 aq:49.79 tex:17917 mv:12571 misc:5184 imb:620 pmb:1161 smb:6379 d:- ref:0 ;
in:1173 out:1173 type:B dur:2 cpbdur:2 q:57.02 aq:50.40 tex:1658 mv:3451 misc:1819 imb:46 pmb:382 smb:7732 d:- ref:0 ;
in:1172 out:1174 type:b dur:2 cpbdur:2 q:57.03 aq:55.83 tex:187 mv:862 misc:983 imb:13 pmb:131 smb:8016 d:- ref:0 ;
in:1174 out:1175 type:b dur:2 cpbdur:2 q:57.00 aq:51.38 tex:241 mv:939 misc:1068 imb:11 pmb:140 smb:8009 d:- ref:0 ;
in:1179 out:1176 type:P dur:2 cpbdur:2 q:56.93 aq:48.51 tex:17369 mv:13205 misc:5402 imb:658 pmb:1157 smb:6345 d:- ref:0 ;
in:1177 out:1177 type:B dur:2 cpbdur:2 q:56.95 aq:51.26 tex:1151 mv:4022 misc:2083 imb:40 pmb:451 smb:7669 d:- ref:0 ;
in:1176 out:1178 type:b dur:2 cpbdur:2 q:56.97 aq:51.74 tex:1253 mv:2346 misc:1345 imb:48 pmb:212 smb:7900 d:- ref:0 ;
in:1178 out:1179 type:b dur:2 cpbdur:2 q:56.94 aq:50.39 tex:253 mv:1290 misc:1193 imb:6 pmb:162 smb:7992 d:- ref:0 ;
in:1183 out:1180 type:P dur:2 cpbdur:2 q:56.85 aq:48.00 tex:16678 mv:13192 misc:5386 imb:507 pmb:1241 smb:6412 d:- ref:0 ;
in:1181 out:1181 type:B dur:2 cpbdur:2 q:56.89 aq:48.94 tex:1284 mv:4261 misc:1999 imb:54 pmb:403 smb:7703 d:- ref:0 ;
in:1180 out:1182 type:b dur:2 cpbdur:2 q:56.91 aq:51.27 tex:1998 mv:3054 misc:1524 imb:104 pmb:208 smb:7848 d:- ref:0 ;
in:1182 out:1183 type:b dur:2 cpbdur:2 q:56.87 aq:50.32 tex:375 mv:1524 misc:1205 imb:19 pmb:172 smb:7969 d:- ref:0 ;
in:1187 out:1184 type:P dur:2 cpbdur:2 q:56.78 aq:47.83 tex:24703 mv:13211 misc:5118 imb:672 pmb:1111 smb:6377 d:- ref:0 ;
in:1185 out:1185 type:B dur:2 cpbdur:2 q:56.82 aq:51.54 tex:1125 mv:3800 misc:2067 imb:35 pmb:393 smb:7732 d:- ref:0 ;
in:1184 out:1186 type:b dur:2 cpbdur:2 q:56.83 aq:51.08 tex:640 mv:2748 misc:1676 imb:27 pmb:290 smb:7843 d:- ref:0 ;
in:1186 out:1187 type:b dur:2 cpbdur:2 q:56.80 aq:56.09 tex:318 mv:1807 misc:1411 imb:7 pmb:210 smb:7943 d:- ref:0 ;
in:1191 out:1188 type:P dur:2 cpbdur:2 q:56.71 aq:48.05 tex:16166 mv:11202 misc:5192 imb:493 pmb:1053 smb:6614 d:- ref:0 ;
in:1189 out:1189 type:B dur:2 cpbdur:2 q:56.75 aq:49.01 tex:1366 mv:3829 misc:2501 imb:36 pmb:565 smb:7559 d:- ref:0 ;
in:1188 out:1190 type:b dur:2 cpbdur:2 q:56.76 aq:59.40 tex:383 mv:2265 misc:1440 imb:5 pmb:245 smb:7910 d:- ref:0 ;
in:1190 out:1191 type:b dur:2 cpbdur:2 q:56.73 aq:50.21 tex:394 mv:1846 misc:1512 imb:9 pmb:234 smb:7917 d:- ref:0 ;
in:1195 out:1192 type:P dur:2 cpbdur:2 q:56.65 aq:48.56 tex:15562 mv:11559 misc:5263 imb:493 pmb:1134 smb:6533 d:- ref:0 ;
in:1193 out:1193 type:B dur:2 cpbdur:2 q:56.68 aq:50.61 tex:1134 mv:3240 misc:1762 imb:35 pmb:316 smb:7809 d:- ref:0 ;
in:1192 out:1194 type:b dur:2 cpbdur:2 q:56.70 aq:57.26 tex:289 mv:1754 misc:1317 imb:4 pmb:191 smb:7965 d:- ref:0 ;
in:1194 out:1195 type:b dur:2 cpbdur:2 q:56.67 aq:53.40 tex:308 mv:1819 misc:1377 imb:6 pmb:200 smb:7954 d:- ref:0 ;
in:1199 out:1196 type:P dur:2 cpbdur:2 q:56.59 aq:47.82 tex:17261 mv:14564 misc:5519 imb:702 pmb:1190 smb:6268 d:- ref:0 ;
in:1197 out:1197 type:B dur:2 cpbdur:2 q:56.62 aq:50.83 tex:2578 mv:5443 misc:2307 imb:79 pmb:535 smb:7546 d:- ref:0 ;
in:1196 out:1198 type:b dur:2 cpbdur:2 q:56.63 aq:56.52 tex:630 mv:2508 misc:1566 imb:17 pmb:288 smb:7855 d:- ref:0 ;
in:1198 out:1199 type:b dur:2 cpbdur:2 q:56.60 aq:50.76 tex:845 mv:3192 misc:1843 imb:42 pmb:334 smb:7784 d:- ref:0 ;
in:1203 out:1200 type:P dur:2 cpbdur:2 q:56.52 aq:48.22 tex:27256 mv:15866 misc:5670 imb:856 pmb:1283 smb:6021 d:- ref:0 ;
in:1201 out:1201 type:B dur:2 cpbdur:2 q:56.56 aq:48.88 tex:1327 mv:3926 misc:2243 imb:40 pmb:412 smb:7708 d:- ref:0 ;
in:1200 out:1202 type:b dur:2 cpbdur:2 q:56.57 aq:55.54 tex:1315 mv:3620 misc:1969 imb:41 pmb:346 smb:7773 d:- ref:0 ;
in:1202 out:1203 type:b dur:2 cpbdur:2 q:56.54 aq:51.24 tex:382 mv:2469 misc:1869 imb:7 pmb:323 smb:7830 d:- ref:0 ;
in:1207 out:1204 type:P dur:2 cpbdur:2 q:56.47 aq:47.23 tex:14632 mv:11935 misc:5425 imb:499 pmb:1140 smb:6521 d:- ref:0 ;
in:1205 out:1205 type:B dur:2 cpbdur:2 q:56.50 aq:46.53 tex:1166 mv:3657 misc:2417 imb:44 pmb:503 smb:7613 d:- ref:0 ;
in:1204 out:1206 type:b dur:2 cpbdur:2 q:56.51 aq:52.88 tex:283 mv:2003 misc:1538 imb:5 pmb:254 smb:7901 d:- ref:0 ;
in:1206 out:1207 type:b dur:2 cpbdur:2 q:56.49 aq:50.47 tex:503 mv:1912 misc:1569 imb:11 pmb:245 smb:7904 d:- ref:0 ;
in:1211 out:1208 type:P dur:2 cpbdur:2 q:56.42 aq:47.55 tex:19817 mv:13401 misc:5558 imb:696 pmb:1155 smb:6309 d:- ref:0 ;
in:1209 out:1209 type:B dur:2 cpbdur:2 q:56.45 aq:48.91 tex:3047 mv:4955 misc:2390 imb:93 pmb:503 smb:7564 d:- ref:0 ;
in:1208 out:1210 type:b dur:2 cpbdur:2 q:56.46 aq:51.42 tex:443 mv:2838 misc:1887 imb:14 pmb:360 smb:7786 d:- ref:0 ;
in:1210 out:1211 type:b dur:2 cpbdur:2 q:56.43 aq:54.49 tex:656 mv:2353 misc:1783 imb:17 pmb:314 smb:7829 d:- ref:0 ;
in:1215 out:1212 type:P dur:2 cpbdur:2 q:56.36 aq:48.36 tex:35277 mv:15123 misc:5624 imb:876 pmb:1314 smb:5970 d:- ref:0 ;
in:1213 out:1213 type:B dur:2 cpbdur:2 q:56.39 aq:45.42 tex:3040 mv:5149 misc:2187 imb:128 pmb:465 smb:7567 d:- ref:0 ;
in:1212 out:1214 type:b dur:2 cpbdur:2 q:56.40 aq:54.71 tex:389 mv:2555 misc:1720 imb:12 pmb:309 smb:7839 d:- ref:0 ;
in:1214 out:1215 type:b dur:2 cpbdur:2 q:56.37 aq:54.62 tex:1957 mv:2435 misc:1432 imb:72 pmb:240 smb:7848 d:- ref:0 ;
in:1219 out:1216 type:P dur:2 cpbdur:2 q:56.30 aq:48.64 tex:16650 mv:12270 misc:5424 imb:456 pmb:1283 smb:6421 d:- ref:0 ;
in:1217 out:1217 type:B dur:2 cpbdur:2 q:56.33 aq:47.11 tex:2306 mv:4248 misc:1974 imb:102 pmb:375 smb:7683 d:- ref:0 ;
in:1216 out:1218 type:b dur:2 cpbdur:2 q:56.34 aq:49.87 tex:380 mv:954 misc:938 imb:15 pmb:115 smb:8030 d:- ref:0 ;
in:1218 out:1219 type:b dur:2 cpbdur:2 q:56.31 aq:52.91 tex:150 mv:412 misc:790 imb:12 pmb:89 smb:8059 d:- ref:0 ;
in:1223 out:1220 type:P dur:2 cpbdur:2 q:56.24 aq:48.41 tex:17099 mv:10723 misc:5018 imb:459 pmb:1079 smb:6622 d:- ref:0 ;
in:1221 out:1221 type:B dur:2 cpbdur:2 q:56.27 aq:48.07 tex:826 mv:2315 misc:1571 imb:38 pmb:233 smb:7889 d:- ref:0 ;
in:1220 out:1222 type:b dur:2 cpbdur:2 q:56.28 aq:56.94 tex:602 mv:1299 misc:827 imb:18 pmb:122 smb:8020 d:- ref:0 ;
in:1222 out:1223 type:b dur:2 cpbdur:2 q:56.25 aq:49.11 tex:28 mv:350 misc:694 imb:3 pmb:67 smb:8090 d:- ref:0 ;
in:1227 out:1224 type:P dur:2 cpbdur:2 q:56.19 aq:47.92 tex:11219 mv:9692 misc:4745 imb:282 pmb:1111 smb:6767 d:- ref:0 ;
in:1225 out:1225 type:B dur:2 cpbdur:2 q:56.21 aq:44.77 tex:4873 mv:3882 misc:1789 imb:174 pmb:283 smb:7703 d:- ref:0 ;
in:1224 out:1226 type:b dur:2 cpbdur:2 q:56.22 aq:55.81 tex:1618 mv:2041 misc:1005 imb:67 pmb:160 smb:7933 d:- ref:0 ;
in:1226 out:1227 type:b dur:2 cpbdur:2 q:56.20 aq:56.74 tex:1786 mv:1893 misc:825 imb:59 pmb:170 smb:7931 d:- ref:0 ;
in:1231 out:1228 type:P dur:2 cpbdur:2 q:56.12 aq:48.20 tex:13774 mv:10873 misc:4953 imb:508 pmb:1044 smb:6608 d:- ref:0 ;
in:1229 out:1229 type:B dur:2 cpbdur:2 q:56.15 aq:43.85 tex:1519 mv:3740 misc:2221 imb:107 pmb:298 smb:7755 d:- ref:0 ;
in:1228 out:1230 type:b dur:2 cpbdur:2 q:56.17 aq:53.01 tex:41 mv:108 misc:491 imb:0 pmb:18 smb:8142 d:- ref:0 ;
in:1230 out:1231 type:b dur:2 cpbdur:2 q:56.14 aq:51.73 tex:1446 mv:1423 misc:963 imb:39 pmb:147 smb:7974 d:- ref:0 ;
in:1235 out:1232 type:P dur:2 cpbdur:2 q:56.06 aq:49.08 tex:70930 mv:25307 misc:5067 imb:3054 pmb:1495 smb:3611 d:- ref:0 ;
in:1233 out:1233 type:B dur:2 cpbdur:2 q:56.09 aq:48.38 tex:2868 mv:6635 misc:3449 imb:188 pmb:581 smb:7391 d:- ref:0 ;
in:1232 out:1234 type:b dur:2 cpbdur:2 q:56.11 aq:51.01 tex:2878 mv:4562 misc:2296 imb:236 pmb:364 smb:7560 d:- ref:0 ;
in:1234 out:1235 type:b dur:2 cpbdur:2 q:56.08 aq:49.77 tex:99 mv:85 misc:456 imb:3 pmb:6 smb:8151 d:- ref:0 ;
in:1239 out:1236 type:P dur:2 cpbdur:2 q:56.04 aq:48.18 tex:26211 mv:15508 misc:6153 imb:715 pmb:1474 smb:5971 d:- ref:0 w:6,63,4 ;
in:1237 out:1237 type:B dur:2 cpbdur:2 q:56.05 aq:46.36 tex:926 mv:1969 misc:1577 imb:21 pmb:206 smb:7933 d:- ref:0 ;
in:1236 out:1238 type:b dur:2 cpbdur:2 q:56.06 aq:51.04 tex:65 mv:131 misc:436 imb:2 pmb:11 smb:8147 d:- ref:0 ;
in:1238 out:1239 type:b dur:2 cpbdur:2 q:56.05 aq:52.01 tex:28 mv:10 misc:410 imb:0 pmb:2 smb:8158 d:- ref:0 ;
in:1243 out:1240 type:P dur:2 cpbdur:2 q:56.01 aq:48.17 tex:21165 mv:14566 misc:6261 imb:804 pmb:1416 smb:5940 d:- ref:0 w:7,127,2,0,1,1,1,0 ;
in:1241 out:1241 type:B dur:2 cpbdur:2 q:56.03 aq:51.26 tex:816 mv:2308 misc:2100 imb:25 pmb:328 smb:7807 d:- ref:0 ;
in:1240 out:1242 type:b dur:2 cpbdur:2 q:56.03 aq:52.00 tex:2 mv:28 misc:418 imb:0 pmb:3 smb:8157 d:- ref:0 ;
in:1242 out:1243 type:b dur:2 cpbdur:2 q:56.02 aq:52.00 tex:1 mv:14 misc:409 imb:0 pmb:2 smb:8158 d:- ref:0 ;
in:1247 out:1244 type:P dur:2 cpbdur:2 q:55.94 aq:47.21 tex:25457 mv:17973 misc:6602 imb:1274 pmb:1653 smb:5233 d:- ref:0 ;
in:1245 out:1245 type:B dur:2 cpbdur:2 q:55.97 aq:47.07 tex:399 mv:1924 misc:1453 imb:1 pmb:237 smb:7922 d:- ref:0 ;
in:1244 out:1246 type:b dur:2 cpbdur:2 q:55.99 aq:50.91 tex:25 mv:160 misc:535 imb:0 pmb:26 smb:8134 d:- ref:0 ;
in:1246 out:1247 type:b dur:2 cpbdur:2 q:55.95 aq:52.02 tex:39 mv:323 misc:646 imb:0 pmb:47 smb:8113 d:- ref:0 ;
in:1251 out:1248 type:P dur:2 cpbdur:2 q:55.86 aq:47.09 tex:31453 mv:23952 misc:6979 imb:2357 pmb:2053 smb:3750 d:- ref:0 ;
in:1249 out:1249 type:B dur:2 cpbdur:2 q:55.90 aq:53.42 tex:786 mv:3136 misc:1838 imb:8 pmb:367 smb:7785 d:- ref:0 ;
in:1248 out:1250 type:b dur:2 cpbdur:2 q:55.92 aq:52.75 tex:99 mv:1079 misc:1086 imb:4 pmb:124 smb:8032 d:- ref:0 ;
in:1250 out:1251 type:b dur:2 cpbdur:2 q:55.88 aq:46.94 tex:156 mv:1126 misc:1086 imb:4 pmb:131 smb:8025 d:- ref:0 ;
in:1255 out:1252 type:P dur:2 cpbdur:2 q:55.80 aq:47.48 tex:18705 mv:14165 misc:6178 imb:792 pmb:1261 smb:6107 d:- ref:0 ;
in:1253 out:1253 type:B dur:2 cpbdur:2 q:55.83 aq:50.02 tex:1454 mv:3337 misc:2105 imb:21 pmb:417 smb:7722 d:- ref:0 ;
in:1252 out:1254 type:b dur:2 cpbdur:2 q:55.84 aq:54.47 tex:223 mv:1556 misc:1325 imb:0 pmb:203 smb:7957 d:- ref:0 ;
in:1254 out:1255 type:b dur:2 cpbdur:2 q:55.81 aq:55.91 tex:339 mv:2007 misc:1526 imb:1 pmb:244 smb:7915 d:- ref:0 ;
in:1257 out:1256 type:P dur:2 cpbdur:2 q:55.78 aq:47.01 tex:117830 mv:21140 misc:5606 imb:1071 pmb:1554 smb:5535 d:- ref:0 ;
in:1256 out:1257 type:b dur:2 cpbdur:2 q:55.79 aq:53.01 tex:531 mv:2355 misc:1570 imb:3 pmb:311 smb:7846 d:- ref:0 ;
in:1261 out:1258 type:P dur:2 cpbdur:2 q:55.80 aq:46.41 tex:26740 mv:16081 misc:6435 imb:815 pmb:1448 smb:5897 d:- ref:0 ;
in:1259 out:1259 type:B dur:2 cpbdur:2 q:55.79 aq:49.75 tex:1114 mv:2655 misc:1687 imb:13 pmb:327 smb:7820 d:- ref:0 ;
in:1258 out:1260 type:b dur:2 cpbdur:2 q:55.78 aq:56.28 tex:624 mv:2727 misc:1873 imb:11 pmb:346 smb:7803 d:- ref:0 ;
in:1260 out:1261 type:b dur:2 cpbdur:2 q:55.79 aq:52.28 tex:502 mv:2330 misc:1808 imb:6 pmb:356 smb:7798 d:- ref:0 ;
in:1265 out:1262 type:P dur:2 cpbdur:2 q:55.73 aq:46.76 tex:22368 mv:13254 misc:5986 imb:552 pmb:1314 smb:6294 d:- ref:0 ;
in:1263 out:1263 type:B dur:2 cpbdur:2 q:55.77 aq:51.47 tex:972 mv:3659 misc:2265 imb:14 pmb:488 smb:7658 d:- ref:0 ;
in:1262 out:1264 type:b dur:2 cpbdur:2 q:55.78 aq:56.87 tex:470 mv:2410 misc:1696 imb:0 pmb:302 smb:7858 d:- ref:0 ;
in:1264 out:1265 type:b dur:2 cpbdur:2 q:55.75 aq:49.25 tex:330 mv:1769 misc:1413 imb:2 pmb:222 smb:7936 d:- ref:0 ;
in:1269 out:1266 type:P dur:2 cpbdur:2 q:55.67 aq:47.30 tex:43963 mv:15126 misc:5959 imb:602 pmb:1546 smb:6012 d:- ref:0 w:7,127,0 ;
in:1267 out:1267 type:B dur:2 cpbdur:2 q:55.70 aq:45.81 tex:710 mv:2879 misc:1683 imb:7 pmb:344 smb:7809 d:- ref:0 ;
in:1266 out:1268 type:b dur:2 cpbdur:2 q:55.72 aq:59.00 tex:212 mv:1586 misc:1314 imb:1 pmb:198 smb:7961 d:- ref:0 ;
in:1268 out:1269 type:b dur:2 cpbdur:2 q:55.69 aq:57.62 tex:327 mv:1280 misc:1089 imb:2 pmb:166 smb:7992 d:- ref:0 ;
in:1273 out:1270 type:P dur:2 cpbdur:2 q:55.63 aq:48.36 tex:23684 mv:12060 misc:5872 imb:285 pmb:1592 smb:6283 d:- ref:0 ;
in:1271 out:1271 type:B dur:2 cpbdur:2 q:55.65 aq:51.18 tex:582 mv:2347 misc:1583 imb:5 pmb:286 smb:7869 d:- ref:0 ;
in:1270 out:1272 type:b dur:2 cpbdur:2 q:55.66 aq:59.00 tex:101 mv:670 misc:805 imb:0 pmb:74 smb:8086 d:- ref:0 ;
in:1272 out:1273 type:b dur:2 cpbdur:2 q:55.64 aq:58.00 tex:31 mv:16 misc:417 imb:0 pmb:4 smb:8156 d:- ref:0 ;
in:1275 out:1274 type:P dur:2 cpbdur:2 q:55.59 aq:46.92 tex:1224 mv:2812 misc:2172 imb:48 pmb:408 smb:7704 d:- ref:0 ;
in:1274 out:1275 type:b dur:2 cpbdur:2 q:55.61 aq:58.00 tex:0 mv:0 misc:392 imb:0 pmb:0 smb:8160 d:- ref:0 ;
in:1276 out:1276 type:I dur:2 cpbdur:2 q:52.92 aq:45.45 tex:382479 mv:120862 misc:699 imb:8160 pmb:0 smb:0 d:- ref:;
in:1280 out:1277 type:P dur:2 cpbdur:2 q:55.87 aq:48.04 tex:5134 mv:5335 misc:3171 imb:55 pmb:742 smb:7363 d:- ref:0 ;
in:1278 out:1278 type:B dur:2 cpbdur:2 q:55.87 aq:53.12 tex:220 mv:920 misc:988 imb:1 pmb:130 smb:8029 d:- ref:0 ;
in:1277 out:1279 type:b dur:2 cpbdur:2 q:55.87 aq:59.56 tex:37 mv:32 misc:427 imb:0 pmb:4 smb:8156 d:- ref:0 ;
in:1279 out:1280 type:b dur:2 cpbdur:2 q:55.87 aq:49.07 tex:24 mv:9 misc:407 imb:0 pmb:2 smb:8158 d:- ref:0 ;
in:1284 out:1281 type:P dur:2 cpbdur:2 q:55.88 aq:47.62 tex:4248 mv:6792 misc:3672 imb:105 pmb:831 smb:7224 d:- ref:0 ;
in:1282 out:1282 type:B dur:2 cpbdur:2 q:55.87 aq:47.67 tex:91 mv:1438 misc:1335 imb:0 pmb:207 smb:7953 d:- ref:0 ;
in:1281 out:1283 type:b dur:2 cpbdur:2 q:55.87 aq:55.00 tex:0 mv:7 misc:401 imb:0 pmb:1 smb:8159 d:- ref:0 ;
in:1283 out:1284 type:b dur:2 cpbdur:2 q:55.88 aq:53.00 tex:2 mv:63 misc:447 imb:0 pmb:7 smb:8153 d:- ref:0 ;
in:1288 out:1285 type:P dur:2 cpbdur:2 q:55.83 aq:48.60 tex:109123 mv:23396 misc:4065 imb:2038 pmb:1170 smb:4952 d:- ref:0 ;
in:1286 out:1286 type:B dur:2 cpbdur:2 q:55.85 aq:47.32 tex:617 mv:3427 misc:2316 imb:33 pmb:439 smb:7688 d:- ref:0 ;
in:1285 out:1287 type:b dur:2 cpbdur:2 q:55.87 aq:52.00 tex:0 mv:10 misc:398 imb:0 pmb:1 smb:8159 d:- ref:0 ;
in:1287 out:1288 type:b dur:2 cpbdur:2 q:55.84 aq:53.19 tex:727 mv:1468 misc:1453 imb:12 pmb:294 smb:7854 d:- ref:0 ;
in:1292 out:1289 type:P dur:2 cpbdur:2 q:55.82 aq:48.26 tex:42184 mv:19168 misc:6216 imb:730 pmb:2327 smb:5103 d:- ref:0 ;
in:1290 out:1290 type:B dur:2 cpbdur:2 q:55.82 aq:55.21 tex:2100 mv:2811 misc:2449 imb:7 pmb:504 smb:7649 d:- ref:0 ;
in:1289 out:1291 type:b dur:2 cpbdur:2 q:55.83 aq:55.10 tex:395 mv:607 misc:822 imb:2 pmb:71 smb:8087 d:- ref:0 ;
in:1291 out:1292 type:b dur:2 cpbdur:2 q:55.82 aq:55.01 tex:32 mv:222 misc:570 imb:0 pmb:27 smb:8133 d:- ref:0 ;
in:1296 out:1293 type:P dur:2 cpbdur:2 q:55.80 aq:47.71 tex:36373 mv:18015 misc:6492 imb:673 pmb:2100 smb:5387 d:- ref:0 ;
in:1294 out:1294 type:B dur:2 cpbdur:2 q:55.81 aq:54.19 tex:531 mv:1992 misc:1613 imb:1 pmb:268 smb:7891 d:- ref:0 ;
in:1293 out:1295 type:b dur:2 cpbdur:2 q:55.81 aq:53.27 tex:71 mv:35 misc:454 imb:0 pmb:8 smb:8152 d:- ref:0 ;
in:1295 out:1296 type:b dur:2 cpbdur:2 q:55.81 aq:58.93 tex:41 mv:98 misc:469 imb:0 pmb:10 smb:8150 d:- ref:0 ;
in:1300 out:1297 type:P dur:2 cpbdur:2 q:55.75 aq:47.62 tex:35283 mv:16949 misc:6440 imb:564 pmb:2106 smb:5490 d:- ref:0 ;
in:1298 out:1298 type:B dur:2 cpbdur:2 q:55.78 aq:54.20 tex:396 mv:1441 misc:1539 imb:0 pmb:239 smb:7921 d:- ref:0 ;
in:1297 out:1299 type:b dur:2 cpbdur:2 q:55.79 aq:58.68 tex:123 mv:173 misc:528 imb:1 pmb:22 smb:8137 d:- ref:0 ;
in:1299 out:1300 type:b dur:2 cpbdur:2 q:55.76 aq:58.00 tex:18 mv:18 misc:404 imb:0 pmb:2 smb:8158 d:- ref:0 ;
in:1304 out:1301 type:P dur:2 cpbdur:2 q:55.79 aq:47.41 tex:28157 mv:13991 misc:6188 imb:442 pmb:1791 smb:5927 d:- ref:0 ;
in:1302 out:1302 type:B dur:2 cpbdur:2 q:55.77 aq:56.24 tex:278 mv:648 misc:882 imb:1 pmb:80 smb:8079 d:- ref:0 ;
in:1301 out:1303 type:b dur:2 cpbdur:2 q:55.76 aq:58.01 tex:33 mv:9 misc:406 imb:0 pmb:2 smb:8158 d:- ref:0 ;
in:1303 out:1304 type:b dur:2 cpbdur:2 q:55.78 aq:59.00 tex:16 mv:5 misc:403 imb:0 pmb:1 smb:8159 d:- ref:0 ;
in:1308 out:1305 type:P dur:2 cpbdur:2 q:55.66 aq:48.07 tex:20847 mv:10014 misc:5659 imb:293 pmb:1445 smb:6422 d:- ref:0 ;
in:1306 out:1306 type:B dur:2 cpbdur:2 q:55.72 aq:56.08 tex:404 mv:1058 misc:1434 imb:2 pmb:200 smb:7958 d:- ref:0 ;
in:1305 out:1307 type:b dur:2 cpbdur:2 q:55.75 aq:57.25 tex:91 mv:86 misc:447 imb:0 pmb:9 smb:8151 d:- ref:0 ;
in:1307 out:1308 type:b dur:2 cpbdur:2 q:55.69 aq:59.47 tex:48 mv:16 misc:416 imb:0 pmb:3 smb:8157 d:- ref:0 ;
in:1312 out:1309 type:P dur:2 cpbdur:2 q:55.65 aq:48.33 tex:15081 mv:8141 misc:5306 imb:148 pmb:1345 smb:6667 d:- ref:0 ;
in:1310 out:1310 type:B dur:2 cpbdur:2 q:55.66 aq:52.65 tex:55 mv:64 misc:449 imb:2 pmb:3 smb:8155 d:- ref:0 ;
in:1309 out:1311 type:b dur:2 cpbdur:2 q:55.66 aq:59.00 tex:0 mv:0 misc:392 imb:0 pmb:0 smb:8160 d:- ref:0 ;
in:1311 out:1312 type:b dur:2 cpbdur:2 q:55.66 aq:59.00 tex:0 mv:0 misc:392 imb:0 pmb:0 smb:8160 d:- ref:0 ;
in:1316 out:1313 type:P dur:2 cpbdur:2 q:55.60 aq:48.95 tex:12630 mv:7651 misc:4879 imb:112 pmb:1260 smb:6788 d:- ref:0 ;
in:1314 out:1314 type:B dur:2 cpbdur:2 q:55.63 aq:52.44 tex:49 mv:67 misc:460 imb:0 pmb:8 smb:8152 d:- ref:0 ;
in:1313 out:1315 type:b dur:2 cpbdur:2 q:55.64 aq:58.00 tex:2 mv:14 misc:400 imb:1 pmb:0 smb:8159 d:- ref:0 ;
in:1315 out:1316 type:b dur:2 cpbdur:2 q:55.61 aq:58.00 tex:0 mv:7 misc:401 imb:0 pmb:1 smb:8159 d:- ref:0 ;
in:1320 out:1317 type:P dur:2 cpbdur:2 q:55.53 aq:48.88 tex:9900 mv:4945 misc:4323 imb:89 pmb:960 smb:7111 d:- ref:0 ;
in:1318 out:1318 type:B dur:2 cpbdur:2 q:55.56 aq:54.65 tex:103 mv:25 misc:464 imb:0 pmb:9 smb:8151 d:- ref:0 ;
in:1317 out:1319 type:b dur:2 cpbdur:2 q:55.58 aq:58.00 tex:0 mv:2 misc:406 imb:0 pmb:1 smb:8159 d:- ref:0 ;
in:1319 out:1320 type:b dur:2 cpbdur:2 q:55.55 aq:57.51 tex:27 mv:19 misc:410 imb:1 pmb:1 smb:8158 d:- ref:0 ;
in:1324 out:1321 type:P dur:2 cpbdur:2 q:55.48 aq:48.42 tex:35965 mv:8711 misc:4772 imb:302 pmb:1143 smb:6715 d:- ref:0 ;
in:1322 out:1322 type:B dur:2 cpbdur:2 q:55.50 aq:56.21 tex:183 mv:377 misc:616 imb:1 pmb:62 smb:8097 d:- ref:0 ;
in:1321 out:1323 type:b dur:2 cpbdur:2 q:55.51 aq:58.00 tex:0 mv:0 misc:392 imb:0 pmb:0 smb:8160 d:- ref:0 ;
in:1323 out:1324 type:b dur:2 cpbdur:2 q:55.49 aq:53.38 tex:51 mv:153 misc:508 imb:1 pmb:45 smb:8114 d:- ref:0 ;
in:1328 out:1325 type:P dur:2 cpbdur:2 q:55.42 aq:48.99 tex:12981 mv:6752 misc:4659 imb:125 pmb:1136 smb:6899 d:- ref:0 ;
in:1326 out:1326 type:B dur:2 cpbdur:2 q:55.45 aq:56.00 tex:150 mv:1431 misc:1227 imb:0 pmb:170 smb:7990 d:- ref:0 ;
in:1325 out:1327 type:b dur:2 cpbdur:2 q:55.46 aq:57.00 tex:3 mv:64 misc:437 imb:1 pmb:5 smb:8154 d:- ref:0 ;
in:1327 out:1328 type:b dur:2 cpbdur:2 q:55.44 aq:58.13 tex:17 mv:46 misc:425 imb:0 pmb:4 smb:8156 d:- ref:0 ;
in:1332 out:1329 type:P dur:2 cpbdur:2 q:55.36 aq:49.21 tex:13859 mv:7357 misc:4648 imb:155 pmb:1142 smb:6863 d:- ref:0 ;
in:1330 out:1330 type:B dur:2 cpbdur:2 q:55.39 aq:55.49 tex:195 mv:1749 misc:1648 imb:0 pmb:268 smb:7892 d:- ref:0 ;
in:1329 out:1331 type:b dur:2 cpbdur:2 q:55.41 aq:59.88 tex:34 mv:15 misc:415 imb:0 pmb:3 smb:8157 d:- ref:0 ;
in:1331 out:1332 type:b dur:2 cpbdur:2 q:55.38 aq:58.00 tex:0 mv:3 misc:405 imb:0 pmb:1 smb:8159 d:- ref:0 ;
in:1336 out:1333 type:P dur:2 cpbdur:2 q:55.26 aq:49.50 tex:13355 mv:7657 misc:4764 imb:134 pmb:1168 smb:6858 d:- ref:0 ;
in:1334 out:1334 type:B dur:2 cpbdur:2 q:55.31 aq:55.68 tex:179 mv:1694 misc:1663 imb:0 pmb:289 smb:7871 d:- ref:0 ;
in:1333 out:1335 type:b dur:2 cpbdur:2 q:55.34 aq:58.00 tex:1 mv:14 misc:409 imb:0 pmb:2 smb:8158 d:- ref:0 ;
in:1335 out:1336 type:b dur:2 cpbdur:2 q:55.29 aq:58.00 tex:0 mv:0 misc:392 imb:0 pmb:0 smb:8160 d:- ref:0 ;
in:1340 out:1337 type:P dur:2 cpbdur:2 q:55.18 aq:49.00 tex:10657 mv:6409 misc:4286 imb:147 pmb:933 smb:7080 d:- ref:0 ;
in:1338 out:1338 type:B dur:2 cpbdur:2 q:55.22 aq:55.19 tex:117 mv:504 misc:883 imb:0 pmb:82 smb:8078 d:- ref:0 ;
in:1337 out:1339 type:b dur:2 cpbdur:2 q:55.24 aq:58.00 tex:0 mv:0 misc:392 imb:0 pmb:0 smb:8160 d:- ref:0 ;
in:1339 out:1340 type:b dur:2 cpbdur:2 q:55.20 aq:56.60 tex:41 mv:14 misc:425 imb:0 pmb:4 smb:8156 d:- ref:0 ;
in:1344 out:1341 type:P dur:2 cpbdur:2 q:55.07 aq:49.19 tex:153058 mv:25769 misc:4213 imb:2426 pmb:1475 smb:4259 d:- ref:0 ;
in:1342 out:1342 type:B dur:2 cpbdur:2 q:55.12 aq:54.90 tex:824 mv:887 misc:1273 imb:5 pmb:245 smb:7910 d:- ref:0 ;
in:1341 out:1343 type:b dur:2 cpbdur:2 q:55.15 aq:58.00 tex:18 mv:16 misc:414 imb:0 pmb:3 smb:8157 d:- ref:0 ;
in:1343 out:1344 type:b dur:2 cpbdur:2 q:55.10 aq:51.94 tex:1237 mv:1109 misc:1270 imb:17 pmb:252 smb:7891 d:- ref:0 ;
in:1348 out:1345 type:P dur:2 cpbdur:2 q:55.05 aq:48.84 tex:35075 mv:15227 misc:6202 imb:683 pmb:1951 smb:5526 d:- ref:0 w:0,1,1,6,65,-2,64,0 ;
in:1346 out:1346 type:B dur:2 cpbdur:2 q:55.06 aq:47.70 tex:237 mv:728 misc:939 imb:3 pmb:96 smb:8061 d:- ref:0 ;
in:1345 out:1347 type:b dur:2 cpbdur:2 q:55.07 aq:58.00 tex:0 mv:0 misc:392 imb:0 pmb:0 smb:8160 d:- ref:0 ;
in:1347 out:1348 type:b dur:2 cpbdur:2 q:55.05 aq:58.00 tex:11 mv:15 misc:406 imb:0 pmb:2 smb:8158 d:- ref:0 ;
in:1350 out:1349 type:P dur:2 cpbdur:2 q:54.99 aq:48.66 tex:25370 mv:8241 misc:5765 imb:195 pmb:1617 smb:6348 d:- ref:0 w:0,1,1 ;
in:1349 out:1350 type:b dur:2 cpbdur:2 q:55.02 aq:57.71 tex:42 mv:41 misc:413 imb:2 pmb:2 smb:8156 d:- ref:0 ;
in:1354 out:1351 type:P dur:2 cpbdur:2 q:54.95 aq:48.08 tex:30710 mv:12679 misc:5971 imb:440 pmb:1846 smb:5874 d:- ref:0 w:0,1,1 ;
in:1352 out:1352 type:B dur:2 cpbdur:2 q:54.97 aq:56.00 tex:49 mv:44 misc:427 imb:2 pmb:2 smb:8156 d:- ref:0 ;
in:1351 out:1353 type:b dur:2 cpbdur:2 q:54.98 aq:58.00 tex:0 mv:0 misc:392 imb:0 pmb:0 smb:8160 d:- ref:0 ;
in:1353 out:1354 type:b dur:2 cpbdur:2 q:54.96 aq:58.00 tex:0 mv:0 misc:392 imb:0 pmb:0 smb:8160 d:- ref:0 ;
in:1358 out:1355 type:P dur:2 cpbdur:2 q:54.89 aq:47.67 tex:36459 mv:16101 misc:6232 imb:425 pmb:2251 smb:5484 d:- ref:0 ;
in:1356 out:1356 type:B dur:2 cpbdur:2 q:54.92 aq:51.74 tex:174 mv:604 misc:734 imb:2 pmb:60 smb:8098 d:- ref:0 ;
in:1355 out:1357 type:b dur:2 cpbdur:2 q:54.94 aq:58.50 tex:43 mv:24 misc:413 imb:1 pmb:2 smb:8157 d:- ref:0 ;
in:1357 out:1358 type:b dur:2 cpbdur:2 q:54.90 aq:59.00 tex:25 mv:35 misc:412 imb:0 pmb:3 smb:8157 d:- ref:0 ;
in:1362 out:1359 type:P dur:2 cpbdur:2 q:54.81 aq:47.65 tex:29662 mv:13816 misc:6450 imb:396 pmb:1904 smb:5860 d:- ref:0 w:7,127,2 ;
in:1360 out:1360 type:B dur:2 cpbdur:2 q:54.85 aq:49.96 tex:246 mv:1403 misc:1495 imb:3 pmb:215 smb:7942 d:- ref:0 ;
in:1359 out:1361 type:b dur:2 cpbdur:2 q:54.87 aq:49.67 tex:28 mv:24 misc:420 imb:0 pmb:3 smb:8157 d:- ref:0 ;
in:1361 out:1362 type:b dur:2 cpbdur:2 q:54.83 aq:49.69 tex:77 mv:16 misc:419 imb:0 pmb:4 smb:8156 d:- ref:0 ;
in:1366 out:1363 type:P dur:2 cpbdur:2 q:54.74 aq:48.33 tex:28687 mv:13270 misc:6123 imb:283 pmb:1983 smb:5894 d:- ref:0 ;
in:1364 out:1364 type:B dur:2 cpbdur:2 q:54.78 aq:49.77 tex:143 mv:958 misc:1011 imb:3 pmb:102 smb:8055 d:- ref:0 ;
in:1363 out:1365 type:b dur:2 cpbdur:2 q:54.79 aq:59.00 tex:1 mv:87 misc:448 imb:0 pmb:8 smb:8152 d:- ref:0 ;
in:1365 out:1366 type:b dur:2 cpbdur:2 q:54.76 aq:59.11 tex:35 mv:20 misc:409 imb:1 pmb:1 smb:8158 d:- ref:0 ;
in:1370 out:1367 type:P dur:2 cpbdur:2 q:54.78 aq:48.02 tex:22809 mv:11492 misc:5779 imb:235 pmb:1688 smb:6237 d:- ref:0 ;
in:1368 out:1368 type:B dur:2 cpbdur:2 q:54.76 aq:57.01 tex:100 mv:399 misc:741 imb:1 pmb:58 smb:8101 d:- ref:0 ;
in:1367 out:1369 type:b dur:2 cpbdur:2 q:54.75 aq:59.00 tex:19 mv:10 misc:411 imb:0 pmb:2 smb:8158 d:- ref:0 ;
in:1369 out:1370 type:b dur:2 cpbdur:2 q:54.77 aq:58.00 tex:0 mv:11 misc:405 imb:0 pmb:1 smb:8159 d:- ref:0 ;
in:1374 out:1371 type:P dur:2 cpbdur:2 q:54.72 aq:47.30 tex:20223 mv:11195 misc:5990 imb:290 pmb:1594 smb:6276 d:- ref:0 ;
in:1372 out:1372 type:B dur:2 cpbdur:2 q:54.75 aq:55.28 tex:135 mv:1516 misc:1469 imb:0 pmb:250 smb:7910 d:- ref:0 ;
in:1371 out:1373 type:b dur:2 cpbdur:2 q:54.77 aq:58.00 tex:1 mv:40 misc:423 imb:0 pmb:4 smb:8156 d:- ref:0 ;
in:1373 out:1374 type:b dur:2 cpbdur:2 q:54.74 aq:57.00 tex:0 mv:0 misc:392 imb:0 pmb:0 smb:8160 d:- ref:0 ;
in:1378 out:1375 type:P dur:2 cpbdur:2 q:54.68 aq:48.32 tex:24793 mv:12357 misc:5794 imb:372 pmb:1487 smb:6301 d:- ref:0 ;
in:1376 out:1376 type:B dur:2 cpbdur:2 q:54.70 aq:52.23 tex:145 mv:1809 misc:1542 imb:3 pmb:237 smb:7920 d:- ref:0 ;
in:1375 out:1377 type:b dur:2 cpbdur:2 q:54.71 aq:56.00 tex:0 mv:6 misc:402 imb:0 pmb:1 smb:8159 d:- ref:0 ;
in:1377 out:1378 type:b dur:2 cpbdur:2 q:54.69 aq:55.55 tex:76 mv:299 misc:561 imb:0 pmb:54 smb:8106 d:- ref:0 ;
in:1382 out:1379 type:P dur:2 cpbdur:2 q:54.63 aq:47.56 tex:32710 mv:11321 misc:5409 imb:380 pmb:1456 smb:6324 d:- ref:0 ;
in:1380 out:1380 type:B dur:2 cpbdur:2 q:54.65 aq:53.74 tex:239 mv:1528 misc:1441 imb:1 pmb:215 smb:7944 d:- ref:0 ;
in:1379 out:1381 type:b dur:2 cpbdur:2 q:54.66 aq:55.19 tex:42 mv:149 misc:553 imb:0 pmb:48 smb:8112 d:- ref:0 ;
in:1381 out:1382 type:b dur:2 cpbdur:2 q:54.64 aq:54.00 tex:0 mv:10 misc:398 imb:0 pmb:1 smb:8159 d:- ref:0 ;
in:1386 out:1383 type:P dur:2 cpbdur:2 q:54.57 aq:49.23 tex:14377 mv:10214 misc:5457 imb:168 pmb:1396 smb:6596 d:- ref:0 ;
in:1384 out:1384 type:B dur:2 cpbdur:2 q:54.60 aq:54.01 tex:132 mv:555 misc:825 imb:1 pmb:68 smb:8091 d:- ref:0 ;
in:1383 out:1385 type:b dur:2 cpbdur:2 q:54.62 aq:54.30 tex:20 mv:9 misc:411 imb:0 pmb:2 smb:8158 d:- ref:0 ;
in:1385 out:1386 type:b dur:2 cpbdur:2 q:54.59 aq:53.36 tex:19 mv:21 misc:424 imb:0 pmb:4 smb:8156 d:- ref:0 ;
in:1390 out:1387 type:P dur:2 cpbdur:2 q:54.50 aq:47.89 tex:18258 mv:7728 misc:4758 imb:193 pmb:1026 smb:6941 d:- ref:0 ;
in:1388 out:1388 type:B dur:2 cpbdur:2 q:54.54 aq:56.65 tex:92 mv:151 misc:525 imb:0 pmb:31 smb:8129 d:- ref:0 ;
in:1387 out:1389 type:b dur:2 cpbdur:2 q:54.55 aq:57.81 tex:105 mv:137 misc:534 imb:0 pmb:34 smb:8126 d:- ref:0 ;
in:1389 out:1390 type:b dur:2 cpbdur:2 q:54.52 aq:52.00 tex:0 mv:0 misc:392 imb:0 pmb:0 smb:8160 d:- ref:0 ;
in:1394 out:1391 type:P dur:2 cpbdur:2 q:54.38 aq:48.81 tex:5366 mv:6326 misc:4140 imb:110 pmb:885 smb:7165 d:- ref:0 w:0,1,-1 ;
in:1392 out:1392 type:B dur:2 cpbdur:2 q:54.44 aq:54.66 tex:85 mv:53 misc:478 imb:1 pmb:8 smb:8151 d:- ref:0 ;
in:1391 out:1393 type:b dur:2 cpbdur:2 q:54.47 aq:51.00 tex:0 mv:0 misc:392 imb:0 pmb:0 smb:8160 d:- ref:0 ;
in:1393 out:1394 type:b dur:2 cpbdur:2 q:54.41 aq:55.93 tex:24 mv:5 misc:403 imb:0 pmb:1 smb:8159 d:- ref:0 ;
in:1398 out:1395 type:P dur:2 cpbdur:2 q:54.29 aq:47.93 tex:137087 mv:30214 misc:4315 imb:3083 pmb:1707 smb:3370 d:- ref:0 ;
in:1396 out:1396 type:B dur:2 cpbdur:2 q:54.34 aq:51.34 tex:1344 mv:2722 misc:2310 imb:40 pmb:478 smb:7642 d:- ref:0 ;
in:1395 out:1397 type:b dur:2 cpbdur:2 q:54.36 aq:57.10 tex:42 mv:27 misc:427 imb:0 pmb:4 smb:8156 d:- ref:0 ;
in:1397 out:1398 type:b dur:2 cpbdur:2 q:54.31 aq:51.38 tex:1587 mv:1394 misc:1307 imb:64 pmb:214 smb:7882 d:- ref:0 ;
in:1402 out:1399 type:P dur:2 cpbdur:2 q:54.28 aq:47.25 tex:35895 mv:16428 misc:6645 imb:688 pmb:1968 smb:5504 d:- ref:0 w:5,33,-8,5,33,-6,33,-4 ;
in:1400 out:1400 type:B dur:2 cpbdur:2 q:54.28 aq:46.66 tex:140 mv:216 misc:548 imb:4 pmb:18 smb:8138 d:- ref:0 ;
in:1399 out:1401 type:b dur:2 cpbdur:2 q:54.29 aq:50.58 tex:91 mv:39 misc:462 imb:1 pmb:8 smb:8151 d:- ref:0 ;
in:1401 out:1402 type:b dur:2 cpbdur:2 q:54.28 aq:50.03 tex:52 mv:34 misc:434 imb:1 pmb:4 smb:8155 d:- ref:0 ;
in:1406 out:1403 type:P dur:2 cpbdur:2 q:54.21 aq:46.84 tex:147567 mv:20013 misc:5852 imb:892 pmb:1861 smb:5407 d:- ref:0 w:6,65,-4,0,1,-1,1,0 ;
in:1404 out:1404 type:B dur:2 cpbdur:2 q:54.25 aq:50.53 tex:1119 mv:2654 misc:1763 imb:28 pmb:352 smb:7780 d:- ref:0 ;
in:1403 out:1405 type:b dur:2 cpbdur:2 q:54.26 aq:53.96 tex:50 mv:19 misc:411 imb:0 pmb:3 smb:8157 d:- ref:0 ;
in:1405 out:1406 type:b dur:2 cpbdur:2 q:54.23 aq:45.10 tex:308 mv:1072 misc:1132 imb:12 pmb:198 smb:7950 d:- ref:0 ;
in:1410 out:1407 type:P dur:2 cpbdur:2 q:54.22 aq:46.31 tex:35133 mv:16038 misc:6541 imb:583 pmb:1889 smb:5688 d:- ref:0 w:0,1,-1 ;
in:1408 out:1408 type:B dur:2 cpbdur:2 q:54.21 aq:54.19 tex:732 mv:2322 misc:1514 imb:8 pmb:266 smb:7886 d:- ref:0 ;
in:1407 out:1409 type:b dur:2 cpbdur:2 q:54.21 aq:55.03 tex:141 mv:124 misc:447 imb:0 pmb:14 smb:8146 d:- ref:0 ;
in:1409 out:1410 type:b dur:2 cpbdur:2 q:54.22 aq:52.02 tex:114 mv:671 misc:791 imb:0 pmb:72 smb:8088 d:- ref:0 ;
in:1414 out:1411 type:P dur:2 cpbdur:2 q:54.15 aq:45.87 tex:30433 mv:13684 misc:6283 imb:596 pmb:1567 smb:5997 d:- ref:0 ;
in:1412 out:1412 type:B dur:2 cpbdur:2 q:54.18 aq:44.83 tex:781 mv:2111 misc:1700 imb:3 pmb:289 smb:7868 d:- ref:0 ;
in:1411 out:1413 type:b dur:2 cpbdur:2 q:54.20 aq:57.43 tex:121 mv:230 misc:465 imb:0 pmb:18 smb:8142 d:- ref:0 ;
in:1413 out:1414 type:b dur:2 cpbdur:2 q:54.17 aq:56.38 tex:142 mv:275 misc:519 imb:0 pmb:25 smb:8135 d:- ref:0 ;
in:1418 out:1415 type:P dur:2 cpbdur:2 q:54.06 aq:44.38 tex:29737 mv:15636 misc:6587 imb:618 pmb:1670 smb:5872 d:- ref:0 ;
in:1416 out:1416 type:B dur:2 cpbdur:2 q:54.11 aq:44.38 tex:1107 mv:3359 misc:2262 imb:7 pmb:448 smb:7705 d:- ref:0 ;
in:1415 out:1417 type:b dur:2 cpbdur:2 q:54.13 aq:56.76 tex:448 mv:679 misc:745 imb:1 pmb:75 smb:8084 d:- ref:0 ;
in:1417 out:1418 type:b dur:2 cpbdur:2 q:54.08 aq:53.92 tex:615 mv:1265 misc:1016 imb:3 pmb:130 smb:8027 d:- ref:0 ;
in:1422 out:1419 type:P dur:2 cpbdur:2 q:54.09 aq:45.14 tex:25340 mv:14771 misc:6401 imb:540 pmb:1640 smb:5980 d:- ref:0 ;
in:1420 out:1420 type:B dur:2 cpbdur:2 q:54.08 aq:49.29 tex:1200 mv:4422 misc:2306 imb:20 pmb:500 smb:7640 d:- ref:0 ;
in:1419 out:1421 type:b dur:2 cpbdur:2 q:54.07 aq:51.81 tex:419 mv:2284 misc:1577 imb:3 pmb:256 smb:7901 d:- ref:0 ;
in:1421 out:1422 type:b dur:2 cpbdur:2 q:54.08 aq:53.13 tex:587 mv:2460 misc:1713 imb:4 pmb:282 smb:7874 d:- ref:0 ;
in:1426 out:1423 type:P dur:2 cpbdur:2 q:54.05 aq:45.71 tex:34479 mv:17841 misc:6336 imb:540 pmb:2084 smb:5536 d:- ref:0 ;
in:1424 out:1424 type:B dur:2 cpbdur:2 q:54.07 aq:45.49 tex:1445 mv:3547 misc:2088 imb:35 pmb:343 smb:7782 d:- ref:0 ;
in:1423 out:1425 type:b dur:2 cpbdur:2 q:54.08 aq:52.00 tex:668 mv:2601 misc:1795 imb:8 pmb:337 smb:7815 d:- ref:0 ;
in:1425 out:1426 type:b dur:2 cpbdur:2 q:54.06 aq:48.17 tex:477 mv:2924 misc:1751 imb:20 pmb:288 smb:7852 d:- ref:0 ;
in:1430 out:1427 type:P dur:2 cpbdur:2 q:54.09 aq:45.52 tex:23614 mv:16186 misc:6264 imb:484 pmb:1697 smb:5979 d:- ref:0 ;
in:1428 out:1428 type:B dur:2 cpbdur:2 q:54.07 aq:49.29 tex:967 mv:4675 misc:2518 imb:41 pmb:474 smb:7645 d:- ref:0 ;
in:1427 out:1429 type:b dur:2 cpbdur:2 q:54.06 aq:47.81 tex:507 mv:3321 misc:1908 imb:21 pmb:366 smb:7773 d:- ref:0 ;
in:1429 out:1430 type:b dur:2 cpbdur:2 q:54.08 aq:50.67 tex:567 mv:2918 misc:1795 imb:14 pmb:298 smb:7848 d:- ref:0 ;
in:1434 out:1431 type:P dur:2 cpbdur:2 q:54.02 aq:46.58 tex:33412 mv:17910 misc:6206 imb:609 pmb:1793 smb:5758 d:- ref:0 ;
in:1432 out:1432 type:B dur:2 cpbdur:2 q:54.06 aq:51.00 tex:1313 mv:5487 misc:2840 imb:27 pmb:590 smb:7543 d:- ref:0 ;
in:1431 out:1433 type:b dur:2 cpbdur:2 q:54.08 aq:50.86 tex:507 mv:3838 misc:2175 imb:12 pmb:443 smb:7705 d:- ref:0 ;
in:1433 out:1434 type:b dur:2 cpbdur:2 q:54.04 aq:51.55 tex:599 mv:3816 misc:2145 imb:21 pmb:412 smb:7727 d:- ref:0 ;
in:1438 out:1435 type:P dur:2 cpbdur:2 q:53.99 aq:46.48 tex:14800 mv:17889 misc:6199 imb:543 pmb:1616 smb:6001 d:- ref:0 ;
in:1436 out:1436 type:B dur:2 cpbdur:2 q:54.01 aq:49.73 tex:1047 mv:6277 misc:3092 imb:22 pmb:688 smb:7450 d:- ref:0 ;
in:1435 out:1437 type:b dur:2 cpbdur:2 q:54.02 aq:55.55 tex:338 mv:3723 misc:2243 imb:7 pmb:423 smb:7730 d:- ref:0 ;
in:1437 out:1438 type:b dur:2 cpbdur:2 q:54.00 aq:50.11 tex:230 mv:2724 misc:1774 imb:7 pmb:304 smb:7849 d:- ref:0 ;
in:1442 out:1439 type:P dur:2 cpbdur:2 q:53.93 aq:49.34 tex:122335 mv:30426 misc:5575 imb:1242 pmb:2467 smb:4451 d:- ref:0 ;
in:1440 out:1440 type:B dur:2 cpbdur:2 q:53.96 aq:51.18 tex:3074 mv:11976 misc:4110 imb:55 pmb:977 smb:7128 d:- ref:0 ;
in:1439 out:1441 type:b dur:2 cpbdur:2 q:53.98 aq:53.92 tex:521 mv:3935 misc:2288 imb:9 pmb:426 smb:7725 d:- ref:0 ;
in:1441 out:1442 type:b dur:2 cpbdur:2 q:53.95 aq:52.90 tex:929 mv:7367 misc:3688 imb:13 pmb:852 smb:7295 d:- ref:0 ;
in:1443 out:1443 type:P dur:2 cpbdur:2 q:53.89 aq:47.60 tex:28066 mv:16011 misc:6491 imb:466 pmb:1837 smb:5857 d:- ref:0 ;
in:1445 out:1444 type:P dur:2 cpbdur:2 q:53.89 aq:47.85 tex:107543 mv:26244 misc:5997 imb:768 pmb:2853 smb:4539 d:- ref:0 ;
in:1444 out:1445 type:b dur:2 cpbdur:2 q:53.89 aq:51.51 tex:772 mv:5888 misc:3156 imb:19 pmb:676 smb:7465 d:- ref:0 ;
in:1449 out:1446 type:P dur:2 cpbdur:2 q:53.88 aq:46.96 tex:71116 mv:28405 misc:6463 imb:880 pmb:2835 smb:4445 d:- ref:0 ;
in:1447 out:1447 type:B dur:2 cpbdur:2 q:53.89 aq:49.64 tex:2802 mv:9440 misc:4150 imb:85 pmb:979 smb:7096 d:- ref:0 ;
in:1446 out:1448 type:b dur:2 cpbdur:2 q:53.89 aq:49.47 tex:514 mv:5543 misc:2703 imb:19 pmb:542 smb:7599 d:- ref:0 ;
in:1448 out:1449 type:b dur:2 cpbdur:2 q:53.88 aq:51.04 tex:749 mv:4986 misc:2665 imb:20 pmb:553 smb:7587 d:- ref:0 ;
in:1453 out:1450 type:P dur:2 cpbdur:2 q:53.84 aq:46.00 tex:109714 mv:33166 misc:5352 imb:2999 pmb:2008 smb:3153 d:- ref:0 ;
in:1451 out:1451 type:B dur:2 cpbdur:2 q:53.86 aq:49.40 tex:4381 mv:11650 misc:4657 imb:129 pmb:1157 smb:6874 d:- ref:0 ;
in:1450 out:1452 type:b dur:2 cpbdur:2 q:53.87 aq:52.03 tex:661 mv:4965 misc:2558 imb:16 pmb:522 smb:7622 d:- ref:0 ;
in:1452 out:1453 type:b dur:2 cpbdur:2 q:53.85 aq:50.05 tex:1087 mv:6106 misc:3247 imb:46 pmb:741 smb:7373 d:- ref:0 ;
in:1457 out:1454 type:P dur:2 cpbdur:2 q:53.81 aq:45.10 tex:49614 mv:24084 misc:6510 imb:1217 pmb:2085 smb:4858 d:- ref:0 ;
in:1455 out:1455 type:B dur:2 cpbdur:2 q:53.83 aq:46.92 tex:2206 mv:7361 misc:3401 imb:92 pmb:758 smb:7310 d:- ref:0 ;
in:1454 out:1456 type:b dur:2 cpbdur:2 q:53.84 aq:50.83 tex:649 mv:4551 misc:2192 imb:20 pmb:462 smb:7678 d:- ref:0 ;
in:1456 out:1457 type:b dur:2 cpbdur:2 q:53.82 aq:51.25 tex:464 mv:3499 misc:2037 imb:13 pmb:435 smb:7712 d:- ref:0 ;
in:1461 out:1458 type:P dur:2 cpbdur:2 q:53.76 aq:45.64 tex:40751 mv:20290 misc:6559 imb:911 pmb:1850 smb:5399 d:- ref:0 ;
in:1459 out:1459 type:B dur:2 cpbdur:2 q:53.79 aq:46.80 tex:1844 mv:5605 misc:2903 imb:72 pmb:597 smb:7491 d:- ref:0 ;
in:1458 out:1460 type:b dur:2 cpbdur:2 q:53.80 aq:51.10 tex:476 mv:3868 misc:1904 imb:20 pmb:385 smb:7755 d:- ref:0 ;
in:1460 out:1461 type:b dur:2 cpbdur:2 q:53.78 aq:45.79 tex:444 mv:3384 misc:2444 imb:20 pmb:507 smb:7633 d:- ref:0 ;
in:1465 out:1462 type:P dur:2 cpbdur:2 q:53.72 aq:44.82 tex:21931 mv:14913 misc:6132 imb:746 pmb:1302 smb:6112 d:- ref:0 ;
in:1463 out:1463 type:B dur:2 cpbdur:2 q:53.74 aq:46.02 tex:1642 mv:4881 misc:2805 imb:66 pmb:579 smb:7515 d:- ref:0 ;
in:1462 out:1464 type:b dur:2 cpbdur:2 q:53.75 aq:51.94 tex:351 mv:2346 misc:1583 imb:11 pmb:278 smb:7871 d:- ref:0 ;
in:1464 out:1465 type:b dur:2 cpbdur:2 q:53.73 aq:50.65 tex:489 mv:2709 misc:1818 imb:14 pmb:372 smb:7774 d:- ref:0 ;
in:1469 out:1466 type:P dur:2 cpbdur:2 q:53.74 aq:44.81 tex:15325 mv:13533 misc:5470 imb:662 pmb:1116 smb:6382 d:- ref:0 w:0,1,-1 ;
in:1467 out:1467 type:B dur:2 cpbdur:2 q:53.73 aq:48.10 tex:1851 mv:6719 misc:3254 imb:73 pmb:716 smb:7371 d:- ref:0 ;
in:1466 out:1468 type:b dur:2 cpbdur:2 q:53.72 aq:47.52 tex:460 mv:3680 misc:2252 imb:15 pmb:449 smb:7696 d:- ref:0 ;
in:1468 out:1469 type:b dur:2 cpbdur:2 q:53.74 aq:48.96 tex:814 mv:4811 misc:2463 imb:30 pmb:528 smb:7602 d:- ref:0 ;
in:1471 out:1470 type:P dur:2 cpbdur:2 q:53.86 aq:45.53 tex:11197 mv:11710 misc:4901 imb:494 pmb:946 smb:6720 d:- ref:0 ;
in:1470 out:1471 type:b dur:2 cpbdur:2 q:53.80 aq:48.97 tex:958 mv:5281 misc:2545 imb:27 pmb:628 smb:7505 d:- ref:0 ;
in:1475 out:1472 type:P dur:2 cpbdur:2 q:53.84 aq:47.48 tex:16171 mv:13560 misc:5365 imb:635 pmb:1088 smb:6437 d:- ref:0 ;
in:1473 out:1473 type:B dur:2 cpbdur:2 q:53.85 aq:45.81 tex:2399 mv:7791 misc:3170 imb:128 pmb:739 smb:7293 d:- ref:0 ;
in:1472 out:1474 type:b dur:2 cpbdur:2 q:53.85 aq:48.48 tex:797 mv:5141 misc:2366 imb:35 pmb:597 smb:7528 d:- ref:0 ;
in:1474 out:1475 type:b dur:2 cpbdur:2 q:53.85 aq:50.43 tex:885 mv:4504 misc:2171 imb:39 pmb:472 smb:7649 d:- ref:0 ;
in:1477 out:1476 type:P dur:2 cpbdur:2 q:53.87 aq:48.72 tex:72255 mv:22115 misc:5750 imb:1020 pmb:1920 smb:5220 d:- ref:0 ;
in:1476 out:1477 type:b dur:2 cpbdur:2 q:53.86 aq:52.04 tex:3227 mv:8956 misc:4025 imb:89 pmb:1035 smb:7036 d:- ref:0 ;
in:1479 out:1478 type:P dur:2 cpbdur:2 q:53.92 aq:49.51 tex:64629 mv:21767 misc:5620 imb:974 pmb:1910 smb:5276 d:- ref:0 ;
in:1478 out:1479 type:b dur:2 cpbdur:2 q:53.90 aq:49.74 tex:1762 mv:7043 misc:2859 imb:82 pmb:671 smb:7407 d:- ref:0 ;
in:1480 out:1480 type:P dur:2 cpbdur:2 q:53.91 aq:49.56 tex:80481 mv:24027 misc:5268 imb:1007 pmb:2146 smb:5007 d:- ref:0 ;
in:1482 out:1481 type:P dur:2 cpbdur:2 q:53.93 aq:48.94 tex:25685 mv:16125 misc:5886 imb:747 pmb:1425 smb:5988 d:- ref:0 ;
in:1481 out:1482 type:b dur:2 cpbdur:2 q:53.92 aq:51.21 tex:1654 mv:5849 misc:2537 imb:83 pmb:541 smb:7536 d:- ref:0 ;
in:1483 out:1483 type:P dur:2 cpbdur:2 q:53.95 aq:47.99 tex:15394 mv:12450 misc:5468 imb:628 pmb:1066 smb:6466 d:- ref:0 ;
in:1484 out:1484 type:P dur:2 cpbdur:2 q:53.94 aq:48.27 tex:17338 mv:12727 misc:5679 imb:562 pmb:1219 smb:6379 d:- ref:0 ;
in:1486 out:1485 type:P dur:2 cpbdur:2 q:53.94 aq:48.26 tex:18522 mv:15467 misc:6083 imb:757 pmb:1355 smb:6048 d:- ref:0 ;
in:1485 out:1486 type:b dur:2 cpbdur:2 q:53.94 aq:49.82 tex:938 mv:3813 misc:1985 imb:45 pmb:323 smb:7792 d:- ref:0 ;
in:1487 out:1487 type:P dur:2 cpbdur:2 q:53.94 aq:47.64 tex:16477 mv:13463 misc:5796 imb:652 pmb:1202 smb:6306 d:- ref:0 ;
in:1488 out:1488 type:P dur:2 cpbdur:2 q:53.93 aq:47.85 tex:22611 mv:18726 misc:6431 imb:725 pmb:1645 smb:5790 d:- ref:0 ;
in:1489 out:1489 type:P dur:2 cpbdur:2 q:53.92 aq:47.73 tex:25619 mv:19011 misc:6482 imb:740 pmb:1723 smb:5697 d:- ref:0 ;
in:1490 out:1490 type:P dur:2 cpbdur:2 q:53.90 aq:48.49 tex:25290 mv:18772 misc:6258 imb:657 pmb:1744 smb:5759 d:- ref:0 ;
in:1491 out:1491 type:P dur:2 cpbdur:2 q:53.89 aq:47.96 tex:35578 mv:19882 misc:6260 imb:621 pmb:2055 smb:5484 d:- ref:0 ;
in:1492 out:1492 type:P dur:2 cpbdur:2 q:53.88 aq:47.79 tex:31201 mv:20459 misc:6540 imb:772 pmb:1902 smb:5486 d:- ref:0 ;
in:1494 out:1493 type:P dur:2 cpbdur:2 q:53.87 aq:47.10 tex:27213 mv:21289 misc:6698 imb:904 pmb:1859 smb:5397 d:- ref:0 ;
in:1493 out:1494 type:b dur:2 cpbdur:2 q:53.88 aq:49.39 tex:1250 mv:6923 misc:2867 imb:56 pmb:635 smb:7469 d:- ref:0 ;
in:1495 out:1495 type:P dur:2 cpbdur:2 q:53.84 aq:48.07 tex:17004 mv:14225 misc:5923 imb:433 pmb:1449 smb:6278 d:- ref:0 ;
in:1496 out:1496 type:P dur:2 cpbdur:2 q:53.81 aq:48.69 tex:20272 mv:15849 misc:6159 imb:444 pmb:1596 smb:6120 d:- ref:0 ;
in:1497 out:1497 type:P dur:2 cpbdur:2 q:53.80 aq:48.21 tex:17137 mv:14326 misc:5953 imb:445 pmb:1485 smb:6230 d:- ref:0 ;
in:1498 out:1498 type:P dur:2 cpbdur:2 q:53.79 aq:47.98 tex:16918 mv:14655 misc:6059 imb:500 pmb:1472 smb:6188 d:- ref:0 ;
in:1499 out:1499 type:P dur:2 cpbdur:2 q:53.77 aq:47.81 tex:19950 mv:13906 misc:5904 imb:478 pmb:1493 smb:6189 d:- ref:0 ;
in:1500 out:1500 type:P dur:2 cpbdur:2 q:53.79 aq:48.06 tex:35746 mv:16637 misc:5937 imb:518 pmb:1880 smb:5762 d:- ref:0 ;
in:1501 out:1501 type:P dur:2 cpbdur:2 q:53.80 aq:48.11 tex:27887 mv:17540 misc:6373 imb:584 pmb:1821 smb:5755 d:- ref:0 ;
in:1502 out:1502 type:P dur:2 cpbdur:2 q:53.85 aq:47.44 tex:21356 mv:15497 misc:6003 imb:485 pmb:1618 smb:6057 d:- ref:0 ;
in:1504 out:1503 type:P dur:2 cpbdur:2 q:53.85 aq:48.15 tex:26956 mv:19721 misc:5827 imb:578 pmb:1879 smb:5703 d:- ref:0 ;
in:1503 out:1504 type:b dur:2 cpbdur:2 q:53.85 aq:49.37 tex:1045 mv:6813 misc:3182 imb:41 pmb:756 smb:7363 d:- ref:0 ;
in:1505 out:1505 type:P dur:2 cpbdur:2 q:53.90 aq:47.98 tex:14246 mv:12845 misc:5757 imb:418 pmb:1338 smb:6404 d:- ref:0 ;
in:1506 out:1506 type:P dur:2 cpbdur:2 q:53.90 aq:49.65 tex:15660 mv:13332 misc:5312 imb:409 pmb:1353 smb:6398 d:- ref:0 ;
in:1507 out:1507 type:P dur:2 cpbdur:2 q:53.91 aq:48.13 tex:95509 mv:32889 misc:5514 imb:3187 pmb:1784 smb:3189 d:- ref:0 w:0,1,-1 ;
in:1508 out:1508 type:P dur:2 cpbdur:2 q:53.93 aq:48.49 tex:21926 mv:17623 misc:6203 imb:715 pmb:1640 smb:5805 d:- ref:0 ;
in:1509 out:1509 type:P dur:2 cpbdur:2 q:53.93 aq:48.54 tex:16454 mv:15411 misc:5975 imb:433 pmb:1586 smb:6141 d:- ref:0 ;
in:1510 out:1510 type:P dur:2 cpbdur:2 q:53.91 aq:47.83 tex:12822 mv:15217 misc:5881 imb:439 pmb:1494 smb:6227 d:- ref:0 ;
in:1511 out:1511 type:P dur:2 cpbdur:2 q:53.91 aq:48.50 tex:13648 mv:17040 misc:5952 imb:469 pmb:1636 smb:6055 d:- ref:0 ;
in:1512 out:1512 type:P dur:2 cpbdur:2 q:53.92 aq:49.17 tex:14065 mv:16347 misc:5652 imb:449 pmb:1612 smb:6099 d:- ref:0 ;
in:1513 out:1513 type:P dur:2 cpbdur:2 q:53.94 aq:49.07 tex:17634 mv:18178 misc:6020 imb:613 pmb:1709 smb:5838 d:- ref:0 ;
in:1514 out:1514 type:P dur:2 cpbdur:2 q:53.96 aq:48.39 tex:21000 mv:20296 misc:6496 imb:767 pmb:1815 smb:5578 d:- ref:0 ;
in:1515 out:1515 type:P dur:2 cpbdur:2 q:53.99 aq:48.28 tex:24370 mv:19743 misc:6327 imb:721 pmb:1816 smb:5623 d:- ref:0 ;
in:1517 out:1516 type:P dur:2 cpbdur:2 q:54.02 aq:48.39 tex:32767 mv:25902 misc:6243 imb:976 pmb:2057 smb:5127 d:- ref:0 ;
in:1516 out:1517 type:b dur:2 cpbdur:2 q:54.01 aq:53.24 tex:1626 mv:10627 misc:3819 imb:56 pmb:956 smb:7148 d:- ref:0 ;
in:1518 out:1518 type:P dur:2 cpbdur:2 q:54.04 aq:48.06 tex:15852 mv:18656 misc:6164 imb:656 pmb:1664 smb:5840 d:- ref:0 ;
in:1519 out:1519 type:P dur:2 cpbdur:2 q:54.05 aq:48.35 tex:23691 mv:19755 misc:6082 imb:747 pmb:1752 smb:5661 d:- ref:0 ;
in:1520 out:1520 type:P dur:2 cpbdur:2 q:54.08 aq:47.18 tex:13837 mv:17605 misc:6302 imb:720 pmb:1483 smb:5957 d:- ref:0 ;
in:1521 out:1521 type:P dur:2 cpbdur:2 q:54.09 aq:47.56 tex:16360 mv:18354 misc:6262 imb:742 pmb:1556 smb:5862 d:- ref:0 ;
in:1522 out:1522 type:P dur:2 cpbdur:2 q:54.10 aq:47.43 tex:20032 mv:18466 misc:6174 imb:781 pmb:1587 smb:5792 d:- ref:0 ;
in:1523 out:1523 type:P dur:2 cpbdur:2 q:54.11 aq:47.19 tex:18819 mv:17868 misc:6329 imb:826 pmb:1487 smb:5847 d:- ref:0 ;
in:1524 out:1524 type:P dur:2 cpbdur:2 q:54.13 aq:47.83 tex:27725 mv:18216 misc:5987 imb:691 pmb:1721 smb:5748 d:- ref:0 ;
in:1525 out:1525 type:P dur:2 cpbdur:2 q:54.14 aq:47.08 tex:31530 mv:19645 misc:6057 imb:883 pmb:1796 smb:5481 d:- ref:0 ;
in:1526 out:1526 type:I dur:2 cpbdur:2 q:51.06 aq:44.73 tex:256320 mv:101359 misc:745 imb:8160 pmb:0 smb:0 d:- ref:;
in:1528 out:1527 type:P dur:2 cpbdur:2 q:54.41 aq:46.50 tex:7597 mv:14693 misc:4950 imb:337 pmb:1307 smb:6516 d:- ref:0 ;
in:1527 out:1528 type:b dur:2 cpbdur:2 q:54.41 aq:51.02 tex:416 mv:6469 misc:2835 imb:24 pmb:657 smb:7479 d:- ref:0 ;
in:1530 out:1529 type:P dur:2 cpbdur:2 q:54.39 aq:46.90 tex:38137 mv:22553 misc:5558 imb:673 pmb:2138 smb:5349 d:- ref:0 ;
in:1529 out:1530 type:b dur:2 cpbdur:2 q:54.40 aq:47.36 tex:489 mv:6748 misc:3155 imb:33 pmb:735 smb:7392 d:- ref:0 ;
in:1534 out:1531 type:P dur:2 cpbdur:2 q:54.45 aq:46.40 tex:28108 mv:27158 misc:6430 imb:1384 pmb:2170 smb:4606 d:- ref:0 ;
in:1532 out:1532 type:B dur:2 cpbdur:2 q:54.42 aq:49.63 tex:1750 mv:10732 misc:4022 imb:84 pmb:1034 smb:7042 d:- ref:0 ;
in:1531 out:1533 type:b dur:2 cpbdur:2 q:54.41 aq:47.42 tex:527 mv:6042 misc:2847 imb:33 pmb:616 smb:7511 d:- ref:0 ;
in:1533 out:1534 type:b dur:2 cpbdur:2 q:54.44 aq:48.44 tex:593 mv:5215 misc:2472 imb:28 pmb:499 smb:7633 d:- ref:0 ;
in:1538 out:1535 type:P dur:2 cpbdur:2 q:54.47 aq:46.54 tex:23372 mv:27787 misc:7145 imb:2214 pmb:1779 smb:4167 d:- ref:0 ;
in:1536 out:1536 type:B dur:2 cpbdur:2 q:54.46 aq:49.09 tex:4074 mv:11970 misc:4548 imb:169 pmb:1135 smb:6856 d:- ref:0 ;
in:1535 out:1537 type:b dur:2 cpbdur:2 q:54.46 aq:49.09 tex:1229 mv:7545 misc:3386 imb:78 pmb:806 smb:7276 d:- ref:0 ;
in:1537 out:1538 type:b dur:2 cpbdur:2 q:54.47 aq:52.53 tex:967 mv:6651 misc:3022 imb:64 pmb:728 smb:7368 d:- ref:0 ;
in:1540 out:1539 type:P dur:2 cpbdur:2 q:54.46 aq:47.84 tex:11516 mv:13272 misc:5604 imb:776 pmb:1023 smb:6361 d:- ref:0 ;
in:1539 out:1540 type:b dur:2 cpbdur:2 q:54.46 aq:50.21 tex:941 mv:5610 misc:2825 imb:56 pmb:618 smb:7486 d:- ref:0 ;
in:1541 out:1541 type:P dur:2 cpbdur:2 q:54.46 aq:47.98 tex:23802 mv:14805 misc:5617 imb:669 pmb:1445 smb:6046 d:- ref:0 ;
in:1542 out:1542 type:P dur:2 cpbdur:2 q:54.48 aq:49.04 tex:16834 mv:13639 misc:5583 imb:668 pmb:1237 smb:6255 d:- ref:0 ;
in:1543 out:1543 type:P dur:2 cpbdur:2 q:54.49 aq:49.30 tex:39862 mv:17482 misc:5264 imb:832 pmb:1565 smb:5763 d:- ref:0 ;
in:1544 out:1544 type:P dur:2 cpbdur:2 q:54.50 aq:48.27 tex:11704 mv:11370 misc:5206 imb:624 pmb:931 smb:6605 d:- ref:0 ;
in:1545 out:1545 type:P dur:2 cpbdur:2 q:54.50 aq:49.59 tex:7840 mv:8998 misc:4186 imb:436 pmb:782 smb:6942 d:- ref:0 ;
in:1546 out:1546 type:P dur:2 cpbdur:2 q:54.50 aq:51.48 tex:197870 mv:41804 misc:2078 imb:5911 pmb:1422 smb:827 d:- ref:0 ;
in:1547 out:1547 type:P dur:2 cpbdur:2 q:54.57 aq:51.27 tex:23967 mv:17287 misc:6330 imb:955 pmb:1613 smb:5592 d:- ref:0 ;
in:1548 out:1548 type:P dur:2 cpbdur:2 q:54.59 aq:50.31 tex:20595 mv:19897 misc:6684 imb:1392 pmb:1529 smb:5239 d:- ref:0 w:7,127,2 ;
in:1549 out:1549 type:P dur:2 cpbdur:2 q:54.61 aq:50.39 tex:23123 mv:20655 misc:6670 imb:1158 pmb:1709 smb:5293 d:- ref:0 w:0,1,2,6,64,0,63,2 ;
in:1550 out:1550 type:P dur:2 cpbdur:2 q:54.64 aq:50.51 tex:28077 mv:22959 misc:6876 imb:1228 pmb:1868 smb:5064 d:- ref:0 w:0,1,1 ;
in:1552 out:1551 type:P dur:2 cpbdur:2 q:54.64 aq:50.84 tex:57692 mv:29644 misc:6384 imb:1438 pmb:2556 smb:4166 d:- ref:0 w:0,1,4,6,63,2,63,2 ;
in:1551 out:1552 type:b dur:2 cpbdur:2 q:54.64 aq:53.58 tex:3348 mv:11384 misc:4700 imb:154 pmb:1200 smb:6806 d:- ref:0 ;
in:1553 out:1553 type:P dur:2 cpbdur:2 q:54.68 aq:50.99 tex:39840 mv:21593 misc:6847 imb:1218 pmb:2092 smb:4850 d:- ref:0 ;
in:1554 out:1554 type:P dur:2 cpbdur:2 q:54.69 aq:50.69 tex:29146 mv:17687 misc:6551 imb:942 pmb:1760 smb:5458 d:- ref:0 w:0,1,1 ;
in:1556 out:1555 type:P dur:2 cpbdur:2 q:54.70 aq:50.73 tex:82614 mv:27518 misc:6476 imb:1175 pmb:2171 smb:4814 d:- ref:0 w:0,1,2,0,1,-1,1,0 ;
in:1555 out:1556 type:b dur:2 cpbdur:2 q:54.69 aq:53.94 tex:1846 mv:7254 misc:3308 imb:55 pmb:753 smb:7352 d:- ref:0 ;
in:1558 out:1557 type:P dur:2 cpbdur:2 q:54.73 aq:50.87 tex:36396 mv:25094 misc:6734 imb:1185 pmb:2276 smb:4699 d:- ref:0 w:0,1,2 ;
in:1557 out:1558 type:b dur:2 cpbdur:2 q:54.71 aq:52.75 tex:1627 mv:9727 misc:4470 imb:105 pmb:1136 smb:6919 d:- ref:0 ;
in:1559 out:1559 type:P dur:2 cpbdur:2 q:54.75 aq:50.90 tex:20868 mv:16090 misc:6354 imb:522 pmb:1816 smb:5822 d:- ref:0 w:0,1,1 ;
in:1560 out:1560 type:P dur:2 cpbdur:2 q:54.77 aq:50.83 tex:33819 mv:18911 misc:6726 imb:760 pmb:2221 smb:5179 d:- ref:0 w:0,1,1 ;
in:1561 out:1561 type:P dur:2 cpbdur:2 q:54.78 aq:50.16 tex:48108 mv:20691 misc:6497 imb:956 pmb:2297 smb:4907 d:- ref:0 w:0,1,1 ;
in:1563 out:1562 type:P dur:2 cpbdur:2 q:54.80 aq:50.60 tex:37044 mv:21720 misc:6852 imb:1054 pmb:2099 smb:5007 d:- ref:0 ;
in:1562 out:1563 type:b dur:2 cpbdur:2 q:54.79 aq:52.80 tex:958 mv:6743 misc:3227 imb:96 pmb:721 smb:7343 d:- ref:0 ;
in:1564 out:1564 type:P dur:2 cpbdur:2 q:54.80 aq:50.03 tex:25221 mv:17985 misc:6538 imb:812 pmb:1694 smb:5654 d:- ref:0 ;
in:1565 out:1565 type:P dur:2 cpbdur:2 q:54.81 aq:50.03 tex:31303 mv:19834 misc:6831 imb:1084 pmb:1837 smb:5239 d:- ref:0 ;
in:1566 out:1566 type:P dur:2 cpbdur:2 q:54.83 aq:50.07 tex:27651 mv:15097 misc:6252 imb:814 pmb:1629 smb:5717 d:- ref:0 ;
in:1567 out:1567 type:P dur:2 cpbdur:2 q:54.86 aq:49.98 tex:27860 mv:14835 misc:6345 imb:762 pmb:1676 smb:5722 d:- ref:0 ;
in:1568 out:1568 type:P dur:2 cpbdur:2 q:54.89 aq:49.51 tex:30600 mv:16591 misc:6537 imb:790 pmb:1773 smb:5597 d:- ref:0 ;
in:1569 out:1569 type:P dur:2 cpbdur:2 q:54.90 aq:48.62 tex:29450 mv:16049 misc:6589 imb:847 pmb:1683 smb:5630 d:- ref:0 ;
in:1572 out:1570 type:P dur:2 cpbdur:2 q:55.04 aq:48.33 tex:47467 mv:23780 misc:6905 imb:1288 pmb:2137 smb:4735 d:- ref:0 ;
in:1570 out:1571 type:B dur:2 cpbdur:2 q:54.95 aq:51.66 tex:885 mv:5173 misc:2574 imb:98 pmb:475 smb:7587 d:- ref:0 ;
in:1571 out:1572 type:b dur:2 cpbdur:2 q:54.99 aq:51.29 tex:660 mv:4306 misc:2338 imb:59 pmb:491 smb:7610 d:- ref:0 ;
in:1575 out:1573 type:P dur:2 cpbdur:2 q:55.08 aq:48.72 tex:49830 mv:22012 misc:6798 imb:1164 pmb:2185 smb:4811 d:- ref:0 ;
in:1573 out:1574 type:B dur:2 cpbdur:2 q:55.05 aq:52.51 tex:1001 mv:5415 misc:2504 imb:97 pmb:506 smb:7557 d:- ref:0 ;
in:1574 out:1575 type:b dur:2 cpbdur:2 q:55.07 aq:54.09 tex:657 mv:5088 misc:3039 imb:41 pmb:814 smb:7305 d:- ref:0 ;
in:1579 out:1576 type:P dur:2 cpbdur:2 q:55.12 aq:49.49 tex:58709 mv:19842 misc:6713 imb:938 pmb:2371 smb:4851 d:- ref:0 ;
in:1577 out:1577 type:B dur:2 cpbdur:2 q:55.10 aq:50.26 tex:1786 mv:7867 misc:3563 imb:121 pmb:892 smb:7147 d:- ref:0 ;
in:1576 out:1578 type:b dur:2 cpbdur:2 q:55.09 aq:54.16 tex:504 mv:5181 misc:2235 imb:72 pmb:510 smb:7578 d:- ref:0 ;
in:1578 out:1579 type:b dur:2 cpbdur:2 q:55.11 aq:54.89 tex:336 mv:4088 misc:2208 imb:22 pmb:518 smb:7620 d:- ref:0 ;
in:1583 out:1580 type:P dur:2 cpbdur:2 q:55.19 aq:49.25 tex:36145 mv:16484 misc:6571 imb:771 pmb:1854 smb:5535 d:- ref:0 ;
in:1581 out:1581 type:B dur:2 cpbdur:2 q:55.15 aq:51.16 tex:913 mv:5157 misc:2666 imb:62 pmb:585 smb:7513 d:- ref:0 ;
in:1580 out:1582 type:b dur:2 cpbdur:2 q:55.13 aq:53.45 tex:259 mv:4580 misc:2121 imb:9 pmb:564 smb:7587 d:- ref:0 ;
in:1582 out:1583 type:b dur:2 cpbdur:2 q:55.17 aq:54.05 tex:575 mv:3945 misc:2288 imb:24 pmb:517 smb:7619 d:- ref:0 ;
in:1587 out:1584 type:P dur:2 cpbdur:2 q:55.21 aq:49.76 tex:25884 mv:14796 misc:6168 imb:594 pmb:1643 smb:5923 d:- ref:0 ;
in:1585 out:1585 type:B dur:2 cpbdur:2 q:55.20 aq:52.43 tex:622 mv:4741 misc:2421 imb:35 pmb:576 smb:7549 d:- ref:0 ;
in:1584 out:1586 type:b dur:2 cpbdur:2 q:55.19 aq:56.70 tex:211 mv:3033 misc:2332 imb:2 pmb:530 smb:7628 d:- ref:0 ;
in:1586 out:1587 type:b dur:2 cpbdur:2 q:55.20 aq:56.11 tex:426 mv:4310 misc:2680 imb:16 pmb:567 smb:7577 d:- ref:0 ;
in:1591 out:1588 type:P dur:2 cpbdur:2 q:55.23 aq:50.20 tex:19828 mv:12747 misc:5881 imb:515 pmb:1465 smb:6180 d:- ref:0 w:0,1,-1 ;
in:1589 out:1589 type:B dur:2 cpbdur:2 q:55.22 aq:53.48 tex:460 mv:3438 misc:2222 imb:10 pmb:442 smb:7708 d:- ref:0 ;
in:1588 out:1590 type:b dur:2 cpbdur:2 q:55.21 aq:58.79 tex:14798 mv:12714 misc:4552 imb:357 pmb:1207 smb:6596 d:- ref:0 ;
in:1590 out:1591 type:b dur:2 cpbdur:2 q:55.23 aq:54.99 tex:76 mv:376 misc:636 imb:4 pmb:38 smb:8118 d:- ref:0 ;
in:1595 out:1592 type:P dur:2 cpbdur:2 q:55.23 aq:50.95 tex:11781 mv:11431 misc:5420 imb:355 pmb:1372 smb:6433 d:- ref:0 w:0,1,-1 ;
in:1593 out:1593 type:B dur:2 cpbdur:2 q:55.23 aq:51.63 tex:626 mv:3096 misc:2294 imb:19 pmb:378 smb:7763 d:- ref:0 ;
in:1592 out:1594 type:b dur:2 cpbdur:2 q:55.23 aq:55.61 tex:54 mv:29 misc:429 imb:1 pmb:3 smb:8156 d:- ref:0 ;
in:1594 out:1595 type:b dur:2 cpbdur:2 q:55.23 aq:48.11 tex:78 mv:119 misc:491 imb:4 pmb:10 smb:8146 d:- ref:0 ;
in:1597 out:1596 type:P dur:2 cpbdur:2 q:55.18 aq:49.42 tex:12143 mv:11139 misc:5502 imb:477 pmb:1216 smb:6467 d:- ref:0 w:0,1,-1 ;
in:1596 out:1597 type:b dur:2 cpbdur:2 q:55.21 aq:50.75 tex:54 mv:19 misc:423 imb:0 pmb:4 smb:8156 d:- ref:0 ;
in:1601 out:1598 type:P dur:2 cpbdur:2 q:55.19 aq:47.16 tex:195382 mv:37978 misc:2928 imb:5519 pmb:1580 smb:1061 d:- ref:0 ;
in:1599 out:1599 type:B dur:2 cpbdur:2 q:55.19 aq:51.47 tex:34399 mv:26309 misc:6652 imb:1536 pmb:1933 smb:4691 d:- ref:0 ;
in:1598 out:1600 type:b dur:2 cpbdur:2 q:55.18 aq:56.07 tex:27952 mv:21999 misc:5609 imb:641 pmb:2288 smb:5231 d:- ref:0 ;
in:1600 out:1601 type:b dur:2 cpbdur:2 q:55.19 aq:49.40 tex:715 mv:3453 misc:2920 imb:55 pmb:615 smb:7490 d:- ref:0 ;
in:1605 out:1602 type:P dur:2 cpbdur:2 q:55.22 aq:47.30 tex:31856 mv:15793 misc:6239 imb:1041 pmb:1626 smb:5493 d:- ref:0 w:7,125,1 ;
in:1603 out:1603 type:B dur:2 cpbdur:2 q:55.21 aq:48.40 tex:554 mv:3962 misc:2444 imb:28 pmb:492 smb:7640 d:- ref:0 ;
in:1602 out:1604 type:b dur:2 cpbdur:2 q:55.20 aq:57.35 tex:77 mv:924 misc:903 imb:6 pmb:98 smb:8056 d:- ref:0 ;
in:1604 out:1605 type:b dur:2 cpbdur:2 q:55.21 aq:59.65 tex:50 mv:406 misc:704 imb:0 pmb:54 smb:8106 d:- ref:0 ;
in:1609 out:1606 type:P dur:2 cpbdur:2 q:55.18 aq:47.04 tex:32067 mv:15705 misc:6660 imb:1114 pmb:1692 smb:5354 d:- ref:0 w:7,127,-2,6,64,0,63,2 ;
in:1607 out:1607 type:B dur:2 cpbdur:2 q:55.20 aq:51.73 tex:405 mv:3716 misc:2479 imb:11 pmb:522 smb:7627 d:- ref:0 ;
in:1606 out:1608 type:b dur:2 cpbdur:2 q:55.21 aq:43.46 tex:71 mv:695 misc:914 imb:2 pmb:89 smb:8069 d:- ref:0 ;
in:1608 out:1609 type:b dur:2 cpbdur:2 q:55.19 aq:60.00 tex:3 mv:76 misc:449 imb:0 pmb:9 smb:8151 d:- ref:0 ;
in:1613 out:1610 type:P dur:2 cpbdur:2 q:55.13 aq:47.62 tex:33925 mv:17527 misc:6636 imb:1088 pmb:1816 smb:5256 d:- ref:0 w:0,1,-2,7,127,1,125,3 ;
in:1611 out:1611 type:B dur:2 cpbdur:2 q:55.15 aq:48.25 tex:583 mv:3715 misc:2358 imb:14 pmb:456 smb:7690 d:- ref:0 ;
in:1610 out:1612 type:b dur:2 cpbdur:2 q:55.17 aq:60.00 tex:12 mv:446 misc:766 imb:0 pmb:62 smb:8098 d:- ref:0 ;
in:1612 out:1613 type:b dur:2 cpbdur:2 q:55.14 aq:58.41 tex:134 mv:212 misc:550 imb:1 pmb:26 smb:8133 d:- ref:0 ;
in:1617 out:1614 type:P dur:2 cpbdur:2 q:55.10 aq:48.50 tex:35458 mv:16207 misc:6383 imb:831 pmb:1887 smb:5442 d:- ref:0 w:0,1,-2 ;
in:1615 out:1615 type:B dur:2 cpbdur:2 q:55.11 aq:49.92 tex:446 mv:4768 misc:2778 imb:37 pmb:564 smb:7559 d:- ref:0 ;
in:1614 out:1616 type:b dur:2 cpbdur:2 q:55.12 aq:58.12 tex:50 mv:259 misc:579 imb:1 pmb:28 smb:8131 d:- ref:0 ;
in:1616 out:1617 type:b dur:2 cpbdur:2 q:55.10 aq:56.48 tex:89 mv:908 misc:955 imb:5 pmb:102 smb:8053 d:- ref:0 ;
in:1621 out:1618 type:P dur:2 cpbdur:2 q:55.03 aq:47.78 tex:27852 mv:12894 misc:6230 imb:464 pmb:1727 smb:5969 d:- ref:0 w:0,1,-1 ;
in:1619 out:1619 type:B dur:2 cpbdur:2 q:55.06 aq:50.64 tex:593 mv:3720 misc:2895 imb:39 pmb:534 smb:7587 d:- ref:0 ;
in:1618 out:1620 type:b dur:2 cpbdur:2 q:55.08 aq:49.54 tex:22 mv:226 misc:544 imb:2 pmb:22 smb:8136 d:- ref:0 ;
in:1620 out:1621 type:b dur:2 cpbdur:2 q:55.05 aq:51.44 tex:36 mv:18 misc:418 imb:0 pmb:3 smb:8157 d:- ref:0 ;
in:1625 out:1622 type:P dur:2 cpbdur:2 q:55.09 aq:46.84 tex:24551 mv:13932 misc:6533 imb:721 pmb:1563 smb:5876 d:- ref:0 ;
in:1623 out:1623 type:B dur:2 cpbdur:2 q:55.06 aq:44.77 tex:558 mv:3809 misc:2793 imb:23 pmb:532 smb:7605 d:- ref:0 ;
in:1622 out:1624 type:b dur:2 cpbdur:2 q:55.05 aq:56.72 tex:36 mv:82 misc:458 imb:1 pmb:8 smb:8151 d:- ref:0 ;
in:1624 out:1625 type:b dur:2 cpbdur:2 q:55.08 aq:48.19 tex:42 mv:106 misc:476 imb:1 pmb:12 smb:8147 d:- ref:0 ;
in:1629 out:1626 type:P dur:2 cpbdur:2 q:55.15 aq:47.49 tex:19706 mv:10813 misc:5633 imb:453 pmb:1347 smb:6360 d:- ref:0 ;
in:1627 out:1627 type:B dur:2 cpbdur:2 q:55.12 aq:48.02 tex:300 mv:2824 misc:2140 imb:10 pmb:389 smb:7761 d:- ref:0 ;
in:1626 out:1628 type:b dur:2 cpbdur:2 q:55.11 aq:52.27 tex:98 mv:241 misc:565 imb:2 pmb:28 smb:8130 d:- ref:0 ;
in:1628 out:1629 type:b dur:2 cpbdur:2 q:55.13 aq:46.76 tex:45 mv:64 misc:443 imb:2 pmb:5 smb:8153 d:- ref:0 ;
in:1633 out:1630 type:P dur:2 cpbdur:2 q:55.09 aq:49.16 tex:15072 mv:9351 misc:5113 imb:307 pmb:1287 smb:6566 d:- ref:0 ;
in:1631 out:1631 type:B dur:2 cpbdur:2 q:55.12 aq:47.38 tex:226 mv:1568 misc:1430 imb:7 pmb:194 smb:7959 d:- ref:0 ;
in:1630 out:1632 type:b dur:2 cpbdur:2 q:55.13 aq:57.09 tex:53 mv:26 misc:425 imb:1 pmb:3 smb:8156 d:- ref:0 ;
in:1632 out:1633 type:b dur:2 cpbdur:2 q:55.11 aq:50.00 tex:74 mv:60 misc:450 imb:1 pmb:7 smb:8152 d:- ref:0 ;
in:1637 out:1634 type:P dur:2 cpbdur:2 q:55.05 aq:48.51 tex:12600 mv:8283 misc:4741 imb:280 pmb:1111 smb:6769 d:- ref:0 ;
in:1635 out:1635 type:B dur:2 cpbdur:2 q:55.07 aq:50.84 tex:254 mv:852 misc:902 imb:8 pmb:84 smb:8068 d:- ref:0 ;
in:1634 out:1636 type:b dur:2 cpbdur:2 q:55.08 aq:59.00 tex:14 mv:58 misc:448 imb:0 pmb:9 smb:8151 d:- ref:0 ;
in:1636 out:1637 type:b dur:2 cpbdur:2 q:55.06 aq:58.88 tex:29 mv:20 misc:407 imb:1 pmb:1 smb:8158 d:- ref:0 ;
in:1641 out:1638 type:P dur:2 cpbdur:2 q:55.01 aq:47.19 tex:13962 mv:10435 misc:5291 imb:491 pmb:1182 smb:6487 d:- ref:0 ;
in:1639 out:1639 type:B dur:2 cpbdur:2 q:55.03 aq:50.14 tex:265 mv:2017 misc:1670 imb:8 pmb:252 smb:7900 d:- ref:0 ;
in:1638 out:1640 type:b dur:2 cpbdur:2 q:55.04 aq:58.34 tex:41 mv:12 misc:419 imb:0 pmb:3 smb:8157 d:- ref:0 ;
in:1640 out:1641 type:b dur:2 cpbdur:2 q:55.02 aq:59.00 tex:12 mv:24 misc:420 imb:0 pmb:3 smb:8157 d:- ref:0 ;
in:1645 out:1642 type:P dur:2 cpbdur:2 q:54.95 aq:49.03 tex:12637 mv:9833 misc:4858 imb:459 pmb:1075 smb:6626 d:- ref:0 ;
in:1643 out:1643 type:B dur:2 cpbdur:2 q:54.98 aq:49.70 tex:341 mv:1776 misc:1459 imb:13 pmb:211 smb:7936 d:- ref:0 ;
in:1642 out:1644 type:b dur:2 cpbdur:2 q:54.99 aq:51.14 tex:113 mv:248 misc:543 imb:4 pmb:25 smb:8131 d:- ref:0 ;
in:1644 out:1645 type:b dur:2 cpbdur:2 q:54.96 aq:59.00 tex:14 mv:37 misc:437 imb:0 pmb:6 smb:8154 d:- ref:0 ;
in:1649 out:1646 type:P dur:2 cpbdur:2 q:54.84 aq:47.94 tex:6981 mv:8628 misc:4407 imb:291 pmb:996 smb:6873 d:- ref:0 ;
in:1647 out:1647 type:B dur:2 cpbdur:2 q:54.90 aq:53.17 tex:218 mv:1888 misc:1446 imb:7 pmb:209 smb:7944 d:- ref:0 ;
in:1646 out:1648 type:b dur:2 cpbdur:2 q:54.92 aq:58.98 tex:41 mv:215 misc:568 imb:1 pmb:27 smb:8132 d:- ref:0 ;
in:1648 out:1649 type:b dur:2 cpbdur:2 q:54.87 aq:58.99 tex:36 mv:10 misc:410 imb:0 pmb:2 smb:8158 d:- ref:0 ;
in:1653 out:1650 type:P dur:2 cpbdur:2 q:54.75 aq:47.47 tex:66251 mv:22778 misc:4939 imb:2813 pmb:1136 smb:4211 d:- ref:0 ;
in:1651 out:1651 type:B dur:2 cpbdur:2 q:54.80 aq:48.55 tex:1068 mv:5463 misc:3053 imb:102 pmb:595 smb:7463 d:- ref:0 ;
in:1650 out:1652 type:b dur:2 cpbdur:2 q:54.82 aq:46.69 tex:110 mv:961 misc:1041 imb:5 pmb:139 smb:8016 d:- ref:0 ;
in:1652 out:1653 type:b dur:2 cpbdur:2 q:54.77 aq:54.84 tex:1149 mv:2605 misc:1854 imb:33 pmb:373 smb:7754 d:- ref:0 ;
in:1657 out:1654 type:P dur:2 cpbdur:2 q:54.68 aq:47.84 tex:56163 mv:22323 misc:5738 imb:1671 pmb:1475 smb:5014 d:- ref:0 ;
in:1655 out:1655 type:B dur:2 cpbdur:2 q:54.72 aq:51.11 tex:995 mv:4489 misc:2716 imb:45 pmb:584 smb:7531 d:- ref:0 ;
in:1654 out:1656 type:b dur:2 cpbdur:2 q:54.73 aq:50.54 tex:3479 mv:6181 misc:2276 imb:129 pmb:569 smb:7462 d:- ref:0 ;
in:1656 out:1657 type:b dur:2 cpbdur:2 q:54.70 aq:52.80 tex:87 mv:924 misc:1141 imb:2 pmb:160 smb:7998 d:- ref:0 ;
in:1661 out:1658 type:P dur:2 cpbdur:2 q:54.61 aq:47.13 tex:14611 mv:16397 misc:5928 imb:977 pmb:1282 smb:5901 d:- ref:0 ;
in:1659 out:1659 type:B dur:2 cpbdur:2 q:54.65 aq:51.92 tex:1158 mv:5555 misc:3031 imb:43 pmb:654 smb:7463 d:- ref:0 ;
in:1658 out:1660 type:b dur:2 cpbdur:2 q:54.66 aq:48.30 tex:359 mv:2939 misc:2070 imb:16 pmb:359 smb:7785 d:- ref:0 ;
in:1660 out:1661 type:b dur:2 cpbdur:2 q:54.63 aq:52.97 tex:120 mv:919 misc:1057 imb:4 pmb:129 smb:8027 d:- ref:0 ;
in:1665 out:1662 type:P dur:2 cpbdur:2 q:54.53 aq:47.52 tex:34132 mv:22218 misc:5986 imb:1474 pmb:1486 smb:5200 d:- ref:0 ;
in:1663 out:1663 type:B dur:2 cpbdur:2 q:54.57 aq:48.48 tex:4095 mv:10476 misc:4253 imb:181 pmb:1046 smb:6933 d:- ref:0 ;
in:1662 out:1664 type:b dur:2 cpbdur:2 q:54.59 aq:48.47 tex:674 mv:3722 misc:2404 imb:39 pmb:511 smb:7610 d:- ref:0 ;
in:1664 out:1665 type:b dur:2 cpbdur:2 q:54.55 aq:50.07 tex:3179 mv:9838 misc:3703 imb:194 pmb:935 smb:7031 d:- ref:0 ;
in:1669 out:1666 type:P dur:2 cpbdur:2 q:54.47 aq:48.67 tex:71138 mv:25900 misc:5466 imb:1815 pmb:1866 smb:4479 d:- ref:0 ;
in:1667 out:1667 type:B dur:2 cpbdur:2 q:54.50 aq:51.76 tex:12775 mv:15875 misc:5342 imb:414 pmb:1550 smb:6196 d:- ref:0 ;
in:1666 out:1668 type:b dur:2 cpbdur:2 q:54.51 aq:54.60 tex:7454 mv:11511 misc:4427 imb:344 pmb:1124 smb:6692 d:- ref:0 ;
in:1668 out:1669 type:b dur:2 cpbdur:2 q:54.48 aq:53.56 tex:1071 mv:4265 misc:2512 imb:50 pmb:541 smb:7569 d:- ref:0 ;
in:1671 out:1670 type:P dur:2 cpbdur:2 q:54.42 aq:48.36 tex:18334 mv:13319 misc:5539 imb:712 pmb:1266 smb:6182 d:- ref:0 ;
in:1670 out:1671 type:b dur:2 cpbdur:2 q:54.45 aq:54.46 tex:1691 mv:3858 misc:1963 imb:122 pmb:322 smb:7716 d:- ref:0 ;
in:1675 out:1672 type:P dur:2 cpbdur:2 q:54.39 aq:48.78 tex:51260 mv:21904 misc:5588 imb:2248 pmb:1202 smb:4710 d:- ref:0 ;
in:1673 out:1673 type:B dur:2 cpbdur:2 q:54.41 aq:49.40 tex:3663 mv:9919 misc:3794 imb:181 pmb:903 smb:7076 d:- ref:0 ;
in:1672 out:1674 type:b dur:2 cpbdur:2 q:54.42 aq:51.33 tex:633 mv:4483 misc:2204 imb:70 pmb:462 smb:7628 d:- ref:0 ;
in:1674 out:1675 type:b dur:2 cpbdur:2 q:54.40 aq:49.58 tex:1452 mv:5838 misc:2622 imb:95 pmb:600 smb:7465 d:- ref:0 ;
in:1679 out:1676 type:P dur:2 cpbdur:2 q:54.41 aq:49.15 tex:31066 mv:18075 misc:5419 imb:1049 pmb:1509 smb:5602 d:- ref:0 w:6,65,-3 ;
in:1677 out:1677 type:B dur:2 cpbdur:2 q:54.40 aq:48.30 tex:10322 mv:14274 misc:4228 imb:369 pmb:1107 smb:6684 d:- ref:0 ;
in:1676 out:1678 type:b dur:2 cpbdur:2 q:54.40 aq:52.48 tex:1324 mv:4161 misc:2395 imb:48 pmb:499 smb:7613 d:- ref:0 ;
in:1678 out:1679 type:b dur:2 cpbdur:2 q:54.40 aq:48.92 tex:1696 mv:7412 misc:3172 imb:130 pmb:778 smb:7252 d:- ref:0 ;
in:1683 out:1680 type:P dur:2 cpbdur:2 q:54.41 aq:48.95 tex:51431 mv:23058 misc:5279 imb:1277 pmb:2088 smb:4795 d:- ref:0 ;
in:1681 out:1681 type:B dur:2 cpbdur:2 q:54.41 aq:52.24 tex:16175 mv:16465 misc:4424 imb:451 pmb:1232 smb:6477 d:- ref:0 ;
in:1680 out:1682 type:b dur:2 cpbdur:2 q:54.41 aq:52.80 tex:12413 mv:12067 misc:3448 imb:429 pmb:928 smb:6803 d:- ref:0 ;
in:1682 out:1683 type:b dur:2 cpbdur:2 q:54.41 aq:51.05 tex:4608 mv:7596 misc:3524 imb:140 pmb:850 smb:7170 d:- ref:0 ;
in:1687 out:1684 type:P dur:2 cpbdur:2 q:54.40 aq:49.07 tex:47372 mv:21608 misc:5684 imb:1631 pmb:1449 smb:5080 d:- ref:0 ;
in:1685 out:1685 type:B dur:2 cpbdur:2 q:54.41 aq:50.80 tex:7171 mv:12658 misc:3987 imb:388 pmb:999 smb:6773 d:- ref:0 ;
in:1684 out:1686 type:b dur:2 cpbdur:2 q:54.41 aq:48.98 tex:3425 mv:9097 misc:3270 imb:253 pmb:765 smb:7142 d:- ref:0 ;
in:1686 out:1687 type:b dur:2 cpbdur:2 q:54.40 aq:48.45 tex:2155 mv:7021 misc:3104 imb:118 pmb:759 smb:7283 d:- ref:0 ;
in:1691 out:1688 type:P dur:2 cpbdur:2 q:54.41 aq:50.42 tex:34709 mv:18770 misc:5265 imb:774 pmb:1868 smb:5518 d:- ref:0 ;
in:1689 out:1689 type:B dur:2 cpbdur:2 q:54.41 aq:50.71 tex:9498 mv:12889 misc:4205 imb:401 pmb:1035 smb:6724 d:- ref:0 ;
in:1688 out:1690 type:b dur:2 cpbdur:2 q:54.40 aq:50.23 tex:1809 mv:6574 misc:2969 imb:97 pmb:688 smb:7375 d:- ref:0 ;
in:1690 out:1691 type:b dur:2 cpbdur:2 q:54.41 aq:49.99 tex:3139 mv:6212 misc:2769 imb:134 pmb:572 smb:7454 d:- ref:0 ;
in:1694 out:1692 type:P dur:2 cpbdur:2 q:54.45 aq:49.34 tex:42462 mv:20895 misc:5587 imb:1299 pmb:1678 smb:5183 d:- ref:0 ;
in:1692 out:1693 type:B dur:2 cpbdur:2 q:54.42 aq:51.33 tex:3452 mv:9444 misc:3784 imb:140 pmb:974 smb:7046 d:- ref:0 ;
in:1693 out:1694 type:b dur:2 cpbdur:2 q:54.44 aq:51.66 tex:2314 mv:8482 misc:3300 imb:89 pmb:866 smb:7205 d:- ref:0 ;
in:1696 out:1695 type:P dur:2 cpbdur:2 q:54.45 aq:48.77 tex:14836 mv:12981 misc:5167 imb:760 pmb:1128 smb:6272 d:- ref:0 ;
in:1695 out:1696 type:b dur:2 cpbdur:2 q:54.45 aq:54.35 tex:1154 mv:5553 misc:3061 imb:67 pmb:692 smb:7401 d:- ref:0 ;
in:1700 out:1697 type:P dur:2 cpbdur:2 q:54.47 aq:48.73 tex:51682 mv:21791 misc:5527 imb:1534 pmb:1499 smb:5127 d:- ref:0 w:6,63,3 ;
in:1698 out:1698 type:B dur:2 cpbdur:2 q:54.46 aq:49.78 tex:5019 mv:11431 misc:4190 imb:220 pmb:1143 smb:6797 d:- ref:0 ;
in:1697 out:1699 type:b dur:2 cpbdur:2 q:54.45 aq:54.99 tex:3405 mv:8100 misc:3543 imb:128 pmb:906 smb:7126 d:- ref:0 ;
in:1699 out:1700 type:b dur:2 cpbdur:2 q:54.46 aq:51.18 tex:2420 mv:6964 misc:2840 imb:123 pmb:740 smb:7297 d:- ref:0 ;
in:1704 out:1701 type:P dur:2 cpbdur:2 q:54.44 aq:50.38 tex:19616 mv:12418 misc:5198 imb:575 pmb:1212 smb:6373 d:- ref:0 ;
in:1702 out:1702 type:B dur:2 cpbdur:2 q:54.45 aq:51.51 tex:2087 mv:5058 misc:3039 imb:36 pmb:611 smb:7513 d:- ref:0 ;
in:1701 out:1703 type:b dur:2 cpbdur:2 q:54.46 aq:50.37 tex:921 mv:2224 misc:1303 imb:49 pmb:215 smb:7896 d:- ref:0 ;
in:1703 out:1704 type:b dur:2 cpbdur:2 q:54.45 aq:54.13 tex:521 mv:1862 misc:1345 imb:29 pmb:199 smb:7932 d:- ref:0 ;
in:1708 out:1705 type:P dur:2 cpbdur:2 q:54.42 aq:49.19 tex:92651 mv:29929 misc:4596 imb:2144 pmb:2107 smb:3909 d:- ref:0 ;
in:1706 out:1706 type:B dur:2 cpbdur:2 q:54.43 aq:51.66 tex:13911 mv:18883 misc:5166 imb:339 pmb:1788 smb:6033 d:- ref:0 ;
in:1705 out:1707 type:b dur:2 cpbdur:2 q:54.44 aq:48.25 tex:1227 mv:6283 misc:3330 imb:85 pmb:762 smb:7313 d:- ref:0 ;
in:1707 out:1708 type:b dur:2 cpbdur:2 q:54.43 aq:51.56 tex:5088 mv:10399 misc:4033 imb:222 pmb:981 smb:6957 d:- ref:0 ;
in:1709 out:1709 type:P dur:2 cpbdur:2 q:54.46 aq:49.01 tex:31317 mv:18252 misc:5391 imb:1120 pmb:1551 smb:5489 d:- ref:0 ;
in:1713 out:1710 type:P dur:2 cpbdur:2 q:54.47 aq:49.49 tex:81244 mv:26935 misc:5021 imb:1448 pmb:2229 smb:4483 d:- ref:0 ;
in:1711 out:1711 type:B dur:2 cpbdur:2 q:54.47 aq:49.82 tex:8521 mv:14832 misc:4447 imb:467 pmb:1137 smb:6556 d:- ref:0 ;
in:1710 out:1712 type:b dur:2 cpbdur:2 q:54.46 aq:50.89 tex:2673 mv:9002 misc:3917 imb:165 pmb:923 smb:7072 d:- ref:0 ;
in:1712 out:1713 type:b dur:2 cpbdur:2 q:54.47 aq:52.77 tex:2440 mv:8039 misc:3209 imb:153 pmb:801 smb:7206 d:- ref:0 ;
in:1717 out:1714 type:P dur:2 cpbdur:2 q:54.48 aq:48.24 tex:61572 mv:22819 misc:5681 imb:1237 pmb:1916 smb:5007 d:- ref:0 ;
in:1715 out:1715 type:B dur:2 cpbdur:2 q:54.47 aq:49.74 tex:2879 mv:7625 misc:3512 imb:119 pmb:801 smb:7240 d:- ref:0 ;
in:1714 out:1716 type:b dur:2 cpbdur:2 q:54.47 aq:51.13 tex:1168 mv:5167 misc:2521 imb:71 pmb:549 smb:7540 d:- ref:0 ;
in:1716 out:1717 type:b dur:2 cpbdur:2 q:54.48 aq:51.62 tex:508 mv:2537 misc:1571 imb:30 pmb:266 smb:7864 d:- ref:0 ;
in:1721 out:1718 type:P dur:2 cpbdur:2 q:54.48 aq:47.50 tex:95413 mv:28273 misc:4970 imb:1866 pmb:2379 smb:3915 d:- ref:0 ;
in:1719 out:1719 type:B dur:2 cpbdur:2 q:54.48 aq:51.46 tex:3295 mv:9983 misc:4034 imb:157 pmb:1025 smb:6978 d:- ref:0 ;
in:1718 out:1720 type:b dur:2 cpbdur:2 q:54.48 aq:50.96 tex:506 mv:2885 misc:1985 imb:20 pmb:400 smb:7740 d:- ref:0 ;
in:1720 out:1721 type:b dur:2 cpbdur:2 q:54.48 aq:50.88 tex:4743 mv:7831 misc:2906 imb:229 pmb:716 smb:7215 d:- ref:0 ;
in:1725 out:1722 type:P dur:2 cpbdur:2 q:54.49 aq:49.33 tex:75410 mv:22040 misc:5446 imb:1297 pmb:2054 smb:4809 d:- ref:0 ;
in:1723 out:1723 type:B dur:2 cpbdur:2 q:54.48 aq:51.14 tex:9218 mv:11272 misc:3846 imb:208 pmb:1046 smb:6906 d:- ref:0 ;
in:1722 out:1724 type:b dur:2 cpbdur:2 q:54.48 aq:54.73 tex:1798 mv:4627 misc:2567 imb:52 pmb:531 smb:7577 d:- ref:0 ;
in:1724 out:1725 type:b dur:2 cpbdur:2 q:54.48 aq:51.78 tex:3130 mv:5491 misc:2395 imb:132 pmb:538 smb:7490 d:- ref:0 ;
in:1729 out:1726 type:P dur:2 cpbdur:2 q:54.46 aq:46.94 tex:44896 mv:19393 misc:5943 imb:1154 pmb:1684 smb:5322 d:- ref:0 w:0,1,1 ;
in:1727 out:1727 type:B dur:2 cpbdur:2 q:54.47 aq:50.18 tex:4774 mv:7610 misc:3360 imb:152 pmb:784 smb:7224 d:- ref:0 ;
in:1726 out:1728 type:b dur:2 cpbdur:2 q:54.48 aq:54.28 tex:777 mv:2860 misc:1843 imb:32 pmb:360 smb:7768 d:- ref:0 ;
in:1728 out:1729 type:b dur:2 cpbdur:2 q:54.47 aq:53.94 tex:1379 mv:2362 misc:1427 imb:55 pmb:266 smb:7839 d:- ref:0 ;
in:1733 out:1730 type:P dur:2 cpbdur:2 q:54.48 aq:48.32 tex:24682 mv:14598 misc:5336 imb:508 pmb:1540 smb:6112 d:- ref:0 ;
in:1731 out:1731 type:B dur:2 cpbdur:2 q:54.47 aq:50.24 tex:13941 mv:8722 misc:2489 imb:352 pmb:559 smb:7249 d:- ref:0 ;
in:1730 out:1732 type:b dur:2 cpbdur:2 q:54.46 aq:53.48 tex:2074 mv:2186 misc:1572 imb:73 pmb:293 smb:7794 d:- ref:0 ;
in:1732 out:1733 type:b dur:2 cpbdur:2 q:54.47 aq:53.25 tex:1318 mv:1279 misc:1299 imb:55 pmb:219 smb:7886 d:- ref:0 ;
in:1737 out:1734 type:P dur:2 cpbdur:2 q:54.49 aq:48.48 tex:37604 mv:16901 misc:5671 imb:803 pmb:1606 smb:5751 d:- ref:0 w:0,1,-1 ;
in:1735 out:1735 type:B dur:2 cpbdur:2 q:54.48 aq:53.16 tex:3757 mv:4619 misc:2064 imb:105 pmb:452 smb:7603 d:- ref:0 ;
in:1734 out:1736 type:b dur:2 cpbdur:2 q:54.48 aq:50.84 tex:1929 mv:4254 misc:1681 imb:96 pmb:374 smb:7690 d:- ref:0 ;
in:1736 out:1737 type:b dur:2 cpbdur:2 q:54.49 aq:52.12 tex:1187 mv:3047 misc:1502 imb:36 pmb:296 smb:7828 d:- ref:0 ;
in:1741 out:1738 type:P dur:2 cpbdur:2 q:54.49 aq:48.59 tex:22157 mv:12848 misc:5203 imb:395 pmb:1474 smb:6291 d:- ref:0 ;
in:1739 out:1739 type:B dur:2 cpbdur:2 q:54.49 aq:52.30 tex:5557 mv:5423 misc:1996 imb:175 pmb:409 smb:7576 d:- ref:0 ;
in:1738 out:1740 type:b dur:2 cpbdur:2 q:54.49 aq:51.39 tex:371 mv:933 misc:1240 imb:15 pmb:213 smb:7932 d:- ref:0 ;
in:1740 out:1741 type:b dur:2 cpbdur:2 q:54.49 aq:51.44 tex:909 mv:2962 misc:1497 imb:68 pmb:268 smb:7824 d:- ref:0 ;
in:1745 out:1742 type:P dur:2 cpbdur:2 q:54.51 aq:48.56 tex:29287 mv:16246 misc:5419 imb:714 pmb:1522 smb:5924 d:- ref:0 ;
in:1743 out:1743 type:B dur:2 cpbdur:2 q:54.50 aq:50.00 tex:8912 mv:9278 misc:3178 imb:175 pmb:836 smb:7149 d:- ref:0 ;
in:1742 out:1744 type:b dur:2 cpbdur:2 q:54.50 aq:52.48 tex:390 mv:2038 misc:1244 imb:8 pmb:235 smb:7917 d:- ref:0 ;
in:1744 out:1745 type:b dur:2 cpbdur:2 q:54.51 aq:54.97 tex:513 mv:2112 misc:1647 imb:11 pmb:312 smb:7837 d:- ref:0 ;
in:1749 out:1746 type:P dur:2 cpbdur:2 q:54.53 aq:48.03 tex:39800 mv:15377 misc:5271 imb:881 pmb:1345 smb:5934 d:- ref:0 ;
in:1747 out:1747 type:B dur:2 cpbdur:2 q:54.52 aq:51.63 tex:9508 mv:8307 misc:2809 imb:198 pmb:748 smb:7214 d:- ref:0 ;
in:1746 out:1748 type:b dur:2 cpbdur:2 q:54.52 aq:50.19 tex:2880 mv:5174 misc:2066 imb:108 pmb:446 smb:7606 d:- ref:0 ;
in:1748 out:1749 type:b dur:2 cpbdur:2 q:54.53 aq:55.47 tex:709 mv:1833 misc:1346 imb:10 pmb:233 smb:7917 d:- ref:0 ;
in:1753 out:1750 type:P dur:2 cpbdur:2 q:54.54 aq:49.64 tex:27974 mv:14201 misc:5265 imb:582 pmb:1323 smb:6255 d:- ref:0 ;
in:1751 out:1751 type:B dur:2 cpbdur:2 q:54.54 aq:51.70 tex:2571 mv:7933 misc:3024 imb:117 pmb:748 smb:7295 d:- ref:0 ;
in:1750 out:1752 type:b dur:2 cpbdur:2 q:54.53 aq:54.17 tex:3907 mv:5600 misc:2029 imb:176 pmb:370 smb:7614 d:- ref:0 ;
in:1752 out:1753 type:b dur:2 cpbdur:2 q:54.54 aq:53.17 tex:908 mv:2797 misc:2071 imb:23 pmb:411 smb:7726 d:- ref:0 ;
in:1757 out:1754 type:P dur:2 cpbdur:2 q:54.50 aq:47.94 tex:83821 mv:22099 misc:5880 imb:1539 pmb:1583 smb:5038 d:- ref:0 ;
in:1755 out:1755 type:B dur:2 cpbdur:2 q:54.52 aq:48.26 tex:10707 mv:11969 misc:3148 imb:417 pmb:847 smb:6896 d:- ref:0 ;
in:1754 out:1756 type:b dur:2 cpbdur:2 q:54.53 aq:51.48 tex:3088 mv:6424 misc:2576 imb:169 pmb:587 smb:7404 d:- ref:0 ;
in:1756 out:1757 type:b dur:2 cpbdur:2 q:54.51 aq:54.38 tex:2714 mv:4343 misc:1887 imb:77 pmb:424 smb:7659 d:- ref:0 ;
in:1761 out:1758 type:P dur:2 cpbdur:2 q:54.51 aq:47.96 tex:30979 mv:17492 misc:5841 imb:1022 pmb:1574 smb:5564 d:- ref:0 ;
in:1759 out:1759 type:B dur:2 cpbdur:2 q:54.50 aq:50.43 tex:3849 mv:9552 misc:3463 imb:180 pmb:868 smb:7112 d:- ref:0 ;
in:1758 out:1760 type:b dur:2 cpbdur:2 q:54.50 aq:55.37 tex:736 mv:2089 misc:1479 imb:10 pmb:257 smb:7893 d:- ref:0 ;
in:1760 out:1761 type:b dur:2 cpbdur:2 q:54.50 aq:52.25 tex:4267 mv:4399 misc:1822 imb:150 pmb:394 smb:7616 d:- ref:0 ;
in:1765 out:1762 type:P dur:2 cpbdur:2 q:54.46 aq:48.32 tex:32716 mv:17388 misc:5984 imb:1065 pmb:1576 smb:5519 d:- ref:0 ;
in:1763 out:1763 type:B dur:2 cpbdur:2 q:54.48 aq:50.60 tex:4626 mv:6414 misc:2592 imb:102 pmb:635 smb:7423 d:- ref:0 ;
in:1762 out:1764 type:b dur:2 cpbdur:2 q:54.49 aq:54.08 tex:3262 mv:2554 misc:1424 imb:37 pmb:296 smb:7827 d:- ref:0 ;
in:1764 out:1765 type:b dur:2 cpbdur:2 q:54.47 aq:51.78 tex:5529 mv:4415 misc:1624 imb:157 pmb:329 smb:7674 d:- ref:0 ;
in:1769 out:1766 type:P dur:2 cpbdur:2 q:54.39 aq:48.34 tex:29950 mv:14893 misc:5757 imb:658 pmb:1509 smb:5993 d:- ref:0 ;
in:1767 out:1767 type:B dur:2 cpbdur:2 q:54.42 aq:50.98 tex:6733 mv:8646 misc:2845 imb:244 pmb:678 smb:7238 d:- ref:0 ;
in:1766 out:1768 type:b dur:2 cpbdur:2 q:54.44 aq:53.63 tex:5180 mv:4107 misc:1609 imb:149 pmb:349 smb:7662 d:- ref:0 ;
in:1768 out:1769 type:b dur:2 cpbdur:2 q:54.40 aq:54.07 tex:6937 mv:3416 misc:1455 imb:90 pmb:363 smb:7707 d:- ref:0 ;
in:1773 out:1770 type:P dur:2 cpbdur:2 q:54.35 aq:48.28 tex:53775 mv:17317 misc:5580 imb:1114 pmb:1497 smb:5549 d:- ref:0 ;
in:1771 out:1771 type:B dur:2 cpbdur:2 q:54.37 aq:49.96 tex:977 mv:3733 misc:2354 imb:35 pmb:534 smb:7591 d:- ref:0 ;
in:1770 out:1772 type:b dur:2 cpbdur:2 q:54.38 aq:53.96 tex:4307 mv:4212 misc:1641 imb:101 pmb:405 smb:7654 d:- ref:0 ;
in:1772 out:1773 type:b dur:2 cpbdur:2 q:54.36 aq:49.25 tex:241 mv:254 misc:625 imb:2 pmb:43 smb:8115 d:- ref:0 ;
in:1775 out:1774 type:P dur:2 cpbdur:2 q:54.31 aq:48.12 tex:1627 mv:3932 misc:2505 imb:142 pmb:425 smb:7593 d:- ref:0 ;
in:1774 out:1775 type:b dur:2 cpbdur:2 q:54.33 aq:48.68 tex:174 mv:280 misc:650 imb:2 pmb:46 smb:8112 d:- ref:0 ;
in:1776 out:1776 type:I dur:2 cpbdur:2 q:51.53 aq:45.10 tex:393686 mv:107655 misc:691 imb:8160 pmb:0 smb:0 d:- ref:;
in:1780 out:1777 type:P dur:2 cpbdur:2 q:54.58 aq:48.30 tex:28143 mv:14352 misc:4593 imb:958 pmb:1177 smb:6025 d:- ref:0 ;
in:1778 out:1778 type:B dur:2 cpbdur:2 q:54.58 aq:51.47 tex:7234 mv:6408 misc:1950 imb:333 pmb:414 smb:7413 d:- ref:0 ;
in:1777 out:1779 type:b dur:2 cpbdur:2 q:54.58 aq:53.23 tex:5984 mv:4110 misc:1738 imb:75 pmb:432 smb:7653 d:- ref:0 ;
in:1779 out:1780 type:b dur:2 cpbdur:2 q:54.58 aq:52.25 tex:2309 mv:2674 misc:1545 imb:79 pmb:323 smb:7758 d:- ref:0 ;
in:1784 out:1781 type:P dur:2 cpbdur:2 q:54.58 aq:49.27 tex:34386 mv:14381 misc:4529 imb:946 pmb:1137 smb:6077 d:- ref:0 ;
in:1782 out:1782 type:B dur:2 cpbdur:2 q:54.58 aq:53.51 tex:6813 mv:7054 misc:2413 imb:202 pmb:553 smb:7405 d:- ref:0 ;
in:1781 out:1783 type:b dur:2 cpbdur:2 q:54.58 aq:53.36 tex:3376 mv:3231 misc:1361 imb:112 pmb:300 smb:7748 d:- ref:0 ;
in:1783 out:1784 type:b dur:2 cpbdur:2 q:54.58 aq:50.41 tex:4550 mv:3304 misc:1738 imb:53 pmb:395 smb:7712 d:- ref:0 ;
in:1788 out:1785 type:P dur:2 cpbdur:2 q:54.56 aq:49.47 tex:21108 mv:13461 misc:4711 imb:524 pmb:1198 smb:6438 d:- ref:0 ;
in:1786 out:1786 type:B dur:2 cpbdur:2 q:54.57 aq:54.46 tex:2669 mv:5491 misc:2728 imb:16 pmb:675 smb:7469 d:- ref:0 ;
in:1785 out:1787 type:b dur:2 cpbdur:2 q:54.58 aq:56.89 tex:301 mv:1206 misc:1221 imb:3 pmb:193 smb:7964 d:- ref:0 ;
in:1787 out:1788 type:b dur:2 cpbdur:2 q:54.57 aq:53.96 tex:385 mv:2382 misc:1569 imb:2 pmb:285 smb:7873 d:- ref:0 ;
in:1792 out:1789 type:P dur:2 cpbdur:2 q:54.54 aq:47.38 tex:29838 mv:20031 misc:5611 imb:1561 pmb:1327 smb:5272 d:- ref:0 ;
in:1790 out:1790 type:B dur:2 cpbdur:2 q:54.55 aq:53.25 tex:6749 mv:12109 misc:3598 imb:256 pmb:1018 smb:6886 d:- ref:0 ;
in:1789 out:1791 type:b dur:2 cpbdur:2 q:54.56 aq:53.09 tex:951 mv:4444 misc:2549 imb:16 pmb:579 smb:7565 d:- ref:0 ;
in:1791 out:1792 type:b dur:2 cpbdur:2 q:54.54 aq:54.98 tex:7874 mv:7943 misc:2775 imb:156 pmb:771 smb:7233 d:- ref:0 ;
in:1795 out:1793 type:P dur:2 cpbdur:2 q:54.51 aq:47.73 tex:26685 mv:19692 misc:6183 imb:1567 pmb:1327 smb:5266 d:- ref:0 ;
in:1793 out:1794 type:B dur:2 cpbdur:2 q:54.53 aq:51.05 tex:12426 mv:12562 misc:3580 imb:267 pmb:1033 smb:6860 d:- ref:0 ;
in:1794 out:1795 type:b dur:2 cpbdur:2 q:54.52 aq:50.98 tex:2150 mv:7227 misc:3039 imb:119 pmb:705 smb:7336 d:- ref:0 ;
in:1798 out:1796 type:P dur:2 cpbdur:2 q:54.50 aq:48.00 tex:53664 mv:21589 misc:5971 imb:1649 pmb:1349 smb:5162 d:- ref:0 ;
in:1796 out:1797 type:B dur:2 cpbdur:2 q:54.51 aq:49.73 tex:6580 mv:11998 misc:4254 imb:201 pmb:1140 smb:6819 d:- ref:0 ;
in:1797 out:1798 type:b dur:2 cpbdur:2 q:54.50 aq:50.53 tex:1109 mv:7313 misc:3178 imb:50 pmb:809 smb:7301 d:- ref:0 ;
in:1801 out:1799 type:P dur:2 cpbdur:2 q:54.48 aq:47.52 tex:12961 mv:15695 misc:5816 imb:750 pmb:1215 smb:6195 d:- ref:0 ;
in:1799 out:1800 type:B dur:2 cpbdur:2 q:54.49 aq:47.34 tex:2286 mv:9792 misc:3850 imb:161 pmb:940 smb:7059 d:- ref:0 ;
in:1800 out:1801 type:b dur:2 cpbdur:2 q:54.48 aq:47.43 tex:1358 mv:7989 misc:3221 imb:112 pmb:706 smb:7342 d:- ref:0 ;
in:1802 out:1802 type:P dur:2 cpbdur:2 q:54.51 aq:48.86 tex:8940 mv:10549 misc:4751 imb:387 pmb:943 smb:6830 d:- ref:0 ;
in:1803 out:1803 type:P dur:2 cpbdur:2 q:54.50 aq:48.89 tex:7301 mv:9401 misc:4450 imb:338 pmb:844 smb:6978 d:- ref:0 ;
in:1804 out:1804 type:P dur:2 cpbdur:2 q:54.48 aq:49.99 tex:12716 mv:12049 misc:5083 imb:361 pmb:1221 smb:6578 d:- ref:0 ;
in:1805 out:1805 type:P dur:2 cpbdur:2 q:54.48 aq:50.99 tex:23602 mv:16252 misc:5434 imb:1230 pmb:1187 smb:5743 d:- ref:0 ;
in:1806 out:1806 type:P dur:2 cpbdur:2 q:54.48 aq:49.96 tex:34820 mv:17898 misc:5098 imb:1045 pmb:1477 smb:5638 d:- ref:0 ;
in:1808 out:1807 type:P dur:2 cpbdur:2 q:54.47 aq:51.04 tex:29261 mv:19813 misc:5406 imb:1032 pmb:1395 smb:5733 d:- ref:0 ;
in:1807 out:1808 type:b dur:2 cpbdur:2 q:54.47 aq:53.33 tex:6565 mv:12014 misc:3797 imb:249 pmb:946 smb:6965 d:- ref:0 ;
in:1810 out:1809 type:P dur:2 cpbdur:2 q:54.45 aq:50.63 tex:110661 mv:31551 misc:3812 imb:3767 pmb:854 smb:3539 d:- ref:0 ;
in:1809 out:1810 type:b dur:2 cpbdur:2 q:54.46 aq:53.68 tex:11274 mv:14567 misc:4191 imb:498 pmb:947 smb:6715 d:- ref:0 ;
in:1813 out:1811 type:P dur:2 cpbdur:2 q:54.44 aq:50.26 tex:92189 mv:33382 misc:3869 imb:4228 pmb:971 smb:2961 d:- ref:0 ;
in:1811 out:1812 type:B dur:2 cpbdur:2 q:54.45 aq:53.02 tex:7208 mv:12756 misc:4308 imb:328 pmb:985 smb:6847 d:- ref:0 ;
in:1812 out:1813 type:b dur:2 cpbdur:2 q:54.45 aq:51.51 tex:14040 mv:16611 misc:5501 imb:440 pmb:1351 smb:6369 d:- ref:0 ;
in:1814 out:1814 type:P dur:2 cpbdur:2 q:54.44 aq:49.96 tex:43338 mv:24254 misc:5696 imb:1404 pmb:1747 smb:5009 d:- ref:0 ;
in:1815 out:1815 type:P dur:2 cpbdur:2 q:54.43 aq:50.49 tex:15971 mv:15733 misc:5432 imb:707 pmb:1202 smb:6251 d:- ref:0 ;
in:1818 out:1816 type:P dur:2 cpbdur:2 q:54.42 aq:48.70 tex:114131 mv:39307 misc:3530 imb:5113 pmb:1050 smb:1997 d:- ref:0 ;
in:1816 out:1817 type:B dur:2 cpbdur:2 q:54.43 aq:51.74 tex:7109 mv:14580 misc:4919 imb:318 pmb:1239 smb:6603 d:- ref:0 ;
in:1817 out:1818 type:b dur:2 cpbdur:2 q:54.43 aq:53.04 tex:7107 mv:11643 misc:4346 imb:290 pmb:1013 smb:6857 d:- ref:0 ;
in:1820 out:1819 type:P dur:2 cpbdur:2 q:54.45 aq:48.92 tex:54335 mv:25419 misc:5262 imb:2282 pmb:1170 smb:4708 d:- ref:0 ;
in:1819 out:1820 type:b dur:2 cpbdur:2 q:54.44 aq:54.53 tex:9988 mv:11349 misc:4455 imb:152 pmb:1194 smb:6814 d:- ref:0 ;
in:1821 out:1821 type:P dur:2 cpbdur:2 q:54.46 aq:49.81 tex:44669 mv:22356 misc:5239 imb:1011 pmb:1855 smb:5294 d:- ref:0 ;
in:1822 out:1822 type:P dur:2 cpbdur:2 q:54.47 aq:49.98 tex:35709 mv:20295 misc:5468 imb:963 pmb:1844 smb:5353 d:- ref:0 ;
in:1823 out:1823 type:P dur:2 cpbdur:2 q:54.48 aq:50.34 tex:14206 mv:14017 misc:5489 imb:684 pmb:1089 smb:6387 d:- ref:0 ;
in:1825 out:1824 type:P dur:2 cpbdur:2 q:54.47 aq:50.00 tex:74023 mv:30819 misc:4918 imb:2577 pmb:1380 smb:4203 d:- ref:0 ;
in:1824 out:1825 type:b dur:2 cpbdur:2 q:54.47 aq:51.30 tex:5098 mv:11812 misc:4242 imb:260 pmb:939 smb:6961 d:- ref:0 ;
in:1826 out:1826 type:P dur:2 cpbdur:2 q:54.47 aq:49.00 tex:16022 mv:17216 misc:6282 imb:952 pmb:1208 smb:6000 d:- ref:0 ;
in:1828 out:1827 type:P dur:2 cpbdur:2 q:54.47 aq:49.95 tex:96194 mv:33544 misc:4814 imb:2734 pmb:1493 smb:3933 d:- ref:0 ;
in:1827 out:1828 type:b dur:2 cpbdur:2 q:54.47 aq:53.79 tex:5847 mv:10945 misc:4408 imb:100 pmb:1145 smb:6915 d:- ref:0 ;
in:1829 out:1829 type:P dur:2 cpbdur:2 q:54.49 aq:49.58 tex:22358 mv:20280 misc:6418 imb:914 pmb:1672 smb:5574 d:- ref:0 ;
in:1830 out:1830 type:P dur:2 cpbdur:2 q:54.52 aq:50.19 tex:27319 mv:22447 misc:6538 imb:1057 pmb:1828 smb:5275 d:- ref:0 ;
in:1832 out:1831 type:P dur:2 cpbdur:2 q:54.54 aq:50.24 tex:96145 mv:36851 misc:5372 imb:2728 pmb:1862 smb:3570 d:- ref:0 ;
in:1831 out:1832 type:b dur:2 cpbdur:2 q:54.53 aq:51.50 tex:5187 mv:12089 misc:4524 imb:159 pmb:1087 smb:6914 d:- ref:0 ;
in:1834 out:1833 type:P dur:2 cpbdur:2 q:54.65 aq:49.89 tex:80797 mv:35486 misc:5709 imb:2631 pmb:1818 smb:3711 d:- ref:0 ;
in:1833 out:1834 type:b dur:2 cpbdur:2 q:54.59 aq:54.20 tex:4444 mv:11560 misc:4500 imb:109 pmb:1081 smb:6970 d:- ref:0 ;
in:1836 out:1835 type:P dur:2 cpbdur:2 q:54.75 aq:49.88 tex:68274 mv:32073 misc:5989 imb:1995 pmb:1921 smb:4244 d:- ref:0 ;
in:1835 out:1836 type:b dur:2 cpbdur:2 q:54.70 aq:53.27 tex:3082 mv:11256 misc:4350 imb:130 pmb:1001 smb:7029 d:- ref:0 ;
in:1838 out:1837 type:P dur:2 cpbdur:2 q:54.81 aq:49.57 tex:60477 mv:32677 misc:6094 imb:1952 pmb:2089 smb:4119 d:- ref:0 ;
in:1837 out:1838 type:b dur:2 cpbdur:2 q:54.78 aq:53.18 tex:3198 mv:11337 misc:4497 imb:92 pmb:1124 smb:6944 d:- ref:0 ;
in:1840 out:1839 type:P dur:2 cpbdur:2 q:54.88 aq:48.79 tex:36699 mv:32016 misc:6509 imb:1793 pmb:2128 smb:4239 d:- ref:0 ;
in:1839 out:1840 type:b dur:2 cpbdur:2 q:54.84 aq:53.60 tex:2465 mv:11109 misc:4394 imb:90 pmb:1033 smb:7037 d:- ref:0 ;
in:1842 out:1841 type:P dur:2 cpbdur:2 q:54.96 aq:48.79 tex:47575 mv:34803 misc:6470 imb:2163 pmb:2286 smb:3711 d:- ref:0 ;
in:1841 out:1842 type:b dur:2 cpbdur:2 q:54.92 aq:55.46 tex:3736 mv:11390 misc:4506 imb:80 pmb:1126 smb:6954 d:- ref:0 ;
in:1844 out:1843 type:P dur:2 cpbdur:2 q:55.03 aq:49.14 tex:33034 mv:29996 misc:6530 imb:2199 pmb:1983 smb:3978 d:- ref:0 ;
in:1843 out:1844 type:b dur:2 cpbdur:2 q:55.00 aq:53.90 tex:3118 mv:11437 misc:4317 imb:86 pmb:1079 smb:6995 d:- ref:0 ;
in:1847 out:1845 type:P dur:2 cpbdur:2 q:55.07 aq:49.28 tex:54837 mv:38102 misc:5845 imb:3158 pmb:2108 smb:2894 d:- ref:0 ;
in:1845 out:1846 type:B dur:2 cpbdur:2 q:55.04 aq:52.99 tex:4995 mv:15418 misc:4843 imb:171 pmb:1314 smb:6675 d:- ref:0 ;
in:1846 out:1847 type:b dur:2 cpbdur:2 q:55.06 aq:55.03 tex:6395 mv:12959 misc:4542 imb:174 pmb:1112 smb:6874 d:- ref:0 ;
in:1849 out:1848 type:P dur:2 cpbdur:2 q:55.16 aq:50.21 tex:46993 mv:28969 misc:6086 imb:1969 pmb:1791 smb:4400 d:- ref:0 ;
in:1848 out:1849 type:b dur:2 cpbdur:2 q:55.12 aq:50.83 tex:3869 mv:12908 misc:4511 imb:134 pmb:1125 smb:6901 d:- ref:0 ;
in:1851 out:1850 type:P dur:2 cpbdur:2 q:55.19 aq:50.37 tex:50484 mv:30770 misc:5626 imb:2194 pmb:1669 smb:4297 d:- ref:0 ;
in:1850 out:1851 type:b dur:2 cpbdur:2 q:55.18 aq:53.85 tex:8871 mv:15859 misc:4742 imb:206 pmb:1424 smb:6530 d:- ref:0 ;
in:1852 out:1852 type:P dur:2 cpbdur:2 q:55.26 aq:50.43 tex:37514 mv:20992 misc:5454 imb:1617 pmb:1267 smb:5276 d:- ref:0 ;
in:1853 out:1853 type:P dur:2 cpbdur:2 q:55.28 aq:50.52 tex:36951 mv:22472 misc:5737 imb:1581 pmb:1383 smb:5196 d:- ref:0 ;
in:1854 out:1854 type:P dur:2 cpbdur:2 q:55.31 aq:50.38 tex:29680 mv:21799 misc:6097 imb:1557 pmb:1282 smb:5321 d:- ref:0 ;
in:1855 out:1855 type:P dur:2 cpbdur:2 q:55.37 aq:50.34 tex:40858 mv:23787 misc:5859 imb:1885 pmb:1336 smb:4939 d:- ref:0 ;
in:1857 out:1856 type:P dur:2 cpbdur:2 q:55.39 aq:51.95 tex:58906 mv:26259 misc:4235 imb:2717 pmb:1092 smb:4351 d:- ref:0 ;
in:1856 out:1857 type:b dur:2 cpbdur:2 q:55.38 aq:53.50 tex:7130 mv:15162 misc:4476 imb:335 pmb:1223 smb:6602 d:- ref:0 ;
in:1858 out:1858 type:P dur:2 cpbdur:2 q:55.44 aq:51.35 tex:25324 mv:18106 misc:5226 imb:1277 pmb:1177 smb:5706 d:- ref:0 ;
in:1860 out:1859 type:P dur:2 cpbdur:2 q:55.47 aq:51.50 tex:51165 mv:24565 misc:4406 imb:2767 pmb:1121 smb:4272 d:- ref:0 ;
in:1859 out:1860 type:b dur:2 cpbdur:2 q:55.45 aq:54.17 tex:6508 mv:13307 misc:4345 imb:234 pmb:1184 smb:6742 d:- ref:0 ;
in:1861 out:1861 type:P dur:2 cpbdur:2 q:55.49 aq:50.98 tex:37643 mv:19224 misc:4957 imb:1354 pmb:1318 smb:5488 d:- ref:0 ;
in:1862 out:1862 type:P dur:2 cpbdur:2 q:55.51 aq:51.98 tex:29236 mv:18498 misc:5074 imb:1237 pmb:1291 smb:5632 d:- ref:0 ;
in:1863 out:1863 type:P dur:2 cpbdur:2 q:55.55 aq:51.22 tex:30263 mv:20100 misc:4829 imb:1732 pmb:1261 smb:5167 d:- ref:0 ;
in:1864 out:1864 type:P dur:2 cpbdur:2 q:55.57 aq:51.12 tex:32493 mv:19224 misc:4603 imb:1820 pmb:1193 smb:5147 d:- ref:0 ;
in:1865 out:1865 type:P dur:2 cpbdur:2 q:55.59 aq:50.51 tex:28933 mv:19858 misc:4969 imb:1971 pmb:1191 smb:4998 d:- ref:0 ;
in:1866 out:1866 type:P dur:2 cpbdur:2 q:55.60 aq:50.64 tex:26616 mv:18721 misc:4471 imb:2031 pmb:1105 smb:5024 d:- ref:0 ;
in:1867 out:1867 type:P dur:2 cpbdur:2 q:55.61 aq:51.65 tex:43116 mv:21954 misc:4490 imb:2547 pmb:1119 smb:4494 d:- ref:0 ;
in:1868 out:1868 type:P dur:2 cpbdur:2 q:55.63 aq:50.79 tex:35261 mv:20030 misc:4725 imb:2390 pmb:1039 smb:4731 d:- ref:0 ;
in:1869 out:1869 type:P dur:2 cpbdur:2 q:55.66 aq:51.09 tex:39443 mv:23018 misc:4651 imb:2661 pmb:1119 smb:4380 d:- ref:0 ;
in:1870 out:1870 type:P dur:2 cpbdur:2 q:55.68 aq:51.09 tex:42263 mv:23420 misc:4373 imb:2702 pmb:1122 smb:4336 d:- ref:0 ;
in:1871 out:1871 type:P dur:2 cpbdur:2 q:55.69 aq:50.82 tex:37541 mv:24167 misc:4916 imb:2881 pmb:1198 smb:4081 d:- ref:0 ;
in:1872 out:1872 type:P dur:2 cpbdur:2 q:55.72 aq:51.14 tex:40884 mv:24533 misc:4743 imb:2869 pmb:1274 smb:4017 d:- ref:0 ;
in:1873 out:1873 type:P dur:2 cpbdur:2 q:55.74 aq:50.81 tex:41747 mv:23868 misc:5161 imb:2612 pmb:1297 smb:4251 d:- ref:0 ;
in:1874 out:1874 type:P dur:2 cpbdur:2 q:55.77 aq:50.74 tex:40189 mv:24048 misc:5339 imb:2551 pmb:1360 smb:4249 d:- ref:0 ;
in:1875 out:1875 type:P dur:2 cpbdur:2 q:55.79 aq:50.62 tex:33186 mv:24363 misc:5531 imb:2285 pmb:1556 smb:4319 d:- ref:0 ;
in:1876 out:1876 type:P dur:2 cpbdur:2 q:55.81 aq:50.57 tex:26682 mv:23207 misc:5759 imb:1856 pmb:1675 smb:4629 d:- ref:0 ;
in:1877 out:1877 type:P dur:2 cpbdur:2 q:55.84 aq:51.58 tex:30417 mv:23724 misc:5339 imb:1532 pmb:1797 smb:4831 d:- ref:0 ;
in:1878 out:1878 type:P dur:2 cpbdur:2 q:55.87 aq:51.15 tex:20412 mv:20658 misc:5554 imb:1064 pmb:1816 smb:5280 d:- ref:0 ;
in:1879 out:1879 type:P dur:2 cpbdur:2 q:55.88 aq:50.40 tex:24019 mv:21774 misc:5847 imb:1213 pmb:1832 smb:5115 d:- ref:0 ;
in:1880 out:1880 type:P dur:2 cpbdur:2 q:55.91 aq:50.69 tex:31379 mv:23268 misc:5177 imb:1465 pmb:1846 smb:4849 d:- ref:0 ;
in:1881 out:1881 type:P dur:2 cpbdur:2 q:55.93 aq:50.94 tex:36582 mv:23999 misc:5443 imb:1265 pmb:2062 smb:4833 d:- ref:0 ;
in:1883 out:1882 type:P dur:2 cpbdur:2 q:55.95 aq:49.77 tex:55774 mv:32416 misc:4418 imb:2228 pmb:2344 smb:3588 d:- ref:0 ;
in:1882 out:1883 type:b dur:2 cpbdur:2 q:55.94 aq:52.92 tex:3342 mv:13986 misc:5032 imb:195 pmb:1503 smb:6462 d:- ref:0 ;
in:1884 out:1884 type:P dur:2 cpbdur:2 q:55.98 aq:50.97 tex:31071 mv:22006 misc:5275 imb:700 pmb:2290 smb:5170 d:- ref:0 ;
in:1885 out:1885 type:P dur:2 cpbdur:2 q:55.99 aq:49.93 tex:50438 mv:24444 misc:5254 imb:863 pmb:2481 smb:4816 d:- ref:0 ;
in:1887 out:1886 type:P dur:2 cpbdur:2 q:56.01 aq:50.26 tex:57189 mv:29460 misc:5015 imb:1057 pmb:2728 smb:4375 d:- ref:0 ;
in:1886 out:1887 type:b dur:2 cpbdur:2 q:56.00 aq:52.96 tex:2117 mv:11315 misc:4456 imb:99 pmb:1289 smb:6772 d:- ref:0 ;
in:1889 out:1888 type:P dur:2 cpbdur:2 q:56.03 aq:49.82 tex:42594 mv:27246 misc:5184 imb:988 pmb:2747 smb:4425 d:- ref:0 ;
in:1888 out:1889 type:b dur:2 cpbdur:2 q:56.02 aq:52.07 tex:1050 mv:8726 misc:3944 imb:65 pmb:1079 smb:7016 d:- ref:0 ;
in:1891 out:1890 type:P dur:2 cpbdur:2 q:56.06 aq:49.37 tex:53428 mv:24024 misc:5708 imb:885 pmb:2613 smb:4662 d:- ref:0 w:0,1,-1,5,31,3,32,0 ;
in:1890 out:1891 type:b dur:2 cpbdur:2 q:56.05 aq:52.48 tex:1544 mv:7832 misc:3896 imb:67 pmb:1084 smb:7009 d:- ref:0 ;
in:1895 out:1892 type:P dur:2 cpbdur:2 q:56.11 aq:48.61 tex:76348 mv:32998 misc:5718 imb:1620 pmb:2977 smb:3563 d:- ref:0 ;
in:1893 out:1893 type:B dur:2 cpbdur:2 q:56.08 aq:49.46 tex:3237 mv:12787 misc:4784 imb:145 pmb:1459 smb:6556 d:- ref:0 ;
in:1892 out:1894 type:b dur:2 cpbdur:2 q:56.07 aq:51.53 tex:1284 mv:8367 misc:3661 imb:62 pmb:912 smb:7186 d:- ref:0 ;
in:1894 out:1895 type:b dur:2 cpbdur:2 q:56.10 aq:53.56 tex:1125 mv:6233 misc:3146 imb:35 pmb:717 smb:7408 d:- ref:0 ;
in:1899 out:1896 type:P dur:2 cpbdur:2 q:56.19 aq:48.84 tex:31205 mv:17411 misc:6352 imb:753 pmb:1837 smb:5570 d:- ref:0 ;
in:1897 out:1897 type:B dur:2 cpbdur:2 q:56.15 aq:50.86 tex:2698 mv:10231 misc:4735 imb:153 pmb:1293 smb:6714 d:- ref:0 ;
in:1896 out:1898 type:b dur:2 cpbdur:2 q:56.13 aq:54.55 tex:1267 mv:6807 misc:3454 imb:47 pmb:890 smb:7223 d:- ref:0 ;
in:1898 out:1899 type:b dur:2 cpbdur:2 q:56.17 aq:53.11 tex:765 mv:3857 misc:2258 imb:30 pmb:507 smb:7623 d:- ref:0 ;
in:1901 out:1900 type:P dur:2 cpbdur:2 q:56.25 aq:48.88 tex:29335 mv:19166 misc:6379 imb:968 pmb:1821 smb:5371 d:- ref:0 w:0,1,1 ;
in:1900 out:1901 type:b dur:2 cpbdur:2 q:56.22 aq:53.03 tex:2006 mv:5534 misc:2612 imb:109 pmb:571 smb:7480 d:- ref:0 ;
in:1903 out:1902 type:P dur:2 cpbdur:2 q:56.28 aq:48.84 tex:36000 mv:20976 misc:6408 imb:1159 pmb:2074 smb:4927 d:- ref:0 ;
in:1902 out:1903 type:b dur:2 cpbdur:2 q:56.26 aq:53.40 tex:1080 mv:5836 misc:2884 imb:79 pmb:671 smb:7410 d:- ref:0 ;
in:1907 out:1904 type:P dur:2 cpbdur:2 q:56.30 aq:48.67 tex:32531 mv:22281 misc:6556 imb:1166 pmb:2091 smb:4903 d:- ref:0 ;
in:1905 out:1905 type:B dur:2 cpbdur:2 q:56.29 aq:50.28 tex:2408 mv:9052 misc:4076 imb:163 pmb:925 smb:7072 d:- ref:0 ;
in:1904 out:1906 type:b dur:2 cpbdur:2 q:56.28 aq:54.47 tex:675 mv:4342 misc:2391 imb:23 pmb:495 smb:7642 d:- ref:0 ;
in:1906 out:1907 type:b dur:2 cpbdur:2 q:56.30 aq:51.92 tex:1013 mv:5904 misc:3003 imb:68 pmb:668 smb:7424 d:- ref:0 ;
in:1911 out:1908 type:P dur:2 cpbdur:2 q:56.34 aq:48.98 tex:24979 mv:17365 misc:6200 imb:816 pmb:1753 smb:5591 d:- ref:0 ;
in:1909 out:1909 type:B dur:2 cpbdur:2 q:56.32 aq:52.08 tex:1857 mv:6200 misc:3375 imb:84 pmb:755 smb:7321 d:- ref:0 ;
in:1908 out:1910 type:b dur:2 cpbdur:2 q:56.31 aq:53.29 tex:796 mv:4163 misc:2273 imb:52 pmb:448 smb:7660 d:- ref:0 ;
in:1910 out:1911 type:b dur:2 cpbdur:2 q:56.33 aq:52.49 tex:548 mv:3046 misc:2526 imb:35 pmb:513 smb:7612 d:- ref:0 ;
in:1915 out:1912 type:P dur:2 cpbdur:2 q:56.39 aq:48.84 tex:25421 mv:16933 misc:5782 imb:1011 pmb:1606 smb:5543 d:- ref:0 ;
in:1913 out:1913 type:B dur:2 cpbdur:2 q:56.37 aq:51.52 tex:2253 mv:6897 misc:3106 imb:184 pmb:644 smb:7332 d:- ref:0 ;
in:1912 out:1914 type:b dur:2 cpbdur:2 q:56.35 aq:54.54 tex:1033 mv:3601 misc:2038 imb:47 pmb:410 smb:7703 d:- ref:0 ;
in:1914 out:1915 type:b dur:2 cpbdur:2 q:56.38 aq:52.03 tex:1095 mv:5223 misc:2674 imb:86 pmb:578 smb:7496 d:- ref:0 ;
in:1919 out:1916 type:P dur:2 cpbdur:2 q:56.41 aq:49.80 tex:26005 mv:18414 misc:5965 imb:850 pmb:1892 smb:5418 d:- ref:0 ;
in:1917 out:1917 type:B dur:2 cpbdur:2 q:56.40 aq:50.71 tex:2003 mv:8127 misc:4070 imb:149 pmb:1060 smb:6951 d:- ref:0 ;
in:1916 out:1918 type:b dur:2 cpbdur:2 q:56.39 aq:54.36 tex:1411 mv:5414 misc:2559 imb:126 pmb:480 smb:7554 d:- ref:0 ;
in:1918 out:1919 type:b dur:2 cpbdur:2 q:56.40 aq:57.42 tex:324 mv:1507 misc:1385 imb:7 pmb:180 smb:7973 d:- ref:0 ;
in:1923 out:1920 type:P dur:2 cpbdur:2 q:56.40 aq:50.22 tex:15425 mv:12278 misc:5273 imb:498 pmb:1348 smb:6314 d:- ref:0 ;
in:1921 out:1921 type:B dur:2 cpbdur:2 q:56.40 aq:51.76 tex:1910 mv:5680 misc:2898 imb:203 pmb:612 smb:7345 d:- ref:0 ;
in:1920 out:1922 type:b dur:2 cpbdur:2 q:56.41 aq:52.02 tex:992 mv:3029 misc:1963 imb:66 pmb:302 smb:7792 d:- ref:0 ;
in:1922 out:1923 type:b dur:2 cpbdur:2 q:56.40 aq:55.61 tex:677 mv:1977 misc:1522 imb:28 pmb:204 smb:7928 d:- ref:0 ;
in:1927 out:1924 type:P dur:2 cpbdur:2 q:56.36 aq:48.54 tex:17261 mv:15676 misc:5503 imb:684 pmb:1579 smb:5897 d:- ref:0 ;
in:1925 out:1925 type:B dur:2 cpbdur:2 q:56.38 aq:51.26 tex:4046 mv:8841 misc:3641 imb:235 pmb:812 smb:7113 d:- ref:0 ;
in:1924 out:1926 type:b dur:2 cpbdur:2 q:56.39 aq:52.96 tex:610 mv:4119 misc:2655 imb:22 pmb:586 smb:7552 d:- ref:0 ;
in:1926 out:1927 type:b dur:2 cpbdur:2 q:56.37 aq:52.38 tex:578 mv:4339 misc:2659 imb:28 pmb:596 smb:7536 d:- ref:0 ;
in:1931 out:1928 type:P dur:2 cpbdur:2 q:56.32 aq:50.31 tex:8557 mv:9406 misc:4581 imb:278 pmb:1061 smb:6821 d:- ref:0 ;
in:1929 out:1929 type:B dur:2 cpbdur:2 q:56.34 aq:50.43 tex:2357 mv:5897 misc:2410 imb:200 pmb:431 smb:7529 d:- ref:0 ;
in:1928 out:1930 type:b dur:2 cpbdur:2 q:56.35 aq:55.63 tex:531 mv:2798 misc:2327 imb:32 pmb:437 smb:7691 d:- ref:0 ;
in:1930 out:1931 type:b dur:2 cpbdur:2 q:56.33 aq:51.92 tex:1622 mv:5767 misc:3043 imb:102 pmb:628 smb:7430 d:- ref:0 ;
in:1935 out:1932 type:P dur:2 cpbdur:2 q:56.27 aq:49.77 tex:9144 mv:9983 misc:4489 imb:465 pmb:856 smb:6839 d:- ref:0 ;
in:1933 out:1933 type:B dur:2 cpbdur:2 q:56.29 aq:50.46 tex:3874 mv:10890 misc:3820 imb:249 pmb:918 smb:6993 d:- ref:0 ;
in:1932 out:1934 type:b dur:2 cpbdur:2 q:56.31 aq:52.78 tex:733 mv:4590 misc:2733 imb:39 pmb:609 smb:7512 d:- ref:0 ;
in:1934 out:1935 type:b dur:2 cpbdur:2 q:56.28 aq:53.03 tex:1223 mv:5351 misc:2554 imb:68 pmb:668 smb:7424 d:- ref:0 ;
in:1937 out:1936 type:P dur:2 cpbdur:2 q:56.20 aq:48.83 tex:8821 mv:9899 misc:4200 imb:498 pmb:793 smb:6869 d:- ref:0 ;
in:1936 out:1937 type:b dur:2 cpbdur:2 q:56.24 aq:52.05 tex:1116 mv:4215 misc:1837 imb:58 pmb:418 smb:7684 d:- ref:0 ;
in:1940 out:1938 type:P dur:2 cpbdur:2 q:56.19 aq:50.34 tex:10993 mv:16790 misc:5401 imb:522 pmb:1511 smb:6127 d:- ref:0 w:0,1,2 ;
in:1938 out:1939 type:B dur:2 cpbdur:2 q:56.20 aq:50.94 tex:4280 mv:13103 misc:4281 imb:312 pmb:1122 smb:6726 d:- ref:0 ;
in:1939 out:1940 type:b dur:2 cpbdur:2 q:56.19 aq:51.64 tex:2331 mv:10146 misc:4211 imb:136 pmb:1036 smb:6988 d:- ref:0 ;
in:1941 out:1941 type:P dur:2 cpbdur:2 q:56.13 aq:51.16 tex:7054 mv:12059 misc:4975 imb:459 pmb:1121 smb:6580 d:- ref:0 ;
in:1942 out:1942 type:P dur:2 cpbdur:2 q:56.12 aq:51.65 tex:17348 mv:19126 misc:5654 imb:1068 pmb:1614 smb:5478 d:- ref:0 ;
in:1943 out:1943 type:P dur:2 cpbdur:2 q:56.11 aq:52.20 tex:20844 mv:22183 misc:5661 imb:1200 pmb:1779 smb:5181 d:- ref:0 ;
in:1944 out:1944 type:P dur:2 cpbdur:2 q:56.09 aq:52.30 tex:24366 mv:24519 misc:5427 imb:1015 pmb:2050 smb:5095 d:- ref:0 ;
in:1945 out:1945 type:P dur:2 cpbdur:2 q:56.09 aq:52.89 tex:23008 mv:23823 misc:5377 imb:1052 pmb:1952 smb:5156 d:- ref:0 ;
in:1946 out:1946 type:P dur:2 cpbdur:2 q:56.08 aq:51.79 tex:20739 mv:23896 misc:5773 imb:1275 pmb:1843 smb:5042 d:- ref:0 ;
in:1947 out:1947 type:P dur:2 cpbdur:2 q:56.07 aq:51.59 tex:20731 mv:24331 misc:5922 imb:1686 pmb:1613 smb:4861 d:- ref:0 ;
in:1948 out:1948 type:P dur:2 cpbdur:2 q:56.06 aq:51.59 tex:17599 mv:22865 misc:5752 imb:1516 pmb:1582 smb:5062 d:- ref:0 ;
in:1949 out:1949 type:P dur:2 cpbdur:2 q:56.06 aq:52.48 tex:28712 mv:23767 misc:5481 imb:1998 pmb:1362 smb:4800 d:- ref:0 ;
in:1950 out:1950 type:P dur:2 cpbdur:2 q:56.05 aq:51.97 tex:20041 mv:21261 misc:5834 imb:1530 pmb:1367 smb:5263 d:- ref:0 ;
in:1951 out:1951 type:P dur:2 cpbdur:2 q:56.04 aq:51.83 tex:18510 mv:22339 misc:5815 imb:1980 pmb:1302 smb:4878 d:- ref:0 ;
in:1952 out:1952 type:P dur:2 cpbdur:2 q:56.03 aq:51.92 tex:18058 mv:21314 misc:5740 imb:1888 pmb:1136 smb:5136 d:- ref:0 ;
in:1954 out:1953 type:P dur:2 cpbdur:2 q:56.02 aq:51.21 tex:36843 mv:26311 misc:4678 imb:3500 pmb:987 smb:3673 d:- ref:0 ;
in:1953 out:1954 type:b dur:2 cpbdur:2 q:56.02 aq:53.16 tex:8401 mv:21915 misc:5588 imb:729 pmb:1489 smb:5942 d:- ref:0 ;
in:1955 out:1955 type:P dur:2 cpbdur:2 q:55.99 aq:50.25 tex:17142 mv:19861 misc:5773 imb:2013 pmb:1064 smb:5083 d:- ref:0 w:0,1,-1 ;
in:1956 out:1956 type:P dur:2 cpbdur:2 q:55.98 aq:50.93 tex:15690 mv:17718 misc:5248 imb:1628 pmb:927 smb:5605 d:- ref:0 ;
in:1957 out:1957 type:P dur:2 cpbdur:2 q:55.97 aq:51.38 tex:17586 mv:18160 misc:5038 imb:2129 pmb:860 smb:5171 d:- ref:0 ;
in:1959 out:1958 type:P dur:2 cpbdur:2 q:55.96 aq:50.64 tex:32212 mv:22277 misc:4567 imb:3178 pmb:752 smb:4230 d:- ref:0 ;
in:1958 out:1959 type:b dur:2 cpbdur:2 q:55.97 aq:51.83 tex:10724 mv:18959 misc:4973 imb:787 pmb:1267 smb:6106 d:- ref:0 ;
in:1960 out:1960 type:P dur:2 cpbdur:2 q:55.93 aq:51.90 tex:19738 mv:17757 misc:5025 imb:1832 pmb:820 smb:5508 d:- ref:0 ;
in:1961 out:1961 type:I dur:2 cpbdur:2 q:53.19 aq:46.24 tex:76642 mv:35611 misc:667 imb:8160 pmb:0 smb:0 d:- ref:;
in:1962 out:1962 type:P dur:2 cpbdur:2 q:55.95 aq:53.05 tex:11103 mv:14786 misc:4447 imb:1149 pmb:860 smb:6151 d:- ref:0 ;
in:1963 out:1963 type:P dur:2 cpbdur:2 q:55.95 aq:51.40 tex:13240 mv:16441 misc:4823 imb:1437 pmb:862 smb:5861 d:- ref:0 ;
in:1965 out:1964 type:P dur:2 cpbdur:2 q:55.94 aq:52.72 tex:29206 mv:24643 misc:4815 imb:2701 pmb:1051 smb:4408 d:- ref:0 ;
in:1964 out:1965 type:b dur:2 cpbdur:2 q:55.95 aq:53.55 tex:6171 mv:15092 misc:4633 imb:435 pmb:1234 smb:6491 d:- ref:0 ;
in:1966 out:1966 type:P dur:2 cpbdur:2 q:55.94 aq:52.21 tex:16419 mv:18427 misc:5602 imb:1340 pmb:1065 smb:5755 d:- ref:0 ;
in:1969 out:1967 type:P dur:2 cpbdur:2 q:55.95 aq:50.56 tex:41279 mv:29081 misc:5192 imb:3175 pmb:1137 smb:3848 d:- ref:0 ;
in:1967 out:1968 type:B dur:2 cpbdur:2 q:55.94 aq:53.31 tex:11437 mv:20622 misc:5653 imb:626 pmb:1545 smb:5989 d:- ref:0 ;
in:1968 out:1969 type:b dur:2 cpbdur:2 q:55.95 aq:53.60 tex:9173 mv:17386 misc:4729 imb:531 pmb:1232 smb:6397 d:- ref:0 ;
in:1972 out:1970 type:P dur:2 cpbdur:2 q:56.00 aq:52.48 tex:65771 mv:27069 misc:3632 imb:3856 pmb:661 smb:3643 d:- ref:0 ;
in:1970 out:1971 type:B dur:2 cpbdur:2 q:55.97 aq:53.67 tex:11196 mv:18496 misc:5092 imb:521 pmb:1381 smb:6258 d:- ref:0 ;
in:1971 out:1972 type:b dur:2 cpbdur:2 q:55.98 aq:53.73 tex:19281 mv:21250 misc:5317 imb:928 pmb:1483 smb:5749 d:- ref:0 ;
in:1974 out:1973 type:P dur:2 cpbdur:2 q:56.07 aq:52.87 tex:35137 mv:26567 misc:5912 imb:2248 pmb:1325 smb:4587 d:- ref:0 ;
in:1973 out:1974 type:b dur:2 cpbdur:2 q:56.03 aq:53.22 tex:16461 mv:22360 misc:5523 imb:755 pmb:1637 smb:5768 d:- ref:0 ;
in:1978 out:1975 type:P dur:2 cpbdur:2 q:56.11 aq:52.73 tex:96267 mv:38693 misc:3352 imb:5216 pmb:1168 smb:1776 d:- ref:0 ;
in:1976 out:1976 type:B dur:2 cpbdur:2 q:56.09 aq:54.75 tex:38118 mv:37283 misc:5975 imb:1394 pmb:2327 smb:4439 d:- ref:0 ;
in:1975 out:1977 type:b dur:2 cpbdur:2 q:56.08 aq:53.72 tex:15646 mv:22628 misc:5846 imb:685 pmb:1713 smb:5762 d:- ref:0 ;
in:1977 out:1978 type:b dur:2 cpbdur:2 q:56.10 aq:56.40 tex:20431 mv:23702 misc:5627 imb:833 pmb:1729 smb:5598 d:- ref:0 ;
in:1981 out:1979 type:P dur:2 cpbdur:2 q:56.23 aq:51.50 tex:101106 mv:41207 misc:4271 imb:4529 pmb:1570 smb:2061 d:- ref:0 ;
in:1979 out:1980 type:B dur:2 cpbdur:2 q:56.15 aq:54.60 tex:20971 mv:23691 misc:6482 imb:574 pmb:2069 smb:5517 d:- ref:0 ;
in:1980 out:1981 type:b dur:2 cpbdur:2 q:56.19 aq:56.16 tex:27391 mv:25354 misc:6023 imb:567 pmb:2319 smb:5274 d:- ref:0 ;
in:1982 out:1982 type:P dur:2 cpbdur:2 q:56.36 aq:51.80 tex:17853 mv:18479 misc:6436 imb:1106 pmb:1390 smb:5664 d:- ref:0 ;
in:1983 out:1983 type:P dur:2 cpbdur:2 q:56.39 aq:51.76 tex:26826 mv:20490 misc:6524 imb:1322 pmb:1574 smb:5264 d:- ref:0 ;
in:1984 out:1984 type:P dur:2 cpbdur:2 q:56.43 aq:51.59 tex:19920 mv:18698 misc:6534 imb:1360 pmb:1230 smb:5570 d:- ref:0 ;
in:1985 out:1985 type:P dur:2 cpbdur:2 q:56.46 aq:51.65 tex:35778 mv:28337 misc:6365 imb:1804 pmb:1901 smb:4455 d:- ref:0 ;
in:1986 out:1986 type:P dur:2 cpbdur:2 q:56.50 aq:50.45 tex:18250 mv:17445 misc:6361 imb:1141 pmb:1219 smb:5800 d:- ref:0 ;
in:1987 out:1987 type:P dur:2 cpbdur:2 q:56.52 aq:50.40 tex:22707 mv:21265 misc:6804 imb:1715 pmb:1323 smb:5122 d:- ref:0 ;
in:1989 out:1988 type:P dur:2 cpbdur:2 q:56.55 aq:50.60 tex:31058 mv:27712 misc:6878 imb:2368 pmb:1715 smb:4077 d:- ref:0 ;
in:1988 out:1989 type:b dur:2 cpbdur:2 q:56.54 aq:53.78 tex:11863 mv:17406 misc:5707 imb:562 pmb:1508 smb:6090 d:- ref:0 ;
in:1990 out:1990 type:P dur:2 cpbdur:2 q:56.60 aq:51.58 tex:21841 mv:19438 misc:6417 imb:1637 pmb:1138 smb:5385 d:- ref:0 ;
in:1991 out:1991 type:P dur:2 cpbdur:2 q:56.63 aq:52.29 tex:37600 mv:25900 misc:6420 imb:1672 pmb:1825 smb:4663 d:- ref:0 ;
in:1992 out:1992 type:P dur:2 cpbdur:2 q:56.66 aq:52.07 tex:23750 mv:19004 misc:6126 imb:1270 pmb:1295 smb:5595 d:- ref:0 ;
in:1993 out:1993 type:P dur:2 cpbdur:2 q:56.68 aq:52.01 tex:20271 mv:17859 misc:5886 imb:1277 pmb:1148 smb:5735 d:- ref:0 ;
in:1994 out:1994 type:P dur:2 cpbdur:2 q:56.71 aq:51.44 tex:11697 mv:14519 misc:5328 imb:1095 pmb:899 smb:6166 d:- ref:0 ;
in:1995 out:1995 type:P dur:2 cpbdur:2 q:56.72 aq:51.80 tex:19234 mv:18027 misc:6107 imb:1188 pmb:1167 smb:5805 d:- ref:0 ;
in:1996 out:1996 type:P dur:2 cpbdur:2 q:56.75 aq:52.61 tex:38886 mv:22302 misc:6116 imb:1626 pmb:1427 smb:5107 d:- ref:0 ;
in:1998 out:1997 type:P dur:2 cpbdur:2 q:56.77 aq:52.17 tex:33244 mv:22216 misc:6268 imb:1623 pmb:1404 smb:5133 d:- ref:0 ;
in:1997 out:1998 type:b dur:2 cpbdur:2 q:56.76 aq:55.32 tex:8560 mv:11430 misc:4826 imb:303 pmb:1174 smb:6683 d:- ref:0 ;
in:1999 out:1999 type:P dur:2 cpbdur:2 q:56.84 aq:51.46 tex:29353 mv:19747 misc:6492 imb:1163 pmb:1546 smb:5451 d:- ref:0 ;
in:2000 out:2000 type:P dur:2 cpbdur:2 q:56.88 aq:52.39 tex:19986 mv:15594 misc:5844 imb:843 pmb:1271 smb:6046 d:- ref:0 ;
in:2001 out:2001 type:P dur:2 cpbdur:2 q:56.90 aq:52.00 tex:15655 mv:13142 misc:5523 imb:687 pmb:1090 smb:6383 d:- ref:0 w:0,1,-1 ;
in:2002 out:2002 type:P dur:2 cpbdur:2 q:56.92 aq:51.95 tex:17603 mv:15818 misc:5867 imb:950 pmb:1151 smb:6059 d:- ref:0 ;
in:2003 out:2003 type:P dur:2 cpbdur:2 q:56.94 aq:52.61 tex:20697 mv:15864 misc:5799 imb:968 pmb:1197 smb:5995 d:- ref:0 w:0,1,-1 ;
in:2004 out:2004 type:P dur:2 cpbdur:2 q:56.94 aq:52.59 tex:15473 mv:14225 misc:5822 imb:723 pmb:1204 smb:6233 d:- ref:0 w:0,1,-1,6,65,-2,64,0 ;
in:2005 out:2005 type:P dur:2 cpbdur:2 q:56.96 aq:51.72 tex:26251 mv:18374 misc:6495 imb:1261 pmb:1365 smb:5534 d:- ref:0 w:0,1,-1,6,65,-2,64,0 ;
in:2007 out:2006 type:P dur:2 cpbdur:2 q:56.96 aq:51.51 tex:85693 mv:29806 misc:6085 imb:2185 pmb:1756 smb:4219 d:- ref:0 ;
in:2006 out:2007 type:b dur:2 cpbdur:2 q:56.96 aq:55.95 tex:7132 mv:11001 misc:4091 imb:190 pmb:1096 smb:6874 d:- ref:0 ;
in:2008 out:2008 type:P dur:2 cpbdur:2 q:56.98 aq:51.01 tex:37641 mv:20739 misc:6724 imb:1336 pmb:1655 smb:5169 d:- ref:0 ;
in:2012 out:2009 type:P dur:2 cpbdur:2 q:56.98 aq:48.86 tex:73321 mv:37154 misc:5069 imb:3991 pmb:2273 smb:1896 d:- ref:0 ;
in:2010 out:2010 type:B dur:2 cpbdur:2 q:56.98 aq:53.52 tex:7643 mv:12146 misc:4475 imb:259 pmb:1072 smb:6829 d:- ref:0 ;
in:2009 out:2011 type:b dur:2 cpbdur:2 q:56.98 aq:55.94 tex:5155 mv:9082 misc:3531 imb:160 pmb:843 smb:7157 d:- ref:0 ;
in:2011 out:2012 type:b dur:2 cpbdur:2 q:56.98 aq:56.84 tex:3984 mv:5494 misc:2818 imb:102 pmb:532 smb:7526 d:- ref:0 ;
in:2016 out:2013 type:P dur:2 cpbdur:2 q:57.01 aq:50.07 tex:60334 mv:29984 misc:6306 imb:1815 pmb:2101 smb:4244 d:- ref:0 ;
in:2014 out:2014 type:B dur:2 cpbdur:2 q:57.00 aq:52.07 tex:10612 mv:12983 misc:4965 imb:242 pmb:1240 smb:6678 d:- ref:0 ;
in:2013 out:2015 type:b dur:2 cpbdur:2 q:56.99 aq:57.05 tex:2794 mv:5651 misc:2963 imb:45 pmb:613 smb:7502 d:- ref:0 ;
in:2015 out:2016 type:b dur:2 cpbdur:2 q:57.00 aq:56.92 tex:2108 mv:5885 misc:2743 imb:76 pmb:608 smb:7476 d:- ref:0 ;
in:2018 out:2017 type:P dur:2 cpbdur:2 q:57.04 aq:50.80 tex:60098 mv:22299 misc:5867 imb:841 pmb:2272 smb:5047 d:- ref:0 ;
in:2017 out:2018 type:b dur:2 cpbdur:2 q:57.03 aq:52.30 tex:521 mv:3935 misc:2408 imb:10 pmb:561 smb:7589 d:- ref:0 ;
in:2022 out:2019 type:P dur:2 cpbdur:2 q:57.05 aq:50.36 tex:40730 mv:16619 misc:6115 imb:645 pmb:1743 smb:5772 d:- ref:0 ;
in:2020 out:2020 type:B dur:2 cpbdur:2 q:57.05 aq:47.24 tex:2861 mv:6766 misc:3565 imb:112 pmb:749 smb:7299 d:- ref:0 ;
in:2019 out:2021 type:b dur:2 cpbdur:2 q:57.04 aq:51.67 tex:458 mv:3005 misc:1753 imb:11 pmb:344 smb:7805 d:- ref:0 ;
in:2021 out:2022 type:b dur:2 cpbdur:2 q:57.05 aq:50.29 tex:486 mv:2762 misc:1608 imb:11 pmb:299 smb:7850 d:- ref:0 ;
in:2025 out:2023 type:P dur:2 cpbdur:2 q:57.06 aq:50.25 tex:34156 mv:18002 misc:6418 imb:1205 pmb:1496 smb:5459 d:- ref:0 ;
in:2023 out:2024 type:B dur:2 cpbdur:2 q:57.05 aq:52.21 tex:1456 mv:4600 misc:2208 imb:55 pmb:462 smb:7643 d:- ref:0 ;
in:2024 out:2025 type:b dur:2 cpbdur:2 q:57.05 aq:48.98 tex:2885 mv:5197 misc:2574 imb:105 pmb:528 smb:7527 d:- ref:0 ;
in:2028 out:2026 type:P dur:2 cpbdur:2 q:57.06 aq:49.40 tex:43435 mv:21909 misc:6416 imb:1170 pmb:1844 smb:5146 d:- ref:0 ;
in:2026 out:2027 type:B dur:2 cpbdur:2 q:57.06 aq:52.83 tex:1463 mv:5256 misc:2601 imb:50 pmb:561 smb:7549 d:- ref:0 ;
in:2027 out:2028 type:b dur:2 cpbdur:2 q:57.06 aq:51.76 tex:391 mv:2712 misc:1985 imb:19 pmb:374 smb:7767 d:- ref:0 ;
in:2030 out:2029 type:P dur:2 cpbdur:2 q:57.08 aq:49.94 tex:27497 mv:16734 misc:6377 imb:871 pmb:1524 smb:5765 d:- ref:0 ;
in:2029 out:2030 type:b dur:2 cpbdur:2 q:57.07 aq:55.14 tex:902 mv:3592 misc:2026 imb:29 pmb:396 smb:7735 d:- ref:0 ;
in:2034 out:2031 type:P dur:2 cpbdur:2 q:57.11 aq:50.20 tex:46084 mv:23868 misc:6504 imb:1241 pmb:2011 smb:4908 d:- ref:0 ;
in:2032 out:2032 type:B dur:2 cpbdur:2 q:57.09 aq:51.77 tex:5170 mv:9222 misc:3752 imb:182 pmb:819 smb:7159 d:- ref:0 ;
in:2031 out:2033 type:b dur:2 cpbdur:2 q:57.08 aq:55.65 tex:2450 mv:5329 misc:2565 imb:76 pmb:575 smb:7509 d:- ref:0 ;
in:2033 out:2034 type:b dur:2 cpbdur:2 q:57.10 aq:53.09 tex:734 mv:3215 misc:1787 imb:41 pmb:344 smb:7775 d:- ref:0 ;
in:2038 out:2035 type:P dur:2 cpbdur:2 q:57.16 aq:49.45 tex:28976 mv:17606 misc:6154 imb:748 pmb:1583 smb:5829 d:- ref:0 ;
in:2036 out:2036 type:B dur:2 cpbdur:2 q:57.13 aq:50.40 tex:5901 mv:8975 misc:3052 imb:338 pmb:595 smb:7227 d:- ref:0 ;
in:2035 out:2037 type:b dur:2 cpbdur:2 q:57.12 aq:53.88 tex:2165 mv:6190 misc:2973 imb:130 pmb:671 smb:7359 d:- ref:0 ;
in:2037 out:2038 type:b dur:2 cpbdur:2 q:57.15 aq:54.34 tex:1104 mv:3827 misc:2421 imb:52 pmb:470 smb:7638 d:- ref:0 ;
in:2042 out:2039 type:P dur:2 cpbdur:2 q:57.17 aq:49.58 tex:21969 mv:16440 misc:6007 imb:794 pmb:1420 smb:5946 d:- ref:0 ;
in:2040 out:2040 type:B dur:2 cpbdur:2 q:57.17 aq:55.55 tex:5217 mv:7429 misc:2634 imb:202 pmb:574 smb:7384 d:- ref:0 ;
in:2039 out:2041 type:b dur:2 cpbdur:2 q:57.16 aq:57.20 tex:1679 mv:3324 misc:2221 imb:38 pmb:419 smb:7703 d:- ref:0 ;
in:2041 out:2042 type:b dur:2 cpbdur:2 q:57.17 aq:55.44 tex:1222 mv:2301 misc:1349 imb:60 pmb:227 smb:7873 d:- ref:0 ;
in:2046 out:2043 type:P dur:2 cpbdur:2 q:57.17 aq:51.05 tex:26365 mv:15248 misc:5867 imb:924 pmb:1319 smb:5917 d:- ref:0 ;
in:2044 out:2044 type:B dur:2 cpbdur:2 q:57.17 aq:52.06 tex:5215 mv:8579 misc:3174 imb:254 pmb:700 smb:7206 d:- ref:0 ;
in:2043 out:2045 type:b dur:2 cpbdur:2 q:57.17 aq:57.02 tex:706 mv:2031 misc:1383 imb:26 pmb:265 smb:7869 d:- ref:0 ;
in:2045 out:2046 type:b dur:2 cpbdur:2 q:57.17 aq:56.07 tex:1935 mv:1978 misc:1047 imb:137 pmb:122 smb:7901 d:- ref:0 ;
in:2050 out:2047 type:P dur:2 cpbdur:2 q:57.14 aq:49.71 tex:20543 mv:15176 misc:5849 imb:711 pmb:1435 smb:6014 d:- ref:0 ;
in:2048 out:2048 type:B dur:2 cpbdur:2 q:57.16 aq:51.44 tex:3514 mv:6730 misc:3108 imb:180 pmb:586 smb:7394 d:- ref:0 ;
in:2047 out:2049 type:b dur:2 cpbdur:2 q:57.16 aq:58.06 tex:1680 mv:2028 misc:1156 imb:63 pmb:183 smb:7914 d:- ref:0 ;
in:2049 out:2050 type:b dur:2 cpbdur:2 q:57.15 aq:57.84 tex:718 mv:1344 misc:954 imb:38 pmb:130 smb:7992 d:- ref:0 ;
in:2054 out:2051 type:P dur:2 cpbdur:2 q:57.12 aq:50.05 tex:15540 mv:11388 misc:5416 imb:588 pmb:1081 smb:6491 d:- ref:0 ;
in:2052 out:2052 type:B dur:2 cpbdur:2 q:57.13 aq:53.28 tex:4062 mv:6819 misc:2983 imb:166 pmb:567 smb:7427 d:- ref:0 ;
in:2051 out:2053 type:b dur:2 cpbdur:2 q:57.13 aq:58.28 tex:784 mv:1325 misc:979 imb:31 pmb:137 smb:7992 d:- ref:0 ;
in:2053 out:2054 type:b dur:2 cpbdur:2 q:57.12 aq:56.21 tex:966 mv:1983 misc:1307 imb:30 pmb:199 smb:7931 d:- ref:0 ;
in:2058 out:2055 type:P dur:2 cpbdur:2 q:57.09 aq:50.05 tex:15138 mv:11311 misc:5239 imb:464 pmb:1155 smb:6541 d:- ref:0 ;
in:2056 out:2056 type:B dur:2 cpbdur:2 q:57.10 aq:50.86 tex:4799 mv:6731 misc:2550 imb:154 pmb:546 smb:7460 d:- ref:0 ;
in:2055 out:2057 type:b dur:2 cpbdur:2 q:57.11 aq:54.35 tex:1199 mv:1555 misc:1158 imb:20 pmb:201 smb:7939 d:- ref:0 ;
in:2057 out:2058 type:b dur:2 cpbdur:2 q:57.09 aq:55.68 tex:827 mv:1704 misc:1333 imb:13 pmb:215 smb:7932 d:- ref:0 ;
in:2062 out:2059 type:P dur:2 cpbdur:2 q:57.04 aq:50.62 tex:16688 mv:11748 misc:5228 imb:520 pmb:1177 smb:6463 d:- ref:0 ;
in:2060 out:2060 type:B dur:2 cpbdur:2 q:57.07 aq:53.34 tex:6259 mv:6936 misc:2589 imb:202 pmb:554 smb:7404 d:- ref:0 ;
in:2059 out:2061 type:b dur:2 cpbdur:2 q:57.08 aq:55.65 tex:1160 mv:1769 misc:1471 imb:14 pmb:245 smb:7901 d:- ref:0 ;
in:2061 out:2062 type:b dur:2 cpbdur:2 q:57.05 aq:54.76 tex:1504 mv:1423 misc:993 imb:70 pmb:149 smb:7941 d:- ref:0 ;
in:2066 out:2063 type:P dur:2 cpbdur:2 q:57.00 aq:51.46 tex:41968 mv:16370 misc:5542 imb:945 pmb:1404 smb:5811 d:- ref:0 ;
in:2064 out:2064 type:B dur:2 cpbdur:2 q:57.02 aq:50.11 tex:5411 mv:6728 misc:2765 imb:206 pmb:625 smb:7329 d:- ref:0 ;
in:2063 out:2065 type:b dur:2 cpbdur:2 q:57.03 aq:54.45 tex:2011 mv:2631 misc:1550 imb:92 pmb:234 smb:7834 d:- ref:0 ;
in:2065 out:2066 type:b dur:2 cpbdur:2 q:57.01 aq:55.90 tex:1729 mv:1576 misc:1063 imb:83 pmb:158 smb:7919 d:- ref:0 ;
in:2070 out:2067 type:P dur:2 cpbdur:2 q:56.97 aq:52.45 tex:7517 mv:7480 misc:4579 imb:144 pmb:1083 smb:6933 d:- ref:0 ;
in:2068 out:2068 type:B dur:2 cpbdur:2 q:56.99 aq:41.18 tex:142 mv:299 misc:655 imb:5 pmb:44 smb:8111 d:- ref:0 ;
in:2067 out:2069 type:b dur:2 cpbdur:2 q:56.99 aq:51.23 tex:33 mv:53 misc:466 imb:0 pmb:12 smb:8148 d:- ref:0 ;
in:2069 out:2070 type:b dur:2 cpbdur:2 q:56.98 aq:41.33 tex:37 mv:6 misc:405 imb:0 pmb:1 smb:8159 d:- ref:0 ;
in:2074 out:2071 type:P dur:2 cpbdur:2 q:56.93 aq:53.36 tex:7435 mv:7260 misc:3993 imb:306 pmb:788 smb:7066 d:- ref:0 w:0,1,1 ;
in:2072 out:2072 type:B dur:2 cpbdur:2 q:56.95 aq:43.62 tex:203 mv:770 misc:1091 imb:12 pmb:160 smb:7988 d:- ref:0 ;
in:2071 out:2073 type:b dur:2 cpbdur:2 q:56.96 aq:51.00 tex:0 mv:0 misc:392 imb:0 pmb:0 smb:8160 d:- ref:0 ;
in:2073 out:2074 type:b dur:2 cpbdur:2 q:56.94 aq:54.08 tex:102 mv:555 misc:959 imb:2 pmb:144 smb:8014 d:- ref:0 ;
in:2078 out:2075 type:P dur:2 cpbdur:2 q:56.87 aq:50.42 tex:18528 mv:11374 misc:4474 imb:783 pmb:875 smb:6502 d:- ref:0 w:0,1,1 ;
in:2076 out:2076 type:B dur:2 cpbdur:2 q:56.90 aq:50.52 tex:3482 mv:6023 misc:2847 imb:159 pmb:541 smb:7460 d:- ref:0 ;
in:2075 out:2077 type:b dur:2 cpbdur:2 q:56.91 aq:57.09 tex:2869 mv:2101 misc:1230 imb:76 pmb:214 smb:7870 d:- ref:0 ;
in:2077 out:2078 type:b dur:2 cpbdur:2 q:56.89 aq:54.13 tex:1825 mv:2296 misc:1111 imb:77 pmb:192 smb:7891 d:- ref:0 ;
in:2080 out:2079 type:P dur:2 cpbdur:2 q:56.82 aq:50.59 tex:38944 mv:20631 misc:4569 imb:3030 pmb:1241 smb:3889 d:- ref:0 ;
in:2079 out:2080 type:b dur:2 cpbdur:2 q:56.85 aq:50.09 tex:1248 mv:3069 misc:1987 imb:205 pmb:293 smb:7662 d:- ref:0 ;
in:2084 out:2081 type:P dur:2 cpbdur:2 q:56.81 aq:50.21 tex:106698 mv:34407 misc:2863 imb:5873 pmb:1458 smb:829 d:- ref:0 ;
in:2082 out:2082 type:B dur:2 cpbdur:2 q:56.82 aq:49.85 tex:10996 mv:13768 misc:4476 imb:914 pmb:920 smb:6326 d:- ref:0 ;
in:2081 out:2083 type:b dur:2 cpbdur:2 q:56.82 aq:52.09 tex:5942 mv:6543 misc:3643 imb:366 pmb:716 smb:7078 d:- ref:0 ;
in:2083 out:2084 type:b dur:2 cpbdur:2 q:56.81 aq:50.55 tex:53 mv:47 misc:444 imb:1 pmb:5 smb:8154 d:- ref:0 ;
in:2088 out:2085 type:P dur:2 cpbdur:2 q:56.80 aq:49.94 tex:49281 mv:23055 misc:6304 imb:2117 pmb:1851 smb:4192 d:- ref:0 w:0,1,7,6,68,-8,67,-6 ;
in:2086 out:2086 type:B dur:2 cpbdur:2 q:56.80 aq:54.17 tex:2535 mv:5746 misc:2607 imb:84 pmb:583 smb:7493 d:- ref:0 ;
in:2085 out:2087 type:b dur:2 cpbdur:2 q:56.81 aq:51.52 tex:316 mv:1034 misc:1202 imb:19 pmb:177 smb:7964 d:- ref:0 ;
in:2087 out:2088 type:b dur:2 cpbdur:2 q:56.80 aq:56.17 tex:2619 mv:2893 misc:1184 imb:75 pmb:226 smb:7859 d:- ref:0 ;
in:2092 out:2089 type:P dur:2 cpbdur:2 q:56.78 aq:49.78 tex:39556 mv:20174 misc:6806 imb:1684 pmb:1582 smb:4894 d:- ref:0 w:0,1,4,5,33,-2,34,-8 ;
in:2090 out:2090 type:B dur:2 cpbdur:2 q:56.79 aq:52.42 tex:2227 mv:5479 misc:2582 imb:72 pmb:555 smb:7533 d:- ref:0 ;
in:2089 out:2091 type:b dur:2 cpbdur:2 q:56.80 aq:56.73 tex:1412 mv:1760 misc:1164 imb:18 pmb:227 smb:7915 d:- ref:0 ;
in:2091 out:2092 type:b dur:2 cpbdur:2 q:56.79 aq:56.53 tex:815 mv:1683 misc:1190 imb:19 pmb:213 smb:7928 d:- ref:0 ;
in:2096 out:2093 type:P dur:2 cpbdur:2 q:56.73 aq:49.32 tex:23823 mv:17489 misc:6728 imb:1196 pmb:1419 smb:5545 d:- ref:0 w:6,63,3,6,66,-2,65,-3 ;
in:2094 out:2094 type:B dur:2 cpbdur:2 q:56.76 aq:51.76 tex:1353 mv:3912 misc:2351 imb:31 pmb:406 smb:7723 d:- ref:0 ;
in:2093 out:2095 type:b dur:2 cpbdur:2 q:56.77 aq:57.89 tex:99 mv:67 misc:450 imb:2 pmb:6 smb:8152 d:- ref:0 ;
in:2095 out:2096 type:b dur:2 cpbdur:2 q:56.74 aq:56.12 tex:149 mv:692 misc:839 imb:2 pmb:87 smb:8071 d:- ref:0 ;
in:2100 out:2097 type:P dur:2 cpbdur:2 q:56.67 aq:49.93 tex:34050 mv:20871 misc:6335 imb:2076 pmb:1588 smb:4496 d:- ref:0 ;
in:2098 out:2098 type:B dur:2 cpbdur:2 q:56.70 aq:52.42 tex:1610 mv:5771 misc:2587 imb:57 pmb:540 smb:7563 d:- ref:0 ;
in:2097 out:2099 type:b dur:2 cpbdur:2 q:56.72 aq:57.75 tex:1616 mv:2322 misc:1166 imb:54 pmb:209 smb:7897 d:- ref:0 ;
in:2099 out:2100 type:b dur:2 cpbdur:2 q:56.69 aq:56.60 tex:498 mv:1313 misc:901 imb:4 pmb:116 smb:8040 d:- ref:0 ;
in:2104 out:2101 type:P dur:2 cpbdur:2 q:56.63 aq:49.87 tex:26708 mv:22883 misc:7065 imb:2519 pmb:1551 smb:4090 d:- ref:0 ;
in:2102 out:2102 type:B dur:2 cpbdur:2 q:56.65 aq:55.75 tex:3611 mv:5088 misc:2725 imb:70 pmb:617 smb:7473 d:- ref:0 ;
in:2101 out:2103 type:b dur:2 cpbdur:2 q:56.66 aq:51.75 tex:449 mv:1125 misc:1282 imb:8 pmb:219 smb:7933 d:- ref:0 ;
in:2103 out:2104 type:b dur:2 cpbdur:2 q:56.64 aq:55.25 tex:546 mv:1268 misc:1546 imb:12 pmb:283 smb:7865 d:- ref:0 ;
in:2108 out:2105 type:P dur:2 cpbdur:2 q:56.67 aq:53.45 tex:11182 mv:10195 misc:4839 imb:970 pmb:635 smb:6555 d:- ref:0 ;
in:2106 out:2106 type:B dur:2 cpbdur:2 q:56.65 aq:53.80 tex:4216 mv:6268 misc:3580 imb:76 pmb:751 smb:7333 d:- ref:0 ;
in:2105 out:2107 type:b dur:2 cpbdur:2 q:56.64 aq:59.33 tex:719 mv:1736 misc:1385 imb:10 pmb:195 smb:7955 d:- ref:0 ;
in:2107 out:2108 type:b dur:2 cpbdur:2 q:56.66 aq:57.24 tex:3010 mv:5716 misc:2634 imb:124 pmb:493 smb:7543 d:- ref:0 ;
